2026-08-04 00:04:35,426 INFO org.apache.hadoop.yarn.server.resourcemanager.ResourceManager: STARTUP_MSG: 
/************************************************************
STARTUP_MSG: Starting ResourceManager
STARTUP_MSG:   host = ubuntu/127.0.1.1
STARTUP_MSG:   args = []
STARTUP_MSG:   version = 2.5.1
STARTUP_MSG:   classpath = /home/user/bigdata/hadoop-2.5.1/etc/hadoop:/home/user/bigdata/hadoop-2.5.1/etc/hadoop:/home/user/bigdata/hadoop-2.5.1/etc/hadoop:/home/user/bigdata/hadoop-2.5.1/share/hadoop/common/lib/jetty-util-6.1.26.jar:/home/user/bigdata/hadoop-2.5.1/share/hadoop/common/lib/apacheds-kerberos-codec-2.0.0-M15.jar:/home/user/bigdata/hadoop-2.5.1/share/hadoop/common/lib/commons-collections-3.2.1.jar:/home/user/bigdata/hadoop-2.5.1/share/hadoop/common/lib/jackson-core-asl-1.9.13.jar:/home/user/bigdata/hadoop-2.5.1/share/hadoop/common/lib/slf4j-log4j12-1.7.5.jar:/home/user/bigdata/hadoop-2.5.1/share/hadoop/common/lib/zookeeper-3.4.6.jar:/home/user/bigdata/hadoop-2.5.1/share/hadoop/common/lib/hadoop-auth-2.5.1.jar:/home/user/bigdata/hadoop-2.5.1/share/hadoop/common/lib/junit-4.11.jar:/home/user/bigdata/hadoop-2.5.1/share/hadoop/common/lib/api-util-1.0.0-M20.jar:/home/user/bigdata/hadoop-2.5.1/share/hadoop/common/lib/api-asn1-api-1.0.0-M20.jar:/home/user/bigdata/hadoop-2.5.1/share/hadoop/common/lib/jersey-core-1.9.jar:/home/user/bigdata/hadoop-2.5.1/share/hadoop/common/lib/commons-math3-3.1.1.jar:/home/user/bigdata/hadoop-2.5.1/share/hadoop/common/lib/jaxb-api-2.2.2.jar:/home/user/bigdata/hadoop-2.5.1/share/hadoop/common/lib/jackson-xc-1.9.13.jar:/home/user/bigdata/hadoop-2.5.1/share/hadoop/common/lib/commons-configuration-1.6.jar:/home/user/bigdata/hadoop-2.5.1/share/hadoop/common/lib/stax-api-1.0-2.jar:/home/user/bigdata/hadoop-2.5.1/share/hadoop/common/lib/jsr305-1.3.9.jar:/home/user/bigdata/hadoop-2.5.1/share/hadoop/common/lib/jackson-jaxrs-1.9.13.jar:/home/user/bigdata/hadoop-2.5.1/share/hadoop/common/lib/log4j-1.2.17.jar:/home/user/bigdata/hadoop-2.5.1/share/hadoop/common/lib/jersey-server-1.9.jar:/home/user/bigdata/hadoop-2.5.1/share/hadoop/common/lib/java-xmlbuilder-0.4.jar:/home/user/bigdata/hadoop-2.5.1/share/hadoop/common/lib/avro-1.7.4.jar:/home/user/bigdata/hadoop-2.5.1/share/hadoop/common/lib/commons-logging-1.1.3.jar:/home/user/bigdata/hadoop-2.5.1/share/hadoop/common/lib/slf4j-api-1.7.5.jar:/home/user/bigdata/hadoop-2.5.1/share/hadoop/common/lib/httpcore-4.2.5.jar:/home/user/bigdata/hadoop-2.5.1/share/hadoop/common/lib/jaxb-impl-2.2.3-1.jar:/home/user/bigdata/hadoop-2.5.1/share/hadoop/common/lib/httpclient-4.2.5.jar:/home/user/bigdata/hadoop-2.5.1/share/hadoop/common/lib/jersey-json-1.9.jar:/home/user/bigdata/hadoop-2.5.1/share/hadoop/common/lib/commons-lang-2.6.jar:/home/user/bigdata/hadoop-2.5.1/share/hadoop/common/lib/commons-httpclient-3.1.jar:/home/user/bigdata/hadoop-2.5.1/share/hadoop/common/lib/jettison-1.1.jar:/home/user/bigdata/hadoop-2.5.1/share/hadoop/common/lib/netty-3.6.2.Final.jar:/home/user/bigdata/hadoop-2.5.1/share/hadoop/common/lib/commons-digester-1.8.jar:/home/user/bigdata/hadoop-2.5.1/share/hadoop/common/lib/apacheds-i18n-2.0.0-M15.jar:/home/user/bigdata/hadoop-2.5.1/share/hadoop/common/lib/commons-compress-1.4.1.jar:/home/user/bigdata/hadoop-2.5.1/share/hadoop/common/lib/commons-net-3.1.jar:/home/user/bigdata/hadoop-2.5.1/share/hadoop/common/lib/jsp-api-2.1.jar:/home/user/bigdata/hadoop-2.5.1/share/hadoop/common/lib/snappy-java-1.0.4.1.jar:/home/user/bigdata/hadoop-2.5.1/share/hadoop/common/lib/commons-el-1.0.jar:/home/user/bigdata/hadoop-2.5.1/share/hadoop/common/lib/hamcrest-core-1.3.jar:/home/user/bigdata/hadoop-2.5.1/share/hadoop/common/lib/xz-1.0.jar:/home/user/bigdata/hadoop-2.5.1/share/hadoop/common/lib/paranamer-2.3.jar:/home/user/bigdata/hadoop-2.5.1/share/hadoop/common/lib/commons-beanutils-core-1.8.0.jar:/home/user/bigdata/hadoop-2.5.1/share/hadoop/common/lib/commons-io-2.4.jar:/home/user/bigdata/hadoop-2.5.1/share/hadoop/common/lib/xmlenc-0.52.jar:/home/user/bigdata/hadoop-2.5.1/share/hadoop/common/lib/jasper-compiler-5.5.23.jar:/home/user/bigdata/hadoop-2.5.1/share/hadoop/common/lib/mockito-all-1.8.5.jar:/home/user/bigdata/hadoop-2.5.1/share/hadoop/common/lib/guava-11.0.2.jar:/home/user/bigdata/hadoop-2.5.1/share/hadoop/common/lib/jasper-runtime-5.5.23.jar:/home/user/bigdata/hadoop-2.5.1/share/hadoop/common/lib/commons-beanutils-1.7.0.jar:/home/user/bigdata/hadoop-2.5.1/share/hadoop/common/lib/servlet-api-2.5.jar:/home/user/bigdata/hadoop-2.5.1/share/hadoop/common/lib/jets3t-0.9.0.jar:/home/user/bigdata/hadoop-2.5.1/share/hadoop/common/lib/hadoop-annotations-2.5.1.jar:/home/user/bigdata/hadoop-2.5.1/share/hadoop/common/lib/protobuf-java-2.5.0.jar:/home/user/bigdata/hadoop-2.5.1/share/hadoop/common/lib/commons-codec-1.4.jar:/home/user/bigdata/hadoop-2.5.1/share/hadoop/common/lib/activation-1.1.jar:/home/user/bigdata/hadoop-2.5.1/share/hadoop/common/lib/jackson-mapper-asl-1.9.13.jar:/home/user/bigdata/hadoop-2.5.1/share/hadoop/common/lib/commons-cli-1.2.jar:/home/user/bigdata/hadoop-2.5.1/share/hadoop/common/lib/jsch-0.1.42.jar:/home/user/bigdata/hadoop-2.5.1/share/hadoop/common/lib/jetty-6.1.26.jar:/home/user/bigdata/hadoop-2.5.1/share/hadoop/common/lib/asm-3.2.jar:/home/user/bigdata/hadoop-2.5.1/share/hadoop/common/hadoop-nfs-2.5.1.jar:/home/user/bigdata/hadoop-2.5.1/share/hadoop/common/hadoop-common-2.5.1.jar:/home/user/bigdata/hadoop-2.5.1/share/hadoop/common/hadoop-common-2.5.1-tests.jar:/home/user/bigdata/hadoop-2.5.1/share/hadoop/hdfs:/home/user/bigdata/hadoop-2.5.1/share/hadoop/hdfs/lib/jetty-util-6.1.26.jar:/home/user/bigdata/hadoop-2.5.1/share/hadoop/hdfs/lib/jackson-core-asl-1.9.13.jar:/home/user/bigdata/hadoop-2.5.1/share/hadoop/hdfs/lib/jersey-core-1.9.jar:/home/user/bigdata/hadoop-2.5.1/share/hadoop/hdfs/lib/jsr305-1.3.9.jar:/home/user/bigdata/hadoop-2.5.1/share/hadoop/hdfs/lib/log4j-1.2.17.jar:/home/user/bigdata/hadoop-2.5.1/share/hadoop/hdfs/lib/jersey-server-1.9.jar:/home/user/bigdata/hadoop-2.5.1/share/hadoop/hdfs/lib/commons-logging-1.1.3.jar:/home/user/bigdata/hadoop-2.5.1/share/hadoop/hdfs/lib/commons-lang-2.6.jar:/home/user/bigdata/hadoop-2.5.1/share/hadoop/hdfs/lib/netty-3.6.2.Final.jar:/home/user/bigdata/hadoop-2.5.1/share/hadoop/hdfs/lib/jsp-api-2.1.jar:/home/user/bigdata/hadoop-2.5.1/share/hadoop/hdfs/lib/commons-el-1.0.jar:/home/user/bigdata/hadoop-2.5.1/share/hadoop/hdfs/lib/commons-io-2.4.jar:/home/user/bigdata/hadoop-2.5.1/share/hadoop/hdfs/lib/xmlenc-0.52.jar:/home/user/bigdata/hadoop-2.5.1/share/hadoop/hdfs/lib/guava-11.0.2.jar:/home/user/bigdata/hadoop-2.5.1/share/hadoop/hdfs/lib/jasper-runtime-5.5.23.jar:/home/user/bigdata/hadoop-2.5.1/share/hadoop/hdfs/lib/servlet-api-2.5.jar:/home/user/bigdata/hadoop-2.5.1/share/hadoop/hdfs/lib/protobuf-java-2.5.0.jar:/home/user/bigdata/hadoop-2.5.1/share/hadoop/hdfs/lib/commons-codec-1.4.jar:/home/user/bigdata/hadoop-2.5.1/share/hadoop/hdfs/lib/jackson-mapper-asl-1.9.13.jar:/home/user/bigdata/hadoop-2.5.1/share/hadoop/hdfs/lib/commons-cli-1.2.jar:/home/user/bigdata/hadoop-2.5.1/share/hadoop/hdfs/lib/jetty-6.1.26.jar:/home/user/bigdata/hadoop-2.5.1/share/hadoop/hdfs/lib/commons-daemon-1.0.13.jar:/home/user/bigdata/hadoop-2.5.1/share/hadoop/hdfs/lib/asm-3.2.jar:/home/user/bigdata/hadoop-2.5.1/share/hadoop/hdfs/hadoop-hdfs-2.5.1-tests.jar:/home/user/bigdata/hadoop-2.5.1/share/hadoop/hdfs/hadoop-hdfs-2.5.1.jar:/home/user/bigdata/hadoop-2.5.1/share/hadoop/hdfs/hadoop-hdfs-nfs-2.5.1.jar:/home/user/bigdata/hadoop-2.5.1/share/hadoop/yarn/lib/jetty-util-6.1.26.jar:/home/user/bigdata/hadoop-2.5.1/share/hadoop/yarn/lib/guice-servlet-3.0.jar:/home/user/bigdata/hadoop-2.5.1/share/hadoop/yarn/lib/commons-collections-3.2.1.jar:/home/user/bigdata/hadoop-2.5.1/share/hadoop/yarn/lib/jackson-core-asl-1.9.13.jar:/home/user/bigdata/hadoop-2.5.1/share/hadoop/yarn/lib/zookeeper-3.4.6.jar:/home/user/bigdata/hadoop-2.5.1/share/hadoop/yarn/lib/jersey-client-1.9.jar:/home/user/bigdata/hadoop-2.5.1/share/hadoop/yarn/lib/jersey-core-1.9.jar:/home/user/bigdata/hadoop-2.5.1/share/hadoop/yarn/lib/jaxb-api-2.2.2.jar:/home/user/bigdata/hadoop-2.5.1/share/hadoop/yarn/lib/aopalliance-1.0.jar:/home/user/bigdata/hadoop-2.5.1/share/hadoop/yarn/lib/jackson-xc-1.9.13.jar:/home/user/bigdata/hadoop-2.5.1/share/hadoop/yarn/lib/jersey-guice-1.9.jar:/home/user/bigdata/hadoop-2.5.1/share/hadoop/yarn/lib/stax-api-1.0-2.jar:/home/user/bigdata/hadoop-2.5.1/share/hadoop/yarn/lib/jsr305-1.3.9.jar:/home/user/bigdata/hadoop-2.5.1/share/hadoop/yarn/lib/jackson-jaxrs-1.9.13.jar:/home/user/bigdata/hadoop-2.5.1/share/hadoop/yarn/lib/log4j-1.2.17.jar:/home/user/bigdata/hadoop-2.5.1/share/hadoop/yarn/lib/jline-0.9.94.jar:/home/user/bigdata/hadoop-2.5.1/share/hadoop/yarn/lib/jersey-server-1.9.jar:/home/user/bigdata/hadoop-2.5.1/share/hadoop/yarn/lib/commons-logging-1.1.3.jar:/home/user/bigdata/hadoop-2.5.1/share/hadoop/yarn/lib/jaxb-impl-2.2.3-1.jar:/home/user/bigdata/hadoop-2.5.1/share/hadoop/yarn/lib/javax.inject-1.jar:/home/user/bigdata/hadoop-2.5.1/share/hadoop/yarn/lib/jersey-json-1.9.jar:/home/user/bigdata/hadoop-2.5.1/share/hadoop/yarn/lib/commons-lang-2.6.jar:/home/user/bigdata/hadoop-2.5.1/share/hadoop/yarn/lib/commons-httpclient-3.1.jar:/home/user/bigdata/hadoop-2.5.1/share/hadoop/yarn/lib/jettison-1.1.jar:/home/user/bigdata/hadoop-2.5.1/share/hadoop/yarn/lib/netty-3.6.2.Final.jar:/home/user/bigdata/hadoop-2.5.1/share/hadoop/yarn/lib/commons-compress-1.4.1.jar:/home/user/bigdata/hadoop-2.5.1/share/hadoop/yarn/lib/xz-1.0.jar:/home/user/bigdata/hadoop-2.5.1/share/hadoop/yarn/lib/commons-io-2.4.jar:/home/user/bigdata/hadoop-2.5.1/share/hadoop/yarn/lib/leveldbjni-all-1.8.jar:/home/user/bigdata/hadoop-2.5.1/share/hadoop/yarn/lib/guava-11.0.2.jar:/home/user/bigdata/hadoop-2.5.1/share/hadoop/yarn/lib/servlet-api-2.5.jar:/home/user/bigdata/hadoop-2.5.1/share/hadoop/yarn/lib/protobuf-java-2.5.0.jar:/home/user/bigdata/hadoop-2.5.1/share/hadoop/yarn/lib/commons-codec-1.4.jar:/home/user/bigdata/hadoop-2.5.1/share/hadoop/yarn/lib/activation-1.1.jar:/home/user/bigdata/hadoop-2.5.1/share/hadoop/yarn/lib/jackson-mapper-asl-1.9.13.jar:/home/user/bigdata/hadoop-2.5.1/share/hadoop/yarn/lib/guice-3.0.jar:/home/user/bigdata/hadoop-2.5.1/share/hadoop/yarn/lib/commons-cli-1.2.jar:/home/user/bigdata/hadoop-2.5.1/share/hadoop/yarn/lib/jetty-6.1.26.jar:/home/user/bigdata/hadoop-2.5.1/share/hadoop/yarn/lib/asm-3.2.jar:/home/user/bigdata/hadoop-2.5.1/share/hadoop/yarn/hadoop-yarn-server-web-proxy-2.5.1.jar:/home/user/bigdata/hadoop-2.5.1/share/hadoop/yarn/hadoop-yarn-applications-unmanaged-am-launcher-2.5.1.jar:/home/user/bigdata/hadoop-2.5.1/share/hadoop/yarn/hadoop-yarn-applications-distributedshell-2.5.1.jar:/home/user/bigdata/hadoop-2.5.1/share/hadoop/yarn/hadoop-yarn-server-nodemanager-2.5.1.jar:/home/user/bigdata/hadoop-2.5.1/share/hadoop/yarn/hadoop-yarn-server-tests-2.5.1.jar:/home/user/bigdata/hadoop-2.5.1/share/hadoop/yarn/hadoop-yarn-server-common-2.5.1.jar:/home/user/bigdata/hadoop-2.5.1/share/hadoop/yarn/hadoop-yarn-common-2.5.1.jar:/home/user/bigdata/hadoop-2.5.1/share/hadoop/yarn/hadoop-yarn-server-resourcemanager-2.5.1.jar:/home/user/bigdata/hadoop-2.5.1/share/hadoop/yarn/hadoop-yarn-client-2.5.1.jar:/home/user/bigdata/hadoop-2.5.1/share/hadoop/yarn/hadoop-yarn-server-applicationhistoryservice-2.5.1.jar:/home/user/bigdata/hadoop-2.5.1/share/hadoop/yarn/hadoop-yarn-api-2.5.1.jar:/home/user/bigdata/hadoop-2.5.1/share/hadoop/mapreduce/lib/guice-servlet-3.0.jar:/home/user/bigdata/hadoop-2.5.1/share/hadoop/mapreduce/lib/jackson-core-asl-1.9.13.jar:/home/user/bigdata/hadoop-2.5.1/share/hadoop/mapreduce/lib/junit-4.11.jar:/home/user/bigdata/hadoop-2.5.1/share/hadoop/mapreduce/lib/jersey-core-1.9.jar:/home/user/bigdata/hadoop-2.5.1/share/hadoop/mapreduce/lib/aopalliance-1.0.jar:/home/user/bigdata/hadoop-2.5.1/share/hadoop/mapreduce/lib/jersey-guice-1.9.jar:/home/user/bigdata/hadoop-2.5.1/share/hadoop/mapreduce/lib/log4j-1.2.17.jar:/home/user/bigdata/hadoop-2.5.1/share/hadoop/mapreduce/lib/jersey-server-1.9.jar:/home/user/bigdata/hadoop-2.5.1/share/hadoop/mapreduce/lib/avro-1.7.4.jar:/home/user/bigdata/hadoop-2.5.1/share/hadoop/mapreduce/lib/javax.inject-1.jar:/home/user/bigdata/hadoop-2.5.1/share/hadoop/mapreduce/lib/netty-3.6.2.Final.jar:/home/user/bigdata/hadoop-2.5.1/share/hadoop/mapreduce/lib/commons-compress-1.4.1.jar:/home/user/bigdata/hadoop-2.5.1/share/hadoop/mapreduce/lib/snappy-java-1.0.4.1.jar:/home/user/bigdata/hadoop-2.5.1/share/hadoop/mapreduce/lib/hamcrest-core-1.3.jar:/home/user/bigdata/hadoop-2.5.1/share/hadoop/mapreduce/lib/xz-1.0.jar:/home/user/bigdata/hadoop-2.5.1/share/hadoop/mapreduce/lib/paranamer-2.3.jar:/home/user/bigdata/hadoop-2.5.1/share/hadoop/mapreduce/lib/commons-io-2.4.jar:/home/user/bigdata/hadoop-2.5.1/share/hadoop/mapreduce/lib/leveldbjni-all-1.8.jar:/home/user/bigdata/hadoop-2.5.1/share/hadoop/mapreduce/lib/hadoop-annotations-2.5.1.jar:/home/user/bigdata/hadoop-2.5.1/share/hadoop/mapreduce/lib/protobuf-java-2.5.0.jar:/home/user/bigdata/hadoop-2.5.1/share/hadoop/mapreduce/lib/jackson-mapper-asl-1.9.13.jar:/home/user/bigdata/hadoop-2.5.1/share/hadoop/mapreduce/lib/guice-3.0.jar:/home/user/bigdata/hadoop-2.5.1/share/hadoop/mapreduce/lib/asm-3.2.jar:/home/user/bigdata/hadoop-2.5.1/share/hadoop/mapreduce/hadoop-mapreduce-client-common-2.5.1.jar:/home/user/bigdata/hadoop-2.5.1/share/hadoop/mapreduce/hadoop-mapreduce-client-hs-2.5.1.jar:/home/user/bigdata/hadoop-2.5.1/share/hadoop/mapreduce/hadoop-mapreduce-client-shuffle-2.5.1.jar:/home/user/bigdata/hadoop-2.5.1/share/hadoop/mapreduce/hadoop-mapreduce-client-core-2.5.1.jar:/home/user/bigdata/hadoop-2.5.1/share/hadoop/mapreduce/hadoop-mapreduce-client-jobclient-2.5.1.jar:/home/user/bigdata/hadoop-2.5.1/share/hadoop/mapreduce/hadoop-mapreduce-client-hs-plugins-2.5.1.jar:/home/user/bigdata/hadoop-2.5.1/share/hadoop/mapreduce/hadoop-mapreduce-client-jobclient-2.5.1-tests.jar:/home/user/bigdata/hadoop-2.5.1/share/hadoop/mapreduce/hadoop-mapreduce-examples-2.5.1.jar:/home/user/bigdata/hadoop-2.5.1/share/hadoop/mapreduce/hadoop-mapreduce-client-app-2.5.1.jar:/home/user/bigdata/hadoop-2.5.1//contrib/capacity-scheduler/*.jar:/home/user/bigdata/hadoop-2.5.1//contrib/capacity-scheduler/*.jar:/home/user/bigdata/hadoop-2.5.1//contrib/capacity-scheduler/*.jar:/home/user/bigdata/hadoop-2.5.1/share/hadoop/yarn/hadoop-yarn-server-web-proxy-2.5.1.jar:/home/user/bigdata/hadoop-2.5.1/share/hadoop/yarn/hadoop-yarn-applications-unmanaged-am-launcher-2.5.1.jar:/home/user/bigdata/hadoop-2.5.1/share/hadoop/yarn/hadoop-yarn-applications-distributedshell-2.5.1.jar:/home/user/bigdata/hadoop-2.5.1/share/hadoop/yarn/hadoop-yarn-server-nodemanager-2.5.1.jar:/home/user/bigdata/hadoop-2.5.1/share/hadoop/yarn/hadoop-yarn-server-tests-2.5.1.jar:/home/user/bigdata/hadoop-2.5.1/share/hadoop/yarn/hadoop-yarn-server-common-2.5.1.jar:/home/user/bigdata/hadoop-2.5.1/share/hadoop/yarn/hadoop-yarn-common-2.5.1.jar:/home/user/bigdata/hadoop-2.5.1/share/hadoop/yarn/hadoop-yarn-server-resourcemanager-2.5.1.jar:/home/user/bigdata/hadoop-2.5.1/share/hadoop/yarn/hadoop-yarn-client-2.5.1.jar:/home/user/bigdata/hadoop-2.5.1/share/hadoop/yarn/hadoop-yarn-server-applicationhistoryservice-2.5.1.jar:/home/user/bigdata/hadoop-2.5.1/share/hadoop/yarn/hadoop-yarn-api-2.5.1.jar:/home/user/bigdata/hadoop-2.5.1/share/hadoop/yarn/lib/jetty-util-6.1.26.jar:/home/user/bigdata/hadoop-2.5.1/share/hadoop/yarn/lib/guice-servlet-3.0.jar:/home/user/bigdata/hadoop-2.5.1/share/hadoop/yarn/lib/commons-collections-3.2.1.jar:/home/user/bigdata/hadoop-2.5.1/share/hadoop/yarn/lib/jackson-core-asl-1.9.13.jar:/home/user/bigdata/hadoop-2.5.1/share/hadoop/yarn/lib/zookeeper-3.4.6.jar:/home/user/bigdata/hadoop-2.5.1/share/hadoop/yarn/lib/jersey-client-1.9.jar:/home/user/bigdata/hadoop-2.5.1/share/hadoop/yarn/lib/jersey-core-1.9.jar:/home/user/bigdata/hadoop-2.5.1/share/hadoop/yarn/lib/jaxb-api-2.2.2.jar:/home/user/bigdata/hadoop-2.5.1/share/hadoop/yarn/lib/aopalliance-1.0.jar:/home/user/bigdata/hadoop-2.5.1/share/hadoop/yarn/lib/jackson-xc-1.9.13.jar:/home/user/bigdata/hadoop-2.5.1/share/hadoop/yarn/lib/jersey-guice-1.9.jar:/home/user/bigdata/hadoop-2.5.1/share/hadoop/yarn/lib/stax-api-1.0-2.jar:/home/user/bigdata/hadoop-2.5.1/share/hadoop/yarn/lib/jsr305-1.3.9.jar:/home/user/bigdata/hadoop-2.5.1/share/hadoop/yarn/lib/jackson-jaxrs-1.9.13.jar:/home/user/bigdata/hadoop-2.5.1/share/hadoop/yarn/lib/log4j-1.2.17.jar:/home/user/bigdata/hadoop-2.5.1/share/hadoop/yarn/lib/jline-0.9.94.jar:/home/user/bigdata/hadoop-2.5.1/share/hadoop/yarn/lib/jersey-server-1.9.jar:/home/user/bigdata/hadoop-2.5.1/share/hadoop/yarn/lib/commons-logging-1.1.3.jar:/home/user/bigdata/hadoop-2.5.1/share/hadoop/yarn/lib/jaxb-impl-2.2.3-1.jar:/home/user/bigdata/hadoop-2.5.1/share/hadoop/yarn/lib/javax.inject-1.jar:/home/user/bigdata/hadoop-2.5.1/share/hadoop/yarn/lib/jersey-json-1.9.jar:/home/user/bigdata/hadoop-2.5.1/share/hadoop/yarn/lib/commons-lang-2.6.jar:/home/user/bigdata/hadoop-2.5.1/share/hadoop/yarn/lib/commons-httpclient-3.1.jar:/home/user/bigdata/hadoop-2.5.1/share/hadoop/yarn/lib/jettison-1.1.jar:/home/user/bigdata/hadoop-2.5.1/share/hadoop/yarn/lib/netty-3.6.2.Final.jar:/home/user/bigdata/hadoop-2.5.1/share/hadoop/yarn/lib/commons-compress-1.4.1.jar:/home/user/bigdata/hadoop-2.5.1/share/hadoop/yarn/lib/xz-1.0.jar:/home/user/bigdata/hadoop-2.5.1/share/hadoop/yarn/lib/commons-io-2.4.jar:/home/user/bigdata/hadoop-2.5.1/share/hadoop/yarn/lib/leveldbjni-all-1.8.jar:/home/user/bigdata/hadoop-2.5.1/share/hadoop/yarn/lib/guava-11.0.2.jar:/home/user/bigdata/hadoop-2.5.1/share/hadoop/yarn/lib/servlet-api-2.5.jar:/home/user/bigdata/hadoop-2.5.1/share/hadoop/yarn/lib/protobuf-java-2.5.0.jar:/home/user/bigdata/hadoop-2.5.1/share/hadoop/yarn/lib/commons-codec-1.4.jar:/home/user/bigdata/hadoop-2.5.1/share/hadoop/yarn/lib/activation-1.1.jar:/home/user/bigdata/hadoop-2.5.1/share/hadoop/yarn/lib/jackson-mapper-asl-1.9.13.jar:/home/user/bigdata/hadoop-2.5.1/share/hadoop/yarn/lib/guice-3.0.jar:/home/user/bigdata/hadoop-2.5.1/share/hadoop/yarn/lib/commons-cli-1.2.jar:/home/user/bigdata/hadoop-2.5.1/share/hadoop/yarn/lib/jetty-6.1.26.jar:/home/user/bigdata/hadoop-2.5.1/share/hadoop/yarn/lib/asm-3.2.jar:/home/user/bigdata/hadoop-2.5.1/etc/hadoop/rm-config/log4j.properties
STARTUP_MSG:   build = https://git-wip-us.apache.org/repos/asf/hadoop.git -r 2e18d179e4a8065b6a9f29cf2de9451891265cce; compiled by 'jenkins' on 2014-09-05T23:11Z
STARTUP_MSG:   java = 1.8.0_362
************************************************************/
2026-08-04 00:04:35,441 INFO org.apache.hadoop.yarn.server.resourcemanager.ResourceManager: registered UNIX signal handlers for [TERM, HUP, INT]
2026-08-04 00:04:35,598 INFO org.apache.hadoop.conf.Configuration: found resource core-site.xml at file:/home/user/bigdata/hadoop-2.5.1/etc/hadoop/core-site.xml
2026-08-04 00:04:35,620 INFO org.apache.hadoop.security.Groups: clearing userToGroupsMap cache
2026-08-04 00:04:35,628 INFO org.apache.hadoop.conf.Configuration: found resource yarn-site.xml at file:/home/user/bigdata/hadoop-2.5.1/etc/hadoop/yarn-site.xml
2026-08-04 00:04:35,669 INFO org.apache.hadoop.yarn.event.AsyncDispatcher: Registering class org.apache.hadoop.yarn.server.resourcemanager.RMFatalEventType for class org.apache.hadoop.yarn.server.resourcemanager.ResourceManager$RMFatalEventDispatcher
2026-08-04 00:04:35,728 INFO org.apache.hadoop.yarn.server.resourcemanager.security.NMTokenSecretManagerInRM: NMTokenKeyRollingInterval: 86400000ms and NMTokenKeyActivationDelay: 900000ms
2026-08-04 00:04:35,730 INFO org.apache.hadoop.yarn.server.resourcemanager.security.RMContainerTokenSecretManager: ContainerTokenKeyRollingInterval: 86400000ms and ContainerTokenKeyActivationDelay: 900000ms
2026-08-04 00:04:35,732 INFO org.apache.hadoop.yarn.server.resourcemanager.security.AMRMTokenSecretManager: Rolling master-key for amrm-tokens
2026-08-04 00:04:35,752 INFO org.apache.hadoop.yarn.event.AsyncDispatcher: Registering class org.apache.hadoop.yarn.server.resourcemanager.recovery.RMStateStoreEventType for class org.apache.hadoop.yarn.server.resourcemanager.recovery.RMStateStore$ForwardingEventHandler
2026-08-04 00:04:35,872 INFO org.apache.hadoop.yarn.event.AsyncDispatcher: Registering class org.apache.hadoop.yarn.server.resourcemanager.NodesListManagerEventType for class org.apache.hadoop.yarn.server.resourcemanager.NodesListManager
2026-08-04 00:04:35,873 INFO org.apache.hadoop.yarn.server.resourcemanager.ResourceManager: Using Scheduler: org.apache.hadoop.yarn.server.resourcemanager.scheduler.capacity.CapacityScheduler
2026-08-04 00:04:35,896 INFO org.apache.hadoop.yarn.event.AsyncDispatcher: Registering class org.apache.hadoop.yarn.server.resourcemanager.scheduler.event.SchedulerEventType for class org.apache.hadoop.yarn.server.resourcemanager.ResourceManager$SchedulerEventDispatcher
2026-08-04 00:04:35,896 INFO org.apache.hadoop.yarn.event.AsyncDispatcher: Registering class org.apache.hadoop.yarn.server.resourcemanager.rmapp.RMAppEventType for class org.apache.hadoop.yarn.server.resourcemanager.ResourceManager$ApplicationEventDispatcher
2026-08-04 00:04:35,897 INFO org.apache.hadoop.yarn.event.AsyncDispatcher: Registering class org.apache.hadoop.yarn.server.resourcemanager.rmapp.attempt.RMAppAttemptEventType for class org.apache.hadoop.yarn.server.resourcemanager.ResourceManager$ApplicationAttemptEventDispatcher
2026-08-04 00:04:35,898 INFO org.apache.hadoop.yarn.event.AsyncDispatcher: Registering class org.apache.hadoop.yarn.server.resourcemanager.rmnode.RMNodeEventType for class org.apache.hadoop.yarn.server.resourcemanager.ResourceManager$NodeEventDispatcher
2026-08-04 00:04:35,991 INFO org.apache.hadoop.metrics2.impl.MetricsConfig: loaded properties from hadoop-metrics2.properties
2026-08-04 00:04:36,125 INFO org.apache.hadoop.metrics2.impl.MetricsSystemImpl: Scheduled snapshot period at 10 second(s).
2026-08-04 00:04:36,125 INFO org.apache.hadoop.metrics2.impl.MetricsSystemImpl: ResourceManager metrics system started
2026-08-04 00:04:36,176 INFO org.apache.hadoop.yarn.event.AsyncDispatcher: Registering class org.apache.hadoop.yarn.server.resourcemanager.RMAppManagerEventType for class org.apache.hadoop.yarn.server.resourcemanager.RMAppManager
2026-08-04 00:04:36,186 INFO org.apache.hadoop.yarn.event.AsyncDispatcher: Registering class org.apache.hadoop.yarn.server.resourcemanager.amlauncher.AMLauncherEventType for class org.apache.hadoop.yarn.server.resourcemanager.amlauncher.ApplicationMasterLauncher
2026-08-04 00:04:36,187 INFO org.apache.hadoop.yarn.server.resourcemanager.RMNMInfo: Registered RMNMInfo MBean
2026-08-04 00:04:36,188 INFO org.apache.hadoop.yarn.event.AsyncDispatcher: Registering class org.apache.hadoop.yarn.server.resourcemanager.ahs.WritingHistoryEventType for class org.apache.hadoop.yarn.server.resourcemanager.ahs.RMApplicationHistoryWriter$ForwardingEventHandler
2026-08-04 00:04:36,188 INFO org.apache.hadoop.yarn.event.AsyncDispatcher: Registering class org.apache.hadoop.yarn.server.resourcemanager.ahs.WritingHistoryEventType for class org.apache.hadoop.yarn.server.resourcemanager.ahs.RMApplicationHistoryWriter$ForwardingEventHandler
2026-08-04 00:04:36,188 INFO org.apache.hadoop.yarn.event.AsyncDispatcher: Registering class org.apache.hadoop.yarn.server.resourcemanager.ahs.WritingHistoryEventType for class org.apache.hadoop.yarn.server.resourcemanager.ahs.RMApplicationHistoryWriter$ForwardingEventHandler
2026-08-04 00:04:36,188 INFO org.apache.hadoop.yarn.event.AsyncDispatcher: Registering class org.apache.hadoop.yarn.server.resourcemanager.ahs.WritingHistoryEventType for class org.apache.hadoop.yarn.server.resourcemanager.ahs.RMApplicationHistoryWriter$ForwardingEventHandler
2026-08-04 00:04:36,188 INFO org.apache.hadoop.yarn.event.AsyncDispatcher: Registering class org.apache.hadoop.yarn.server.resourcemanager.ahs.WritingHistoryEventType for class org.apache.hadoop.yarn.server.resourcemanager.ahs.RMApplicationHistoryWriter$ForwardingEventHandler
2026-08-04 00:04:36,188 INFO org.apache.hadoop.yarn.event.AsyncDispatcher: Registering class org.apache.hadoop.yarn.server.resourcemanager.ahs.WritingHistoryEventType for class org.apache.hadoop.yarn.server.resourcemanager.ahs.RMApplicationHistoryWriter$ForwardingEventHandler
2026-08-04 00:04:36,188 INFO org.apache.hadoop.yarn.event.AsyncDispatcher: Registering class org.apache.hadoop.yarn.server.resourcemanager.ahs.WritingHistoryEventType for class org.apache.hadoop.yarn.server.resourcemanager.ahs.RMApplicationHistoryWriter$ForwardingEventHandler
2026-08-04 00:04:36,188 INFO org.apache.hadoop.yarn.event.AsyncDispatcher: Registering class org.apache.hadoop.yarn.server.resourcemanager.ahs.WritingHistoryEventType for class org.apache.hadoop.yarn.server.resourcemanager.ahs.RMApplicationHistoryWriter$ForwardingEventHandler
2026-08-04 00:04:36,188 INFO org.apache.hadoop.yarn.event.AsyncDispatcher: Registering class org.apache.hadoop.yarn.server.resourcemanager.ahs.WritingHistoryEventType for class org.apache.hadoop.yarn.server.resourcemanager.ahs.RMApplicationHistoryWriter$ForwardingEventHandler
2026-08-04 00:04:36,188 INFO org.apache.hadoop.yarn.event.AsyncDispatcher: Registering class org.apache.hadoop.yarn.server.resourcemanager.ahs.WritingHistoryEventType for class org.apache.hadoop.yarn.server.resourcemanager.ahs.RMApplicationHistoryWriter$ForwardingEventHandler
2026-08-04 00:04:36,188 INFO org.apache.hadoop.util.HostsFileReader: Refreshing hosts (include/exclude) list
2026-08-04 00:04:36,190 INFO org.apache.hadoop.conf.Configuration: found resource capacity-scheduler.xml at file:/home/user/bigdata/hadoop-2.5.1/etc/hadoop/capacity-scheduler.xml
2026-08-04 00:04:36,234 INFO org.apache.hadoop.yarn.server.resourcemanager.scheduler.capacity.ParentQueue: root, capacity=1.0, asboluteCapacity=1.0, maxCapacity=1.0, asboluteMaxCapacity=1.0, state=RUNNING, acls=SUBMIT_APPLICATIONS:*ADMINISTER_QUEUE:*
2026-08-04 00:04:36,234 INFO org.apache.hadoop.yarn.server.resourcemanager.scheduler.capacity.ParentQueue: Initialized parent-queue root name=root, fullname=root
2026-08-04 00:04:36,241 INFO org.apache.hadoop.yarn.server.resourcemanager.scheduler.capacity.LeafQueue: Initializing default
capacity = 1.0 [= (float) configuredCapacity / 100 ]
asboluteCapacity = 1.0 [= parentAbsoluteCapacity * capacity ]
maxCapacity = 1.0 [= configuredMaxCapacity ]
absoluteMaxCapacity = 1.0 [= 1.0 maximumCapacity undefined, (parentAbsoluteMaxCapacity * maximumCapacity) / 100 otherwise ]
userLimit = 100 [= configuredUserLimit ]
userLimitFactor = 1.0 [= configuredUserLimitFactor ]
maxApplications = 10000 [= configuredMaximumSystemApplicationsPerQueue or (int)(configuredMaximumSystemApplications * absoluteCapacity)]
maxApplicationsPerUser = 10000 [= (int)(maxApplications * (userLimit / 100.0f) * userLimitFactor) ]
maxActiveApplications = 1 [= max((int)ceil((clusterResourceMemory / minimumAllocation) * maxAMResourcePerQueuePercent * absoluteMaxCapacity),1) ]
maxActiveAppsUsingAbsCap = 1 [= max((int)ceil((clusterResourceMemory / minimumAllocation) *maxAMResourcePercent * absoluteCapacity),1) ]
maxActiveApplicationsPerUser = 1 [= max((int)(maxActiveApplications * (userLimit / 100.0f) * userLimitFactor),1) ]
usedCapacity = 0.0 [= usedResourcesMemory / (clusterResourceMemory * absoluteCapacity)]
absoluteUsedCapacity = 0.0 [= usedResourcesMemory / clusterResourceMemory]
maxAMResourcePerQueuePercent = 0.1 [= configuredMaximumAMResourcePercent ]
minimumAllocationFactor = 0.875 [= (float)(maximumAllocationMemory - minimumAllocationMemory) / maximumAllocationMemory ]
numContainers = 0 [= currentNumContainers ]
state = RUNNING [= configuredState ]
acls = SUBMIT_APPLICATIONS:*ADMINISTER_QUEUE:* [= configuredAcls ]
nodeLocalityDelay = 40

2026-08-04 00:04:36,243 INFO org.apache.hadoop.yarn.server.resourcemanager.scheduler.capacity.CapacityScheduler: Initialized queue: default: capacity=1.0, absoluteCapacity=1.0, usedResources=<memory:0, vCores:0>, usedCapacity=0.0, absoluteUsedCapacity=0.0, numApps=0, numContainers=0
2026-08-04 00:04:36,243 INFO org.apache.hadoop.yarn.server.resourcemanager.scheduler.capacity.CapacityScheduler: Initialized queue: root: numChildQueue= 1, capacity=1.0, absoluteCapacity=1.0, usedResources=<memory:0, vCores:0>usedCapacity=0.0, numApps=0, numContainers=0
2026-08-04 00:04:36,243 INFO org.apache.hadoop.yarn.server.resourcemanager.scheduler.capacity.CapacityScheduler: Initialized root queue root: numChildQueue= 1, capacity=1.0, absoluteCapacity=1.0, usedResources=<memory:0, vCores:0>usedCapacity=0.0, numApps=0, numContainers=0
2026-08-04 00:04:36,243 INFO org.apache.hadoop.yarn.server.resourcemanager.scheduler.capacity.CapacityScheduler: Initialized CapacityScheduler with calculator=class org.apache.hadoop.yarn.util.resource.DefaultResourceCalculator, minimumAllocation=<<memory:1024, vCores:1>>, maximumAllocation=<<memory:8192, vCores:32>>, asynchronousScheduling=false, asyncScheduleInterval=5ms
2026-08-04 00:04:36,247 INFO org.apache.hadoop.yarn.server.resourcemanager.ResourceManager: Transitioning to active state
2026-08-04 00:04:36,250 INFO org.apache.hadoop.yarn.server.resourcemanager.security.RMContainerTokenSecretManager: Rolling master-key for container-tokens
2026-08-04 00:04:36,250 INFO org.apache.hadoop.yarn.server.resourcemanager.security.AMRMTokenSecretManager: Rolling master-key for amrm-tokens
2026-08-04 00:04:36,251 INFO org.apache.hadoop.yarn.server.resourcemanager.security.NMTokenSecretManagerInRM: Rolling master-key for nm-tokens
2026-08-04 00:04:36,251 INFO org.apache.hadoop.security.token.delegation.AbstractDelegationTokenSecretManager: Updating the current master key for generating delegation tokens
2026-08-04 00:04:36,251 INFO org.apache.hadoop.yarn.server.resourcemanager.security.RMDelegationTokenSecretManager: storing master key with keyID 1
2026-08-04 00:04:36,259 INFO org.apache.hadoop.security.token.delegation.AbstractDelegationTokenSecretManager: Starting expired delegation token remover thread, tokenRemoverScanInterval=60 min(s)
2026-08-04 00:04:36,259 INFO org.apache.hadoop.security.token.delegation.AbstractDelegationTokenSecretManager: Updating the current master key for generating delegation tokens
2026-08-04 00:04:36,259 INFO org.apache.hadoop.yarn.server.resourcemanager.security.RMDelegationTokenSecretManager: storing master key with keyID 2
2026-08-04 00:04:36,274 INFO org.apache.hadoop.ipc.CallQueueManager: Using callQueue class java.util.concurrent.LinkedBlockingQueue
2026-08-04 00:04:36,282 INFO org.apache.hadoop.ipc.Server: Starting Socket Reader #1 for port 8031
2026-08-04 00:04:36,297 INFO org.apache.hadoop.yarn.factories.impl.pb.RpcServerFactoryPBImpl: Adding protocol org.apache.hadoop.yarn.server.api.ResourceTrackerPB to the server
2026-08-04 00:04:36,297 INFO org.apache.hadoop.ipc.Server: IPC Server Responder: starting
2026-08-04 00:04:36,298 INFO org.apache.hadoop.ipc.Server: IPC Server listener on 8031: starting
2026-08-04 00:04:36,430 INFO org.apache.hadoop.ipc.CallQueueManager: Using callQueue class java.util.concurrent.LinkedBlockingQueue
2026-08-04 00:04:36,434 INFO org.apache.hadoop.ipc.Server: Starting Socket Reader #1 for port 8030
2026-08-04 00:04:36,439 INFO org.apache.hadoop.yarn.factories.impl.pb.RpcServerFactoryPBImpl: Adding protocol org.apache.hadoop.yarn.api.ApplicationMasterProtocolPB to the server
2026-08-04 00:04:36,439 INFO org.apache.hadoop.ipc.Server: IPC Server Responder: starting
2026-08-04 00:04:36,439 INFO org.apache.hadoop.ipc.Server: IPC Server listener on 8030: starting
2026-08-04 00:04:36,488 INFO org.apache.hadoop.ipc.CallQueueManager: Using callQueue class java.util.concurrent.LinkedBlockingQueue
2026-08-04 00:04:36,493 INFO org.apache.hadoop.yarn.factories.impl.pb.RpcServerFactoryPBImpl: Adding protocol org.apache.hadoop.yarn.api.ApplicationClientProtocolPB to the server
2026-08-04 00:04:36,493 INFO org.apache.hadoop.ipc.Server: IPC Server Responder: starting
2026-08-04 00:04:36,501 INFO org.apache.hadoop.ipc.Server: Starting Socket Reader #1 for port 8032
2026-08-04 00:04:36,502 INFO org.apache.hadoop.ipc.Server: IPC Server listener on 8032: starting
2026-08-04 00:04:36,572 INFO org.apache.hadoop.yarn.server.resourcemanager.ResourceManager: Transitioned to active state
2026-08-04 00:04:36,618 INFO org.mortbay.log: Logging to org.slf4j.impl.Log4jLoggerAdapter(org.mortbay.log) via org.mortbay.log.Slf4jLog
2026-08-04 00:04:36,620 INFO org.apache.hadoop.http.HttpRequestLog: Http request log for http.requests.resourcemanager is not defined
2026-08-04 00:04:36,627 INFO org.apache.hadoop.http.HttpServer2: Added global filter 'safety' (class=org.apache.hadoop.http.HttpServer2$QuotingInputFilter)
2026-08-04 00:04:36,632 INFO org.apache.hadoop.http.HttpServer2: Added filter YARNAuthenticationFilter (class=org.apache.hadoop.yarn.server.security.http.RMAuthenticationFilter) to context cluster
2026-08-04 00:04:36,632 INFO org.apache.hadoop.http.HttpServer2: Added filter YARNAuthenticationFilter (class=org.apache.hadoop.yarn.server.security.http.RMAuthenticationFilter) to context logs
2026-08-04 00:04:36,632 INFO org.apache.hadoop.http.HttpServer2: Added filter YARNAuthenticationFilter (class=org.apache.hadoop.yarn.server.security.http.RMAuthenticationFilter) to context static
2026-08-04 00:04:36,633 INFO org.apache.hadoop.http.HttpServer2: Added filter static_user_filter (class=org.apache.hadoop.http.lib.StaticUserWebFilter$StaticUserFilter) to context cluster
2026-08-04 00:04:36,633 INFO org.apache.hadoop.http.HttpServer2: Added filter static_user_filter (class=org.apache.hadoop.http.lib.StaticUserWebFilter$StaticUserFilter) to context logs
2026-08-04 00:04:36,633 INFO org.apache.hadoop.http.HttpServer2: Added filter static_user_filter (class=org.apache.hadoop.http.lib.StaticUserWebFilter$StaticUserFilter) to context static
2026-08-04 00:04:36,637 INFO org.apache.hadoop.http.HttpServer2: adding path spec: /cluster/*
2026-08-04 00:04:36,638 INFO org.apache.hadoop.http.HttpServer2: adding path spec: /ws/*
2026-08-04 00:04:36,644 INFO org.apache.hadoop.http.HttpServer2: Jetty bound to port 8088
2026-08-04 00:04:36,644 INFO org.mortbay.log: jetty-6.1.26
2026-08-04 00:04:36,663 INFO org.mortbay.log: Extract jar:file:/home/user/bigdata/hadoop-2.5.1/share/hadoop/yarn/hadoop-yarn-common-2.5.1.jar!/webapps/cluster to /tmp/Jetty_0_0_0_0_8088_cluster____u0rgz3/webapp
2026-08-04 00:04:36,869 WARN org.apache.hadoop.security.authentication.server.AuthenticationFilter: 'signature.secret' configuration not set, using a random value as secret
2026-08-04 00:04:36,931 WARN org.apache.hadoop.security.authentication.server.AuthenticationFilter: 'signature.secret' configuration not set, using a random value as secret
2026-08-04 00:04:36,931 WARN org.apache.hadoop.security.authentication.server.AuthenticationFilter: 'signature.secret' configuration not set, using a random value as secret
2026-08-04 00:04:36,935 INFO org.mortbay.log: Started HttpServer2$SelectChannelConnectorWithSafeStartup@0.0.0.0:8088
2026-08-04 00:04:36,935 INFO org.apache.hadoop.yarn.webapp.WebApps: Web app /cluster started at 8088
2026-08-04 00:04:37,441 INFO org.apache.hadoop.yarn.webapp.WebApps: Registered webapp guice modules
2026-08-04 00:04:37,459 INFO org.apache.hadoop.ipc.CallQueueManager: Using callQueue class java.util.concurrent.LinkedBlockingQueue
2026-08-04 00:04:37,460 INFO org.apache.hadoop.ipc.Server: Starting Socket Reader #1 for port 8033
2026-08-04 00:04:37,461 INFO org.apache.hadoop.yarn.factories.impl.pb.RpcServerFactoryPBImpl: Adding protocol org.apache.hadoop.yarn.server.api.ResourceManagerAdministrationProtocolPB to the server
2026-08-04 00:04:37,475 INFO org.apache.hadoop.ipc.Server: IPC Server Responder: starting
2026-08-04 00:04:37,491 INFO org.apache.hadoop.ipc.Server: IPC Server listener on 8033: starting
2026-08-04 00:04:39,228 INFO org.apache.hadoop.yarn.util.RackResolver: Resolved ubuntu to /default-rack
2026-08-04 00:04:39,276 INFO org.apache.hadoop.yarn.server.resourcemanager.rmnode.RMNodeImpl: ubuntu:40329 Node Transitioned from NEW to RUNNING
2026-08-04 00:04:39,282 INFO org.apache.hadoop.yarn.server.resourcemanager.ResourceTrackerService: NodeManager from node ubuntu(cmPort: 40329 httpPort: 8042) registered with capability: <memory:8192, vCores:8>, assigned nodeId ubuntu:40329
2026-08-04 00:04:39,283 INFO org.apache.hadoop.yarn.server.resourcemanager.scheduler.capacity.CapacityScheduler: Added node ubuntu:40329 clusterResource: <memory:8192, vCores:8>
2026-08-04 00:05:48,499 ERROR org.apache.hadoop.yarn.server.resourcemanager.ResourceManager: RECEIVED SIGNAL 15: SIGTERM
2026-08-04 00:05:48,508 INFO org.mortbay.log: Stopped HttpServer2$SelectChannelConnectorWithSafeStartup@0.0.0.0:8088
2026-08-04 00:05:48,610 INFO org.apache.hadoop.ipc.Server: Stopping server on 8032
2026-08-04 00:05:48,620 INFO org.apache.hadoop.ipc.Server: Stopping server on 8033
2026-08-04 00:05:48,620 INFO org.apache.hadoop.ipc.Server: Stopping IPC Server listener on 8032
2026-08-04 00:05:48,620 INFO org.apache.hadoop.ipc.Server: Stopping IPC Server listener on 8033
2026-08-04 00:05:48,620 INFO org.apache.hadoop.ipc.Server: Stopping IPC Server Responder
2026-08-04 00:05:48,621 INFO org.apache.hadoop.yarn.server.resourcemanager.ResourceManager: Transitioning to standby state
2026-08-04 00:05:48,621 INFO org.apache.hadoop.metrics2.impl.MetricsSystemImpl: Stopping ResourceManager metrics system...
2026-08-04 00:05:48,621 INFO org.apache.hadoop.ipc.Server: Stopping IPC Server Responder
2026-08-04 00:05:48,628 INFO org.apache.hadoop.metrics2.impl.MetricsSystemImpl: ResourceManager metrics system stopped.
2026-08-04 00:05:48,628 INFO org.apache.hadoop.metrics2.impl.MetricsSystemImpl: ResourceManager metrics system shutdown complete.
2026-08-04 00:05:48,628 INFO org.apache.hadoop.yarn.event.AsyncDispatcher: AsyncDispatcher is draining to stop, igonring any new events.
2026-08-04 00:05:48,629 WARN org.apache.hadoop.yarn.server.resourcemanager.amlauncher.ApplicationMasterLauncher: org.apache.hadoop.yarn.server.resourcemanager.amlauncher.ApplicationMasterLauncher$LauncherThread interrupted. Returning.
2026-08-04 00:05:48,629 INFO org.apache.hadoop.ipc.Server: Stopping server on 8030
2026-08-04 00:05:48,637 INFO org.apache.hadoop.ipc.Server: Stopping IPC Server listener on 8030
2026-08-04 00:05:48,640 INFO org.apache.hadoop.ipc.Server: Stopping server on 8031
2026-08-04 00:05:48,641 INFO org.apache.hadoop.ipc.Server: Stopping IPC Server Responder
2026-08-04 00:05:48,641 INFO org.apache.hadoop.ipc.Server: Stopping IPC Server listener on 8031
2026-08-04 00:05:48,644 INFO org.apache.hadoop.yarn.util.AbstractLivelinessMonitor: NMLivelinessMonitor thread interrupted
2026-08-04 00:05:48,664 INFO org.apache.hadoop.ipc.Server: Stopping IPC Server Responder
2026-08-04 00:05:48,660 ERROR org.apache.hadoop.yarn.server.resourcemanager.ResourceManager: Returning, interrupted : java.lang.InterruptedException
2026-08-04 00:05:48,664 INFO org.apache.hadoop.yarn.event.AsyncDispatcher: AsyncDispatcher is draining to stop, igonring any new events.
2026-08-04 00:05:48,665 INFO org.apache.hadoop.yarn.event.AsyncDispatcher: AsyncDispatcher is draining to stop, igonring any new events.
2026-08-04 00:05:48,665 INFO org.apache.hadoop.yarn.event.AsyncDispatcher: AsyncDispatcher is draining to stop, igonring any new events.
2026-08-04 00:05:48,665 INFO org.apache.hadoop.yarn.event.AsyncDispatcher: AsyncDispatcher is draining to stop, igonring any new events.
2026-08-04 00:05:48,666 INFO org.apache.hadoop.yarn.event.AsyncDispatcher: AsyncDispatcher is draining to stop, igonring any new events.
2026-08-04 00:05:48,667 INFO org.apache.hadoop.yarn.event.AsyncDispatcher: AsyncDispatcher is draining to stop, igonring any new events.
2026-08-04 00:05:48,667 INFO org.apache.hadoop.yarn.event.AsyncDispatcher: AsyncDispatcher is draining to stop, igonring any new events.
2026-08-04 00:05:48,668 INFO org.apache.hadoop.yarn.event.AsyncDispatcher: AsyncDispatcher is draining to stop, igonring any new events.
2026-08-04 00:05:48,672 INFO org.apache.hadoop.yarn.event.AsyncDispatcher: AsyncDispatcher is draining to stop, igonring any new events.
2026-08-04 00:05:48,673 INFO org.apache.hadoop.yarn.event.AsyncDispatcher: AsyncDispatcher is draining to stop, igonring any new events.
2026-08-04 00:05:48,674 INFO org.apache.hadoop.yarn.util.AbstractLivelinessMonitor: org.apache.hadoop.yarn.server.resourcemanager.rmcontainer.ContainerAllocationExpirer thread interrupted
2026-08-04 00:05:48,674 INFO org.apache.hadoop.yarn.util.AbstractLivelinessMonitor: AMLivelinessMonitor thread interrupted
2026-08-04 00:05:48,674 INFO org.apache.hadoop.yarn.util.AbstractLivelinessMonitor: AMLivelinessMonitor thread interrupted
2026-08-04 00:05:48,674 ERROR org.apache.hadoop.security.token.delegation.AbstractDelegationTokenSecretManager: ExpiredTokenRemover received java.lang.InterruptedException: sleep interrupted
2026-08-04 00:05:48,675 INFO org.apache.hadoop.yarn.server.resourcemanager.ResourceManager: Transitioned to standby state
2026-08-04 00:05:48,675 INFO org.apache.hadoop.yarn.server.resourcemanager.ResourceManager: SHUTDOWN_MSG: 
/************************************************************
SHUTDOWN_MSG: Shutting down ResourceManager at ubuntu/127.0.1.1
************************************************************/
2026-08-04 00:10:31,341 INFO org.apache.hadoop.yarn.server.resourcemanager.ResourceManager: STARTUP_MSG: 
/************************************************************
STARTUP_MSG: Starting ResourceManager
STARTUP_MSG:   host = ubuntu/127.0.1.1
STARTUP_MSG:   args = []
STARTUP_MSG:   version = 2.5.1
STARTUP_MSG:   classpath = /home/user/bigdata/hadoop-2.5.1/etc/hadoop:/home/user/bigdata/hadoop-2.5.1/etc/hadoop:/home/user/bigdata/hadoop-2.5.1/etc/hadoop:/home/user/bigdata/hadoop-2.5.1/share/hadoop/common/lib/jetty-util-6.1.26.jar:/home/user/bigdata/hadoop-2.5.1/share/hadoop/common/lib/apacheds-kerberos-codec-2.0.0-M15.jar:/home/user/bigdata/hadoop-2.5.1/share/hadoop/common/lib/commons-collections-3.2.1.jar:/home/user/bigdata/hadoop-2.5.1/share/hadoop/common/lib/jackson-core-asl-1.9.13.jar:/home/user/bigdata/hadoop-2.5.1/share/hadoop/common/lib/slf4j-log4j12-1.7.5.jar:/home/user/bigdata/hadoop-2.5.1/share/hadoop/common/lib/zookeeper-3.4.6.jar:/home/user/bigdata/hadoop-2.5.1/share/hadoop/common/lib/hadoop-auth-2.5.1.jar:/home/user/bigdata/hadoop-2.5.1/share/hadoop/common/lib/junit-4.11.jar:/home/user/bigdata/hadoop-2.5.1/share/hadoop/common/lib/api-util-1.0.0-M20.jar:/home/user/bigdata/hadoop-2.5.1/share/hadoop/common/lib/api-asn1-api-1.0.0-M20.jar:/home/user/bigdata/hadoop-2.5.1/share/hadoop/common/lib/jersey-core-1.9.jar:/home/user/bigdata/hadoop-2.5.1/share/hadoop/common/lib/commons-math3-3.1.1.jar:/home/user/bigdata/hadoop-2.5.1/share/hadoop/common/lib/jaxb-api-2.2.2.jar:/home/user/bigdata/hadoop-2.5.1/share/hadoop/common/lib/jackson-xc-1.9.13.jar:/home/user/bigdata/hadoop-2.5.1/share/hadoop/common/lib/commons-configuration-1.6.jar:/home/user/bigdata/hadoop-2.5.1/share/hadoop/common/lib/stax-api-1.0-2.jar:/home/user/bigdata/hadoop-2.5.1/share/hadoop/common/lib/jsr305-1.3.9.jar:/home/user/bigdata/hadoop-2.5.1/share/hadoop/common/lib/jackson-jaxrs-1.9.13.jar:/home/user/bigdata/hadoop-2.5.1/share/hadoop/common/lib/log4j-1.2.17.jar:/home/user/bigdata/hadoop-2.5.1/share/hadoop/common/lib/jersey-server-1.9.jar:/home/user/bigdata/hadoop-2.5.1/share/hadoop/common/lib/java-xmlbuilder-0.4.jar:/home/user/bigdata/hadoop-2.5.1/share/hadoop/common/lib/avro-1.7.4.jar:/home/user/bigdata/hadoop-2.5.1/share/hadoop/common/lib/commons-logging-1.1.3.jar:/home/user/bigdata/hadoop-2.5.1/share/hadoop/common/lib/slf4j-api-1.7.5.jar:/home/user/bigdata/hadoop-2.5.1/share/hadoop/common/lib/httpcore-4.2.5.jar:/home/user/bigdata/hadoop-2.5.1/share/hadoop/common/lib/jaxb-impl-2.2.3-1.jar:/home/user/bigdata/hadoop-2.5.1/share/hadoop/common/lib/httpclient-4.2.5.jar:/home/user/bigdata/hadoop-2.5.1/share/hadoop/common/lib/jersey-json-1.9.jar:/home/user/bigdata/hadoop-2.5.1/share/hadoop/common/lib/commons-lang-2.6.jar:/home/user/bigdata/hadoop-2.5.1/share/hadoop/common/lib/commons-httpclient-3.1.jar:/home/user/bigdata/hadoop-2.5.1/share/hadoop/common/lib/jettison-1.1.jar:/home/user/bigdata/hadoop-2.5.1/share/hadoop/common/lib/netty-3.6.2.Final.jar:/home/user/bigdata/hadoop-2.5.1/share/hadoop/common/lib/commons-digester-1.8.jar:/home/user/bigdata/hadoop-2.5.1/share/hadoop/common/lib/apacheds-i18n-2.0.0-M15.jar:/home/user/bigdata/hadoop-2.5.1/share/hadoop/common/lib/commons-compress-1.4.1.jar:/home/user/bigdata/hadoop-2.5.1/share/hadoop/common/lib/commons-net-3.1.jar:/home/user/bigdata/hadoop-2.5.1/share/hadoop/common/lib/jsp-api-2.1.jar:/home/user/bigdata/hadoop-2.5.1/share/hadoop/common/lib/snappy-java-1.0.4.1.jar:/home/user/bigdata/hadoop-2.5.1/share/hadoop/common/lib/commons-el-1.0.jar:/home/user/bigdata/hadoop-2.5.1/share/hadoop/common/lib/hamcrest-core-1.3.jar:/home/user/bigdata/hadoop-2.5.1/share/hadoop/common/lib/xz-1.0.jar:/home/user/bigdata/hadoop-2.5.1/share/hadoop/common/lib/paranamer-2.3.jar:/home/user/bigdata/hadoop-2.5.1/share/hadoop/common/lib/commons-beanutils-core-1.8.0.jar:/home/user/bigdata/hadoop-2.5.1/share/hadoop/common/lib/commons-io-2.4.jar:/home/user/bigdata/hadoop-2.5.1/share/hadoop/common/lib/xmlenc-0.52.jar:/home/user/bigdata/hadoop-2.5.1/share/hadoop/common/lib/jasper-compiler-5.5.23.jar:/home/user/bigdata/hadoop-2.5.1/share/hadoop/common/lib/mockito-all-1.8.5.jar:/home/user/bigdata/hadoop-2.5.1/share/hadoop/common/lib/guava-11.0.2.jar:/home/user/bigdata/hadoop-2.5.1/share/hadoop/common/lib/jasper-runtime-5.5.23.jar:/home/user/bigdata/hadoop-2.5.1/share/hadoop/common/lib/commons-beanutils-1.7.0.jar:/home/user/bigdata/hadoop-2.5.1/share/hadoop/common/lib/servlet-api-2.5.jar:/home/user/bigdata/hadoop-2.5.1/share/hadoop/common/lib/jets3t-0.9.0.jar:/home/user/bigdata/hadoop-2.5.1/share/hadoop/common/lib/hadoop-annotations-2.5.1.jar:/home/user/bigdata/hadoop-2.5.1/share/hadoop/common/lib/protobuf-java-2.5.0.jar:/home/user/bigdata/hadoop-2.5.1/share/hadoop/common/lib/commons-codec-1.4.jar:/home/user/bigdata/hadoop-2.5.1/share/hadoop/common/lib/activation-1.1.jar:/home/user/bigdata/hadoop-2.5.1/share/hadoop/common/lib/jackson-mapper-asl-1.9.13.jar:/home/user/bigdata/hadoop-2.5.1/share/hadoop/common/lib/commons-cli-1.2.jar:/home/user/bigdata/hadoop-2.5.1/share/hadoop/common/lib/jsch-0.1.42.jar:/home/user/bigdata/hadoop-2.5.1/share/hadoop/common/lib/jetty-6.1.26.jar:/home/user/bigdata/hadoop-2.5.1/share/hadoop/common/lib/asm-3.2.jar:/home/user/bigdata/hadoop-2.5.1/share/hadoop/common/hadoop-nfs-2.5.1.jar:/home/user/bigdata/hadoop-2.5.1/share/hadoop/common/hadoop-common-2.5.1.jar:/home/user/bigdata/hadoop-2.5.1/share/hadoop/common/hadoop-common-2.5.1-tests.jar:/home/user/bigdata/hadoop-2.5.1/share/hadoop/hdfs:/home/user/bigdata/hadoop-2.5.1/share/hadoop/hdfs/lib/jetty-util-6.1.26.jar:/home/user/bigdata/hadoop-2.5.1/share/hadoop/hdfs/lib/jackson-core-asl-1.9.13.jar:/home/user/bigdata/hadoop-2.5.1/share/hadoop/hdfs/lib/jersey-core-1.9.jar:/home/user/bigdata/hadoop-2.5.1/share/hadoop/hdfs/lib/jsr305-1.3.9.jar:/home/user/bigdata/hadoop-2.5.1/share/hadoop/hdfs/lib/log4j-1.2.17.jar:/home/user/bigdata/hadoop-2.5.1/share/hadoop/hdfs/lib/jersey-server-1.9.jar:/home/user/bigdata/hadoop-2.5.1/share/hadoop/hdfs/lib/commons-logging-1.1.3.jar:/home/user/bigdata/hadoop-2.5.1/share/hadoop/hdfs/lib/commons-lang-2.6.jar:/home/user/bigdata/hadoop-2.5.1/share/hadoop/hdfs/lib/netty-3.6.2.Final.jar:/home/user/bigdata/hadoop-2.5.1/share/hadoop/hdfs/lib/jsp-api-2.1.jar:/home/user/bigdata/hadoop-2.5.1/share/hadoop/hdfs/lib/commons-el-1.0.jar:/home/user/bigdata/hadoop-2.5.1/share/hadoop/hdfs/lib/commons-io-2.4.jar:/home/user/bigdata/hadoop-2.5.1/share/hadoop/hdfs/lib/xmlenc-0.52.jar:/home/user/bigdata/hadoop-2.5.1/share/hadoop/hdfs/lib/guava-11.0.2.jar:/home/user/bigdata/hadoop-2.5.1/share/hadoop/hdfs/lib/jasper-runtime-5.5.23.jar:/home/user/bigdata/hadoop-2.5.1/share/hadoop/hdfs/lib/servlet-api-2.5.jar:/home/user/bigdata/hadoop-2.5.1/share/hadoop/hdfs/lib/protobuf-java-2.5.0.jar:/home/user/bigdata/hadoop-2.5.1/share/hadoop/hdfs/lib/commons-codec-1.4.jar:/home/user/bigdata/hadoop-2.5.1/share/hadoop/hdfs/lib/jackson-mapper-asl-1.9.13.jar:/home/user/bigdata/hadoop-2.5.1/share/hadoop/hdfs/lib/commons-cli-1.2.jar:/home/user/bigdata/hadoop-2.5.1/share/hadoop/hdfs/lib/jetty-6.1.26.jar:/home/user/bigdata/hadoop-2.5.1/share/hadoop/hdfs/lib/commons-daemon-1.0.13.jar:/home/user/bigdata/hadoop-2.5.1/share/hadoop/hdfs/lib/asm-3.2.jar:/home/user/bigdata/hadoop-2.5.1/share/hadoop/hdfs/hadoop-hdfs-2.5.1-tests.jar:/home/user/bigdata/hadoop-2.5.1/share/hadoop/hdfs/hadoop-hdfs-2.5.1.jar:/home/user/bigdata/hadoop-2.5.1/share/hadoop/hdfs/hadoop-hdfs-nfs-2.5.1.jar:/home/user/bigdata/hadoop-2.5.1/share/hadoop/yarn/lib/jetty-util-6.1.26.jar:/home/user/bigdata/hadoop-2.5.1/share/hadoop/yarn/lib/guice-servlet-3.0.jar:/home/user/bigdata/hadoop-2.5.1/share/hadoop/yarn/lib/commons-collections-3.2.1.jar:/home/user/bigdata/hadoop-2.5.1/share/hadoop/yarn/lib/jackson-core-asl-1.9.13.jar:/home/user/bigdata/hadoop-2.5.1/share/hadoop/yarn/lib/zookeeper-3.4.6.jar:/home/user/bigdata/hadoop-2.5.1/share/hadoop/yarn/lib/jersey-client-1.9.jar:/home/user/bigdata/hadoop-2.5.1/share/hadoop/yarn/lib/jersey-core-1.9.jar:/home/user/bigdata/hadoop-2.5.1/share/hadoop/yarn/lib/jaxb-api-2.2.2.jar:/home/user/bigdata/hadoop-2.5.1/share/hadoop/yarn/lib/aopalliance-1.0.jar:/home/user/bigdata/hadoop-2.5.1/share/hadoop/yarn/lib/jackson-xc-1.9.13.jar:/home/user/bigdata/hadoop-2.5.1/share/hadoop/yarn/lib/jersey-guice-1.9.jar:/home/user/bigdata/hadoop-2.5.1/share/hadoop/yarn/lib/stax-api-1.0-2.jar:/home/user/bigdata/hadoop-2.5.1/share/hadoop/yarn/lib/jsr305-1.3.9.jar:/home/user/bigdata/hadoop-2.5.1/share/hadoop/yarn/lib/jackson-jaxrs-1.9.13.jar:/home/user/bigdata/hadoop-2.5.1/share/hadoop/yarn/lib/log4j-1.2.17.jar:/home/user/bigdata/hadoop-2.5.1/share/hadoop/yarn/lib/jline-0.9.94.jar:/home/user/bigdata/hadoop-2.5.1/share/hadoop/yarn/lib/jersey-server-1.9.jar:/home/user/bigdata/hadoop-2.5.1/share/hadoop/yarn/lib/commons-logging-1.1.3.jar:/home/user/bigdata/hadoop-2.5.1/share/hadoop/yarn/lib/jaxb-impl-2.2.3-1.jar:/home/user/bigdata/hadoop-2.5.1/share/hadoop/yarn/lib/javax.inject-1.jar:/home/user/bigdata/hadoop-2.5.1/share/hadoop/yarn/lib/jersey-json-1.9.jar:/home/user/bigdata/hadoop-2.5.1/share/hadoop/yarn/lib/commons-lang-2.6.jar:/home/user/bigdata/hadoop-2.5.1/share/hadoop/yarn/lib/commons-httpclient-3.1.jar:/home/user/bigdata/hadoop-2.5.1/share/hadoop/yarn/lib/jettison-1.1.jar:/home/user/bigdata/hadoop-2.5.1/share/hadoop/yarn/lib/netty-3.6.2.Final.jar:/home/user/bigdata/hadoop-2.5.1/share/hadoop/yarn/lib/commons-compress-1.4.1.jar:/home/user/bigdata/hadoop-2.5.1/share/hadoop/yarn/lib/xz-1.0.jar:/home/user/bigdata/hadoop-2.5.1/share/hadoop/yarn/lib/commons-io-2.4.jar:/home/user/bigdata/hadoop-2.5.1/share/hadoop/yarn/lib/leveldbjni-all-1.8.jar:/home/user/bigdata/hadoop-2.5.1/share/hadoop/yarn/lib/guava-11.0.2.jar:/home/user/bigdata/hadoop-2.5.1/share/hadoop/yarn/lib/servlet-api-2.5.jar:/home/user/bigdata/hadoop-2.5.1/share/hadoop/yarn/lib/protobuf-java-2.5.0.jar:/home/user/bigdata/hadoop-2.5.1/share/hadoop/yarn/lib/commons-codec-1.4.jar:/home/user/bigdata/hadoop-2.5.1/share/hadoop/yarn/lib/activation-1.1.jar:/home/user/bigdata/hadoop-2.5.1/share/hadoop/yarn/lib/jackson-mapper-asl-1.9.13.jar:/home/user/bigdata/hadoop-2.5.1/share/hadoop/yarn/lib/guice-3.0.jar:/home/user/bigdata/hadoop-2.5.1/share/hadoop/yarn/lib/commons-cli-1.2.jar:/home/user/bigdata/hadoop-2.5.1/share/hadoop/yarn/lib/jetty-6.1.26.jar:/home/user/bigdata/hadoop-2.5.1/share/hadoop/yarn/lib/asm-3.2.jar:/home/user/bigdata/hadoop-2.5.1/share/hadoop/yarn/hadoop-yarn-server-web-proxy-2.5.1.jar:/home/user/bigdata/hadoop-2.5.1/share/hadoop/yarn/hadoop-yarn-applications-unmanaged-am-launcher-2.5.1.jar:/home/user/bigdata/hadoop-2.5.1/share/hadoop/yarn/hadoop-yarn-applications-distributedshell-2.5.1.jar:/home/user/bigdata/hadoop-2.5.1/share/hadoop/yarn/hadoop-yarn-server-nodemanager-2.5.1.jar:/home/user/bigdata/hadoop-2.5.1/share/hadoop/yarn/hadoop-yarn-server-tests-2.5.1.jar:/home/user/bigdata/hadoop-2.5.1/share/hadoop/yarn/hadoop-yarn-server-common-2.5.1.jar:/home/user/bigdata/hadoop-2.5.1/share/hadoop/yarn/hadoop-yarn-common-2.5.1.jar:/home/user/bigdata/hadoop-2.5.1/share/hadoop/yarn/hadoop-yarn-server-resourcemanager-2.5.1.jar:/home/user/bigdata/hadoop-2.5.1/share/hadoop/yarn/hadoop-yarn-client-2.5.1.jar:/home/user/bigdata/hadoop-2.5.1/share/hadoop/yarn/hadoop-yarn-server-applicationhistoryservice-2.5.1.jar:/home/user/bigdata/hadoop-2.5.1/share/hadoop/yarn/hadoop-yarn-api-2.5.1.jar:/home/user/bigdata/hadoop-2.5.1/share/hadoop/mapreduce/lib/guice-servlet-3.0.jar:/home/user/bigdata/hadoop-2.5.1/share/hadoop/mapreduce/lib/jackson-core-asl-1.9.13.jar:/home/user/bigdata/hadoop-2.5.1/share/hadoop/mapreduce/lib/junit-4.11.jar:/home/user/bigdata/hadoop-2.5.1/share/hadoop/mapreduce/lib/jersey-core-1.9.jar:/home/user/bigdata/hadoop-2.5.1/share/hadoop/mapreduce/lib/aopalliance-1.0.jar:/home/user/bigdata/hadoop-2.5.1/share/hadoop/mapreduce/lib/jersey-guice-1.9.jar:/home/user/bigdata/hadoop-2.5.1/share/hadoop/mapreduce/lib/log4j-1.2.17.jar:/home/user/bigdata/hadoop-2.5.1/share/hadoop/mapreduce/lib/jersey-server-1.9.jar:/home/user/bigdata/hadoop-2.5.1/share/hadoop/mapreduce/lib/avro-1.7.4.jar:/home/user/bigdata/hadoop-2.5.1/share/hadoop/mapreduce/lib/javax.inject-1.jar:/home/user/bigdata/hadoop-2.5.1/share/hadoop/mapreduce/lib/netty-3.6.2.Final.jar:/home/user/bigdata/hadoop-2.5.1/share/hadoop/mapreduce/lib/commons-compress-1.4.1.jar:/home/user/bigdata/hadoop-2.5.1/share/hadoop/mapreduce/lib/snappy-java-1.0.4.1.jar:/home/user/bigdata/hadoop-2.5.1/share/hadoop/mapreduce/lib/hamcrest-core-1.3.jar:/home/user/bigdata/hadoop-2.5.1/share/hadoop/mapreduce/lib/xz-1.0.jar:/home/user/bigdata/hadoop-2.5.1/share/hadoop/mapreduce/lib/paranamer-2.3.jar:/home/user/bigdata/hadoop-2.5.1/share/hadoop/mapreduce/lib/commons-io-2.4.jar:/home/user/bigdata/hadoop-2.5.1/share/hadoop/mapreduce/lib/leveldbjni-all-1.8.jar:/home/user/bigdata/hadoop-2.5.1/share/hadoop/mapreduce/lib/hadoop-annotations-2.5.1.jar:/home/user/bigdata/hadoop-2.5.1/share/hadoop/mapreduce/lib/protobuf-java-2.5.0.jar:/home/user/bigdata/hadoop-2.5.1/share/hadoop/mapreduce/lib/jackson-mapper-asl-1.9.13.jar:/home/user/bigdata/hadoop-2.5.1/share/hadoop/mapreduce/lib/guice-3.0.jar:/home/user/bigdata/hadoop-2.5.1/share/hadoop/mapreduce/lib/asm-3.2.jar:/home/user/bigdata/hadoop-2.5.1/share/hadoop/mapreduce/hadoop-mapreduce-client-common-2.5.1.jar:/home/user/bigdata/hadoop-2.5.1/share/hadoop/mapreduce/hadoop-mapreduce-client-hs-2.5.1.jar:/home/user/bigdata/hadoop-2.5.1/share/hadoop/mapreduce/hadoop-mapreduce-client-shuffle-2.5.1.jar:/home/user/bigdata/hadoop-2.5.1/share/hadoop/mapreduce/hadoop-mapreduce-client-core-2.5.1.jar:/home/user/bigdata/hadoop-2.5.1/share/hadoop/mapreduce/hadoop-mapreduce-client-jobclient-2.5.1.jar:/home/user/bigdata/hadoop-2.5.1/share/hadoop/mapreduce/hadoop-mapreduce-client-hs-plugins-2.5.1.jar:/home/user/bigdata/hadoop-2.5.1/share/hadoop/mapreduce/hadoop-mapreduce-client-jobclient-2.5.1-tests.jar:/home/user/bigdata/hadoop-2.5.1/share/hadoop/mapreduce/hadoop-mapreduce-examples-2.5.1.jar:/home/user/bigdata/hadoop-2.5.1/share/hadoop/mapreduce/hadoop-mapreduce-client-app-2.5.1.jar:/home/user/bigdata/hadoop-2.5.1//contrib/capacity-scheduler/*.jar:/home/user/bigdata/hadoop-2.5.1//contrib/capacity-scheduler/*.jar:/home/user/bigdata/hadoop-2.5.1//contrib/capacity-scheduler/*.jar:/home/user/bigdata/hadoop-2.5.1/share/hadoop/yarn/hadoop-yarn-server-web-proxy-2.5.1.jar:/home/user/bigdata/hadoop-2.5.1/share/hadoop/yarn/hadoop-yarn-applications-unmanaged-am-launcher-2.5.1.jar:/home/user/bigdata/hadoop-2.5.1/share/hadoop/yarn/hadoop-yarn-applications-distributedshell-2.5.1.jar:/home/user/bigdata/hadoop-2.5.1/share/hadoop/yarn/hadoop-yarn-server-nodemanager-2.5.1.jar:/home/user/bigdata/hadoop-2.5.1/share/hadoop/yarn/hadoop-yarn-server-tests-2.5.1.jar:/home/user/bigdata/hadoop-2.5.1/share/hadoop/yarn/hadoop-yarn-server-common-2.5.1.jar:/home/user/bigdata/hadoop-2.5.1/share/hadoop/yarn/hadoop-yarn-common-2.5.1.jar:/home/user/bigdata/hadoop-2.5.1/share/hadoop/yarn/hadoop-yarn-server-resourcemanager-2.5.1.jar:/home/user/bigdata/hadoop-2.5.1/share/hadoop/yarn/hadoop-yarn-client-2.5.1.jar:/home/user/bigdata/hadoop-2.5.1/share/hadoop/yarn/hadoop-yarn-server-applicationhistoryservice-2.5.1.jar:/home/user/bigdata/hadoop-2.5.1/share/hadoop/yarn/hadoop-yarn-api-2.5.1.jar:/home/user/bigdata/hadoop-2.5.1/share/hadoop/yarn/lib/jetty-util-6.1.26.jar:/home/user/bigdata/hadoop-2.5.1/share/hadoop/yarn/lib/guice-servlet-3.0.jar:/home/user/bigdata/hadoop-2.5.1/share/hadoop/yarn/lib/commons-collections-3.2.1.jar:/home/user/bigdata/hadoop-2.5.1/share/hadoop/yarn/lib/jackson-core-asl-1.9.13.jar:/home/user/bigdata/hadoop-2.5.1/share/hadoop/yarn/lib/zookeeper-3.4.6.jar:/home/user/bigdata/hadoop-2.5.1/share/hadoop/yarn/lib/jersey-client-1.9.jar:/home/user/bigdata/hadoop-2.5.1/share/hadoop/yarn/lib/jersey-core-1.9.jar:/home/user/bigdata/hadoop-2.5.1/share/hadoop/yarn/lib/jaxb-api-2.2.2.jar:/home/user/bigdata/hadoop-2.5.1/share/hadoop/yarn/lib/aopalliance-1.0.jar:/home/user/bigdata/hadoop-2.5.1/share/hadoop/yarn/lib/jackson-xc-1.9.13.jar:/home/user/bigdata/hadoop-2.5.1/share/hadoop/yarn/lib/jersey-guice-1.9.jar:/home/user/bigdata/hadoop-2.5.1/share/hadoop/yarn/lib/stax-api-1.0-2.jar:/home/user/bigdata/hadoop-2.5.1/share/hadoop/yarn/lib/jsr305-1.3.9.jar:/home/user/bigdata/hadoop-2.5.1/share/hadoop/yarn/lib/jackson-jaxrs-1.9.13.jar:/home/user/bigdata/hadoop-2.5.1/share/hadoop/yarn/lib/log4j-1.2.17.jar:/home/user/bigdata/hadoop-2.5.1/share/hadoop/yarn/lib/jline-0.9.94.jar:/home/user/bigdata/hadoop-2.5.1/share/hadoop/yarn/lib/jersey-server-1.9.jar:/home/user/bigdata/hadoop-2.5.1/share/hadoop/yarn/lib/commons-logging-1.1.3.jar:/home/user/bigdata/hadoop-2.5.1/share/hadoop/yarn/lib/jaxb-impl-2.2.3-1.jar:/home/user/bigdata/hadoop-2.5.1/share/hadoop/yarn/lib/javax.inject-1.jar:/home/user/bigdata/hadoop-2.5.1/share/hadoop/yarn/lib/jersey-json-1.9.jar:/home/user/bigdata/hadoop-2.5.1/share/hadoop/yarn/lib/commons-lang-2.6.jar:/home/user/bigdata/hadoop-2.5.1/share/hadoop/yarn/lib/commons-httpclient-3.1.jar:/home/user/bigdata/hadoop-2.5.1/share/hadoop/yarn/lib/jettison-1.1.jar:/home/user/bigdata/hadoop-2.5.1/share/hadoop/yarn/lib/netty-3.6.2.Final.jar:/home/user/bigdata/hadoop-2.5.1/share/hadoop/yarn/lib/commons-compress-1.4.1.jar:/home/user/bigdata/hadoop-2.5.1/share/hadoop/yarn/lib/xz-1.0.jar:/home/user/bigdata/hadoop-2.5.1/share/hadoop/yarn/lib/commons-io-2.4.jar:/home/user/bigdata/hadoop-2.5.1/share/hadoop/yarn/lib/leveldbjni-all-1.8.jar:/home/user/bigdata/hadoop-2.5.1/share/hadoop/yarn/lib/guava-11.0.2.jar:/home/user/bigdata/hadoop-2.5.1/share/hadoop/yarn/lib/servlet-api-2.5.jar:/home/user/bigdata/hadoop-2.5.1/share/hadoop/yarn/lib/protobuf-java-2.5.0.jar:/home/user/bigdata/hadoop-2.5.1/share/hadoop/yarn/lib/commons-codec-1.4.jar:/home/user/bigdata/hadoop-2.5.1/share/hadoop/yarn/lib/activation-1.1.jar:/home/user/bigdata/hadoop-2.5.1/share/hadoop/yarn/lib/jackson-mapper-asl-1.9.13.jar:/home/user/bigdata/hadoop-2.5.1/share/hadoop/yarn/lib/guice-3.0.jar:/home/user/bigdata/hadoop-2.5.1/share/hadoop/yarn/lib/commons-cli-1.2.jar:/home/user/bigdata/hadoop-2.5.1/share/hadoop/yarn/lib/jetty-6.1.26.jar:/home/user/bigdata/hadoop-2.5.1/share/hadoop/yarn/lib/asm-3.2.jar:/home/user/bigdata/hadoop-2.5.1/etc/hadoop/rm-config/log4j.properties
STARTUP_MSG:   build = https://git-wip-us.apache.org/repos/asf/hadoop.git -r 2e18d179e4a8065b6a9f29cf2de9451891265cce; compiled by 'jenkins' on 2014-09-05T23:11Z
STARTUP_MSG:   java = 1.8.0_362
************************************************************/
2026-08-04 00:10:31,352 INFO org.apache.hadoop.yarn.server.resourcemanager.ResourceManager: registered UNIX signal handlers for [TERM, HUP, INT]
2026-08-04 00:10:31,584 INFO org.apache.hadoop.conf.Configuration: found resource core-site.xml at file:/home/user/bigdata/hadoop-2.5.1/etc/hadoop/core-site.xml
2026-08-04 00:10:31,679 INFO org.apache.hadoop.security.Groups: clearing userToGroupsMap cache
2026-08-04 00:10:31,690 INFO org.apache.hadoop.conf.Configuration: found resource yarn-site.xml at file:/home/user/bigdata/hadoop-2.5.1/etc/hadoop/yarn-site.xml
2026-08-04 00:10:31,775 INFO org.apache.hadoop.yarn.event.AsyncDispatcher: Registering class org.apache.hadoop.yarn.server.resourcemanager.RMFatalEventType for class org.apache.hadoop.yarn.server.resourcemanager.ResourceManager$RMFatalEventDispatcher
2026-08-04 00:10:31,894 INFO org.apache.hadoop.yarn.server.resourcemanager.security.NMTokenSecretManagerInRM: NMTokenKeyRollingInterval: 86400000ms and NMTokenKeyActivationDelay: 900000ms
2026-08-04 00:10:31,899 INFO org.apache.hadoop.yarn.server.resourcemanager.security.RMContainerTokenSecretManager: ContainerTokenKeyRollingInterval: 86400000ms and ContainerTokenKeyActivationDelay: 900000ms
2026-08-04 00:10:31,901 INFO org.apache.hadoop.yarn.server.resourcemanager.security.AMRMTokenSecretManager: Rolling master-key for amrm-tokens
2026-08-04 00:10:31,935 INFO org.apache.hadoop.yarn.event.AsyncDispatcher: Registering class org.apache.hadoop.yarn.server.resourcemanager.recovery.RMStateStoreEventType for class org.apache.hadoop.yarn.server.resourcemanager.recovery.RMStateStore$ForwardingEventHandler
2026-08-04 00:10:32,208 INFO org.apache.hadoop.yarn.event.AsyncDispatcher: Registering class org.apache.hadoop.yarn.server.resourcemanager.NodesListManagerEventType for class org.apache.hadoop.yarn.server.resourcemanager.NodesListManager
2026-08-04 00:10:32,209 INFO org.apache.hadoop.yarn.server.resourcemanager.ResourceManager: Using Scheduler: org.apache.hadoop.yarn.server.resourcemanager.scheduler.capacity.CapacityScheduler
2026-08-04 00:10:32,260 INFO org.apache.hadoop.yarn.event.AsyncDispatcher: Registering class org.apache.hadoop.yarn.server.resourcemanager.scheduler.event.SchedulerEventType for class org.apache.hadoop.yarn.server.resourcemanager.ResourceManager$SchedulerEventDispatcher
2026-08-04 00:10:32,261 INFO org.apache.hadoop.yarn.event.AsyncDispatcher: Registering class org.apache.hadoop.yarn.server.resourcemanager.rmapp.RMAppEventType for class org.apache.hadoop.yarn.server.resourcemanager.ResourceManager$ApplicationEventDispatcher
2026-08-04 00:10:32,262 INFO org.apache.hadoop.yarn.event.AsyncDispatcher: Registering class org.apache.hadoop.yarn.server.resourcemanager.rmapp.attempt.RMAppAttemptEventType for class org.apache.hadoop.yarn.server.resourcemanager.ResourceManager$ApplicationAttemptEventDispatcher
2026-08-04 00:10:32,263 INFO org.apache.hadoop.yarn.event.AsyncDispatcher: Registering class org.apache.hadoop.yarn.server.resourcemanager.rmnode.RMNodeEventType for class org.apache.hadoop.yarn.server.resourcemanager.ResourceManager$NodeEventDispatcher
2026-08-04 00:10:32,342 INFO org.apache.hadoop.metrics2.impl.MetricsConfig: loaded properties from hadoop-metrics2.properties
2026-08-04 00:10:32,482 INFO org.apache.hadoop.metrics2.impl.MetricsSystemImpl: Scheduled snapshot period at 10 second(s).
2026-08-04 00:10:32,482 INFO org.apache.hadoop.metrics2.impl.MetricsSystemImpl: ResourceManager metrics system started
2026-08-04 00:10:32,549 INFO org.apache.hadoop.yarn.event.AsyncDispatcher: Registering class org.apache.hadoop.yarn.server.resourcemanager.RMAppManagerEventType for class org.apache.hadoop.yarn.server.resourcemanager.RMAppManager
2026-08-04 00:10:32,569 INFO org.apache.hadoop.yarn.event.AsyncDispatcher: Registering class org.apache.hadoop.yarn.server.resourcemanager.amlauncher.AMLauncherEventType for class org.apache.hadoop.yarn.server.resourcemanager.amlauncher.ApplicationMasterLauncher
2026-08-04 00:10:32,573 INFO org.apache.hadoop.yarn.server.resourcemanager.RMNMInfo: Registered RMNMInfo MBean
2026-08-04 00:10:32,579 INFO org.apache.hadoop.yarn.event.AsyncDispatcher: Registering class org.apache.hadoop.yarn.server.resourcemanager.ahs.WritingHistoryEventType for class org.apache.hadoop.yarn.server.resourcemanager.ahs.RMApplicationHistoryWriter$ForwardingEventHandler
2026-08-04 00:10:32,579 INFO org.apache.hadoop.yarn.event.AsyncDispatcher: Registering class org.apache.hadoop.yarn.server.resourcemanager.ahs.WritingHistoryEventType for class org.apache.hadoop.yarn.server.resourcemanager.ahs.RMApplicationHistoryWriter$ForwardingEventHandler
2026-08-04 00:10:32,579 INFO org.apache.hadoop.yarn.event.AsyncDispatcher: Registering class org.apache.hadoop.yarn.server.resourcemanager.ahs.WritingHistoryEventType for class org.apache.hadoop.yarn.server.resourcemanager.ahs.RMApplicationHistoryWriter$ForwardingEventHandler
2026-08-04 00:10:32,579 INFO org.apache.hadoop.yarn.event.AsyncDispatcher: Registering class org.apache.hadoop.yarn.server.resourcemanager.ahs.WritingHistoryEventType for class org.apache.hadoop.yarn.server.resourcemanager.ahs.RMApplicationHistoryWriter$ForwardingEventHandler
2026-08-04 00:10:32,579 INFO org.apache.hadoop.yarn.event.AsyncDispatcher: Registering class org.apache.hadoop.yarn.server.resourcemanager.ahs.WritingHistoryEventType for class org.apache.hadoop.yarn.server.resourcemanager.ahs.RMApplicationHistoryWriter$ForwardingEventHandler
2026-08-04 00:10:32,579 INFO org.apache.hadoop.yarn.event.AsyncDispatcher: Registering class org.apache.hadoop.yarn.server.resourcemanager.ahs.WritingHistoryEventType for class org.apache.hadoop.yarn.server.resourcemanager.ahs.RMApplicationHistoryWriter$ForwardingEventHandler
2026-08-04 00:10:32,579 INFO org.apache.hadoop.yarn.event.AsyncDispatcher: Registering class org.apache.hadoop.yarn.server.resourcemanager.ahs.WritingHistoryEventType for class org.apache.hadoop.yarn.server.resourcemanager.ahs.RMApplicationHistoryWriter$ForwardingEventHandler
2026-08-04 00:10:32,580 INFO org.apache.hadoop.yarn.event.AsyncDispatcher: Registering class org.apache.hadoop.yarn.server.resourcemanager.ahs.WritingHistoryEventType for class org.apache.hadoop.yarn.server.resourcemanager.ahs.RMApplicationHistoryWriter$ForwardingEventHandler
2026-08-04 00:10:32,580 INFO org.apache.hadoop.yarn.event.AsyncDispatcher: Registering class org.apache.hadoop.yarn.server.resourcemanager.ahs.WritingHistoryEventType for class org.apache.hadoop.yarn.server.resourcemanager.ahs.RMApplicationHistoryWriter$ForwardingEventHandler
2026-08-04 00:10:32,580 INFO org.apache.hadoop.yarn.event.AsyncDispatcher: Registering class org.apache.hadoop.yarn.server.resourcemanager.ahs.WritingHistoryEventType for class org.apache.hadoop.yarn.server.resourcemanager.ahs.RMApplicationHistoryWriter$ForwardingEventHandler
2026-08-04 00:10:32,584 INFO org.apache.hadoop.util.HostsFileReader: Refreshing hosts (include/exclude) list
2026-08-04 00:10:32,592 INFO org.apache.hadoop.conf.Configuration: found resource capacity-scheduler.xml at file:/home/user/bigdata/hadoop-2.5.1/etc/hadoop/capacity-scheduler.xml
2026-08-04 00:10:32,705 INFO org.apache.hadoop.yarn.server.resourcemanager.scheduler.capacity.ParentQueue: root, capacity=1.0, asboluteCapacity=1.0, maxCapacity=1.0, asboluteMaxCapacity=1.0, state=RUNNING, acls=SUBMIT_APPLICATIONS:*ADMINISTER_QUEUE:*
2026-08-04 00:10:32,705 INFO org.apache.hadoop.yarn.server.resourcemanager.scheduler.capacity.ParentQueue: Initialized parent-queue root name=root, fullname=root
2026-08-04 00:10:32,724 INFO org.apache.hadoop.yarn.server.resourcemanager.scheduler.capacity.LeafQueue: Initializing default
capacity = 1.0 [= (float) configuredCapacity / 100 ]
asboluteCapacity = 1.0 [= parentAbsoluteCapacity * capacity ]
maxCapacity = 1.0 [= configuredMaxCapacity ]
absoluteMaxCapacity = 1.0 [= 1.0 maximumCapacity undefined, (parentAbsoluteMaxCapacity * maximumCapacity) / 100 otherwise ]
userLimit = 100 [= configuredUserLimit ]
userLimitFactor = 1.0 [= configuredUserLimitFactor ]
maxApplications = 10000 [= configuredMaximumSystemApplicationsPerQueue or (int)(configuredMaximumSystemApplications * absoluteCapacity)]
maxApplicationsPerUser = 10000 [= (int)(maxApplications * (userLimit / 100.0f) * userLimitFactor) ]
maxActiveApplications = 1 [= max((int)ceil((clusterResourceMemory / minimumAllocation) * maxAMResourcePerQueuePercent * absoluteMaxCapacity),1) ]
maxActiveAppsUsingAbsCap = 1 [= max((int)ceil((clusterResourceMemory / minimumAllocation) *maxAMResourcePercent * absoluteCapacity),1) ]
maxActiveApplicationsPerUser = 1 [= max((int)(maxActiveApplications * (userLimit / 100.0f) * userLimitFactor),1) ]
usedCapacity = 0.0 [= usedResourcesMemory / (clusterResourceMemory * absoluteCapacity)]
absoluteUsedCapacity = 0.0 [= usedResourcesMemory / clusterResourceMemory]
maxAMResourcePerQueuePercent = 0.1 [= configuredMaximumAMResourcePercent ]
minimumAllocationFactor = 0.875 [= (float)(maximumAllocationMemory - minimumAllocationMemory) / maximumAllocationMemory ]
numContainers = 0 [= currentNumContainers ]
state = RUNNING [= configuredState ]
acls = SUBMIT_APPLICATIONS:*ADMINISTER_QUEUE:* [= configuredAcls ]
nodeLocalityDelay = 40

2026-08-04 00:10:32,725 INFO org.apache.hadoop.yarn.server.resourcemanager.scheduler.capacity.CapacityScheduler: Initialized queue: default: capacity=1.0, absoluteCapacity=1.0, usedResources=<memory:0, vCores:0>, usedCapacity=0.0, absoluteUsedCapacity=0.0, numApps=0, numContainers=0
2026-08-04 00:10:32,726 INFO org.apache.hadoop.yarn.server.resourcemanager.scheduler.capacity.CapacityScheduler: Initialized queue: root: numChildQueue= 1, capacity=1.0, absoluteCapacity=1.0, usedResources=<memory:0, vCores:0>usedCapacity=0.0, numApps=0, numContainers=0
2026-08-04 00:10:32,727 INFO org.apache.hadoop.yarn.server.resourcemanager.scheduler.capacity.CapacityScheduler: Initialized root queue root: numChildQueue= 1, capacity=1.0, absoluteCapacity=1.0, usedResources=<memory:0, vCores:0>usedCapacity=0.0, numApps=0, numContainers=0
2026-08-04 00:10:32,728 INFO org.apache.hadoop.yarn.server.resourcemanager.scheduler.capacity.CapacityScheduler: Initialized CapacityScheduler with calculator=class org.apache.hadoop.yarn.util.resource.DefaultResourceCalculator, minimumAllocation=<<memory:1024, vCores:1>>, maximumAllocation=<<memory:8192, vCores:32>>, asynchronousScheduling=false, asyncScheduleInterval=5ms
2026-08-04 00:10:32,745 INFO org.apache.hadoop.yarn.server.resourcemanager.ResourceManager: Transitioning to active state
2026-08-04 00:10:32,755 INFO org.apache.hadoop.yarn.server.resourcemanager.security.RMContainerTokenSecretManager: Rolling master-key for container-tokens
2026-08-04 00:10:32,755 INFO org.apache.hadoop.yarn.server.resourcemanager.security.AMRMTokenSecretManager: Rolling master-key for amrm-tokens
2026-08-04 00:10:32,756 INFO org.apache.hadoop.yarn.server.resourcemanager.security.NMTokenSecretManagerInRM: Rolling master-key for nm-tokens
2026-08-04 00:10:32,757 INFO org.apache.hadoop.security.token.delegation.AbstractDelegationTokenSecretManager: Updating the current master key for generating delegation tokens
2026-08-04 00:10:32,757 INFO org.apache.hadoop.yarn.server.resourcemanager.security.RMDelegationTokenSecretManager: storing master key with keyID 1
2026-08-04 00:10:32,763 INFO org.apache.hadoop.security.token.delegation.AbstractDelegationTokenSecretManager: Starting expired delegation token remover thread, tokenRemoverScanInterval=60 min(s)
2026-08-04 00:10:32,763 INFO org.apache.hadoop.security.token.delegation.AbstractDelegationTokenSecretManager: Updating the current master key for generating delegation tokens
2026-08-04 00:10:32,763 INFO org.apache.hadoop.yarn.server.resourcemanager.security.RMDelegationTokenSecretManager: storing master key with keyID 2
2026-08-04 00:10:32,948 INFO org.apache.hadoop.ipc.CallQueueManager: Using callQueue class java.util.concurrent.LinkedBlockingQueue
2026-08-04 00:10:32,972 INFO org.apache.hadoop.ipc.Server: Starting Socket Reader #1 for port 8031
2026-08-04 00:10:32,991 INFO org.apache.hadoop.yarn.factories.impl.pb.RpcServerFactoryPBImpl: Adding protocol org.apache.hadoop.yarn.server.api.ResourceTrackerPB to the server
2026-08-04 00:10:33,003 INFO org.apache.hadoop.ipc.Server: IPC Server listener on 8031: starting
2026-08-04 00:10:33,101 INFO org.apache.hadoop.ipc.Server: IPC Server Responder: starting
2026-08-04 00:10:33,103 INFO org.apache.hadoop.ipc.CallQueueManager: Using callQueue class java.util.concurrent.LinkedBlockingQueue
2026-08-04 00:10:33,108 INFO org.apache.hadoop.ipc.Server: Starting Socket Reader #1 for port 8030
2026-08-04 00:10:33,113 INFO org.apache.hadoop.yarn.factories.impl.pb.RpcServerFactoryPBImpl: Adding protocol org.apache.hadoop.yarn.api.ApplicationMasterProtocolPB to the server
2026-08-04 00:10:33,113 INFO org.apache.hadoop.ipc.Server: IPC Server Responder: starting
2026-08-04 00:10:33,113 INFO org.apache.hadoop.ipc.Server: IPC Server listener on 8030: starting
2026-08-04 00:10:33,157 INFO org.apache.hadoop.ipc.CallQueueManager: Using callQueue class java.util.concurrent.LinkedBlockingQueue
2026-08-04 00:10:33,158 INFO org.apache.hadoop.ipc.Server: Starting Socket Reader #1 for port 8032
2026-08-04 00:10:33,159 INFO org.apache.hadoop.yarn.factories.impl.pb.RpcServerFactoryPBImpl: Adding protocol org.apache.hadoop.yarn.api.ApplicationClientProtocolPB to the server
2026-08-04 00:10:33,159 INFO org.apache.hadoop.ipc.Server: IPC Server Responder: starting
2026-08-04 00:10:33,160 INFO org.apache.hadoop.ipc.Server: IPC Server listener on 8032: starting
2026-08-04 00:10:33,167 INFO org.apache.hadoop.yarn.server.resourcemanager.ResourceManager: Transitioned to active state
2026-08-04 00:10:33,360 INFO org.mortbay.log: Logging to org.slf4j.impl.Log4jLoggerAdapter(org.mortbay.log) via org.mortbay.log.Slf4jLog
2026-08-04 00:10:33,368 INFO org.apache.hadoop.http.HttpRequestLog: Http request log for http.requests.resourcemanager is not defined
2026-08-04 00:10:33,393 INFO org.apache.hadoop.http.HttpServer2: Added global filter 'safety' (class=org.apache.hadoop.http.HttpServer2$QuotingInputFilter)
2026-08-04 00:10:33,407 INFO org.apache.hadoop.http.HttpServer2: Added filter YARNAuthenticationFilter (class=org.apache.hadoop.yarn.server.security.http.RMAuthenticationFilter) to context cluster
2026-08-04 00:10:33,407 INFO org.apache.hadoop.http.HttpServer2: Added filter YARNAuthenticationFilter (class=org.apache.hadoop.yarn.server.security.http.RMAuthenticationFilter) to context static
2026-08-04 00:10:33,407 INFO org.apache.hadoop.http.HttpServer2: Added filter YARNAuthenticationFilter (class=org.apache.hadoop.yarn.server.security.http.RMAuthenticationFilter) to context logs
2026-08-04 00:10:33,407 INFO org.apache.hadoop.http.HttpServer2: Added filter static_user_filter (class=org.apache.hadoop.http.lib.StaticUserWebFilter$StaticUserFilter) to context cluster
2026-08-04 00:10:33,407 INFO org.apache.hadoop.http.HttpServer2: Added filter static_user_filter (class=org.apache.hadoop.http.lib.StaticUserWebFilter$StaticUserFilter) to context static
2026-08-04 00:10:33,407 INFO org.apache.hadoop.http.HttpServer2: Added filter static_user_filter (class=org.apache.hadoop.http.lib.StaticUserWebFilter$StaticUserFilter) to context logs
2026-08-04 00:10:33,427 INFO org.apache.hadoop.http.HttpServer2: adding path spec: /cluster/*
2026-08-04 00:10:33,428 INFO org.apache.hadoop.http.HttpServer2: adding path spec: /ws/*
2026-08-04 00:10:33,464 INFO org.apache.hadoop.http.HttpServer2: Jetty bound to port 8088
2026-08-04 00:10:33,464 INFO org.mortbay.log: jetty-6.1.26
2026-08-04 00:10:33,548 INFO org.mortbay.log: Extract jar:file:/home/user/bigdata/hadoop-2.5.1/share/hadoop/yarn/hadoop-yarn-common-2.5.1.jar!/webapps/cluster to /tmp/Jetty_0_0_0_0_8088_cluster____u0rgz3/webapp
2026-08-04 00:10:34,017 WARN org.apache.hadoop.security.authentication.server.AuthenticationFilter: 'signature.secret' configuration not set, using a random value as secret
2026-08-04 00:10:34,050 WARN org.apache.hadoop.security.authentication.server.AuthenticationFilter: 'signature.secret' configuration not set, using a random value as secret
2026-08-04 00:10:34,051 WARN org.apache.hadoop.security.authentication.server.AuthenticationFilter: 'signature.secret' configuration not set, using a random value as secret
2026-08-04 00:10:34,059 INFO org.mortbay.log: Started HttpServer2$SelectChannelConnectorWithSafeStartup@0.0.0.0:8088
2026-08-04 00:10:34,059 INFO org.apache.hadoop.yarn.webapp.WebApps: Web app /cluster started at 8088
2026-08-04 00:10:34,824 INFO org.apache.hadoop.yarn.webapp.WebApps: Registered webapp guice modules
2026-08-04 00:10:34,850 INFO org.apache.hadoop.ipc.CallQueueManager: Using callQueue class java.util.concurrent.LinkedBlockingQueue
2026-08-04 00:10:34,850 INFO org.apache.hadoop.ipc.Server: Starting Socket Reader #1 for port 8033
2026-08-04 00:10:34,854 INFO org.apache.hadoop.yarn.factories.impl.pb.RpcServerFactoryPBImpl: Adding protocol org.apache.hadoop.yarn.server.api.ResourceManagerAdministrationProtocolPB to the server
2026-08-04 00:10:34,860 INFO org.apache.hadoop.ipc.Server: IPC Server Responder: starting
2026-08-04 00:10:34,867 INFO org.apache.hadoop.ipc.Server: IPC Server listener on 8033: starting
2026-08-04 00:10:35,843 INFO org.apache.hadoop.yarn.util.RackResolver: Resolved ubuntu to /default-rack
2026-08-04 00:10:35,846 INFO org.apache.hadoop.yarn.server.resourcemanager.ResourceTrackerService: NodeManager from node ubuntu(cmPort: 35955 httpPort: 8042) registered with capability: <memory:8192, vCores:8>, assigned nodeId ubuntu:35955
2026-08-04 00:10:35,847 INFO org.apache.hadoop.yarn.server.resourcemanager.rmnode.RMNodeImpl: ubuntu:35955 Node Transitioned from NEW to RUNNING
2026-08-04 00:10:35,848 INFO org.apache.hadoop.yarn.server.resourcemanager.scheduler.capacity.CapacityScheduler: Added node ubuntu:35955 clusterResource: <memory:8192, vCores:8>
2026-08-04 00:10:53,881 ERROR org.apache.hadoop.yarn.server.resourcemanager.ResourceManager: RECEIVED SIGNAL 15: SIGTERM
2026-08-04 00:10:53,893 INFO org.mortbay.log: Stopped HttpServer2$SelectChannelConnectorWithSafeStartup@0.0.0.0:8088
2026-08-04 00:10:53,903 INFO org.apache.hadoop.ipc.Server: Stopping server on 8032
2026-08-04 00:10:53,906 INFO org.apache.hadoop.ipc.Server: Stopping IPC Server listener on 8032
2026-08-04 00:10:53,910 INFO org.apache.hadoop.ipc.Server: Stopping server on 8033
2026-08-04 00:10:53,911 INFO org.apache.hadoop.ipc.Server: Stopping IPC Server listener on 8033
2026-08-04 00:10:53,911 INFO org.apache.hadoop.ipc.Server: Stopping IPC Server Responder
2026-08-04 00:10:53,911 INFO org.apache.hadoop.ipc.Server: Stopping IPC Server Responder
2026-08-04 00:10:53,911 INFO org.apache.hadoop.yarn.server.resourcemanager.ResourceManager: Transitioning to standby state
2026-08-04 00:10:53,912 INFO org.apache.hadoop.metrics2.impl.MetricsSystemImpl: Stopping ResourceManager metrics system...
2026-08-04 00:10:53,912 INFO org.apache.hadoop.metrics2.impl.MetricsSystemImpl: ResourceManager metrics system stopped.
2026-08-04 00:10:53,912 INFO org.apache.hadoop.metrics2.impl.MetricsSystemImpl: ResourceManager metrics system shutdown complete.
2026-08-04 00:10:53,913 INFO org.apache.hadoop.yarn.event.AsyncDispatcher: AsyncDispatcher is draining to stop, igonring any new events.
2026-08-04 00:10:53,913 WARN org.apache.hadoop.yarn.server.resourcemanager.amlauncher.ApplicationMasterLauncher: org.apache.hadoop.yarn.server.resourcemanager.amlauncher.ApplicationMasterLauncher$LauncherThread interrupted. Returning.
2026-08-04 00:10:53,913 INFO org.apache.hadoop.ipc.Server: Stopping server on 8030
2026-08-04 00:10:53,923 INFO org.apache.hadoop.ipc.Server: Stopping IPC Server listener on 8030
2026-08-04 00:10:53,923 INFO org.apache.hadoop.ipc.Server: Stopping server on 8031
2026-08-04 00:10:53,927 INFO org.apache.hadoop.ipc.Server: Stopping IPC Server Responder
2026-08-04 00:10:53,930 ERROR org.apache.hadoop.yarn.server.resourcemanager.ResourceManager: Returning, interrupted : java.lang.InterruptedException
2026-08-04 00:10:53,930 INFO org.apache.hadoop.ipc.Server: Stopping IPC Server listener on 8031
2026-08-04 00:10:53,937 INFO org.apache.hadoop.yarn.util.AbstractLivelinessMonitor: NMLivelinessMonitor thread interrupted
2026-08-04 00:10:53,938 INFO org.apache.hadoop.ipc.Server: Stopping IPC Server Responder
2026-08-04 00:10:53,938 INFO org.apache.hadoop.yarn.event.AsyncDispatcher: AsyncDispatcher is draining to stop, igonring any new events.
2026-08-04 00:10:53,938 INFO org.apache.hadoop.yarn.event.AsyncDispatcher: AsyncDispatcher is draining to stop, igonring any new events.
2026-08-04 00:10:53,942 INFO org.apache.hadoop.yarn.event.AsyncDispatcher: AsyncDispatcher is draining to stop, igonring any new events.
2026-08-04 00:10:53,943 INFO org.apache.hadoop.yarn.event.AsyncDispatcher: AsyncDispatcher is draining to stop, igonring any new events.
2026-08-04 00:10:53,944 INFO org.apache.hadoop.yarn.event.AsyncDispatcher: AsyncDispatcher is draining to stop, igonring any new events.
2026-08-04 00:10:53,945 INFO org.apache.hadoop.yarn.event.AsyncDispatcher: AsyncDispatcher is draining to stop, igonring any new events.
2026-08-04 00:10:53,945 INFO org.apache.hadoop.yarn.event.AsyncDispatcher: AsyncDispatcher is draining to stop, igonring any new events.
2026-08-04 00:10:53,945 INFO org.apache.hadoop.yarn.event.AsyncDispatcher: AsyncDispatcher is draining to stop, igonring any new events.
2026-08-04 00:10:53,946 INFO org.apache.hadoop.yarn.event.AsyncDispatcher: AsyncDispatcher is draining to stop, igonring any new events.
2026-08-04 00:10:53,946 INFO org.apache.hadoop.yarn.event.AsyncDispatcher: AsyncDispatcher is draining to stop, igonring any new events.
2026-08-04 00:10:53,947 INFO org.apache.hadoop.yarn.util.AbstractLivelinessMonitor: org.apache.hadoop.yarn.server.resourcemanager.rmcontainer.ContainerAllocationExpirer thread interrupted
2026-08-04 00:10:53,948 ERROR org.apache.hadoop.security.token.delegation.AbstractDelegationTokenSecretManager: ExpiredTokenRemover received java.lang.InterruptedException: sleep interrupted
2026-08-04 00:10:53,948 INFO org.apache.hadoop.yarn.server.resourcemanager.ResourceManager: Transitioned to standby state
2026-08-04 00:10:53,949 INFO org.apache.hadoop.yarn.server.resourcemanager.ResourceManager: SHUTDOWN_MSG: 
/************************************************************
SHUTDOWN_MSG: Shutting down ResourceManager at ubuntu/127.0.1.1
************************************************************/
2026-08-04 00:15:10,713 INFO org.apache.hadoop.yarn.server.resourcemanager.ResourceManager: STARTUP_MSG: 
/************************************************************
STARTUP_MSG: Starting ResourceManager
STARTUP_MSG:   host = ubuntu/127.0.1.1
STARTUP_MSG:   args = []
STARTUP_MSG:   version = 2.5.1
STARTUP_MSG:   classpath = /home/user/bigdata/hadoop-2.5.1/etc/hadoop:/home/user/bigdata/hadoop-2.5.1/etc/hadoop:/home/user/bigdata/hadoop-2.5.1/etc/hadoop:/home/user/bigdata/hadoop-2.5.1/share/hadoop/common/lib/jetty-util-6.1.26.jar:/home/user/bigdata/hadoop-2.5.1/share/hadoop/common/lib/apacheds-kerberos-codec-2.0.0-M15.jar:/home/user/bigdata/hadoop-2.5.1/share/hadoop/common/lib/commons-collections-3.2.1.jar:/home/user/bigdata/hadoop-2.5.1/share/hadoop/common/lib/jackson-core-asl-1.9.13.jar:/home/user/bigdata/hadoop-2.5.1/share/hadoop/common/lib/slf4j-log4j12-1.7.5.jar:/home/user/bigdata/hadoop-2.5.1/share/hadoop/common/lib/zookeeper-3.4.6.jar:/home/user/bigdata/hadoop-2.5.1/share/hadoop/common/lib/hadoop-auth-2.5.1.jar:/home/user/bigdata/hadoop-2.5.1/share/hadoop/common/lib/junit-4.11.jar:/home/user/bigdata/hadoop-2.5.1/share/hadoop/common/lib/api-util-1.0.0-M20.jar:/home/user/bigdata/hadoop-2.5.1/share/hadoop/common/lib/api-asn1-api-1.0.0-M20.jar:/home/user/bigdata/hadoop-2.5.1/share/hadoop/common/lib/jersey-core-1.9.jar:/home/user/bigdata/hadoop-2.5.1/share/hadoop/common/lib/commons-math3-3.1.1.jar:/home/user/bigdata/hadoop-2.5.1/share/hadoop/common/lib/jaxb-api-2.2.2.jar:/home/user/bigdata/hadoop-2.5.1/share/hadoop/common/lib/jackson-xc-1.9.13.jar:/home/user/bigdata/hadoop-2.5.1/share/hadoop/common/lib/commons-configuration-1.6.jar:/home/user/bigdata/hadoop-2.5.1/share/hadoop/common/lib/stax-api-1.0-2.jar:/home/user/bigdata/hadoop-2.5.1/share/hadoop/common/lib/jsr305-1.3.9.jar:/home/user/bigdata/hadoop-2.5.1/share/hadoop/common/lib/jackson-jaxrs-1.9.13.jar:/home/user/bigdata/hadoop-2.5.1/share/hadoop/common/lib/log4j-1.2.17.jar:/home/user/bigdata/hadoop-2.5.1/share/hadoop/common/lib/jersey-server-1.9.jar:/home/user/bigdata/hadoop-2.5.1/share/hadoop/common/lib/java-xmlbuilder-0.4.jar:/home/user/bigdata/hadoop-2.5.1/share/hadoop/common/lib/avro-1.7.4.jar:/home/user/bigdata/hadoop-2.5.1/share/hadoop/common/lib/commons-logging-1.1.3.jar:/home/user/bigdata/hadoop-2.5.1/share/hadoop/common/lib/slf4j-api-1.7.5.jar:/home/user/bigdata/hadoop-2.5.1/share/hadoop/common/lib/httpcore-4.2.5.jar:/home/user/bigdata/hadoop-2.5.1/share/hadoop/common/lib/jaxb-impl-2.2.3-1.jar:/home/user/bigdata/hadoop-2.5.1/share/hadoop/common/lib/httpclient-4.2.5.jar:/home/user/bigdata/hadoop-2.5.1/share/hadoop/common/lib/jersey-json-1.9.jar:/home/user/bigdata/hadoop-2.5.1/share/hadoop/common/lib/commons-lang-2.6.jar:/home/user/bigdata/hadoop-2.5.1/share/hadoop/common/lib/commons-httpclient-3.1.jar:/home/user/bigdata/hadoop-2.5.1/share/hadoop/common/lib/jettison-1.1.jar:/home/user/bigdata/hadoop-2.5.1/share/hadoop/common/lib/netty-3.6.2.Final.jar:/home/user/bigdata/hadoop-2.5.1/share/hadoop/common/lib/commons-digester-1.8.jar:/home/user/bigdata/hadoop-2.5.1/share/hadoop/common/lib/apacheds-i18n-2.0.0-M15.jar:/home/user/bigdata/hadoop-2.5.1/share/hadoop/common/lib/commons-compress-1.4.1.jar:/home/user/bigdata/hadoop-2.5.1/share/hadoop/common/lib/commons-net-3.1.jar:/home/user/bigdata/hadoop-2.5.1/share/hadoop/common/lib/jsp-api-2.1.jar:/home/user/bigdata/hadoop-2.5.1/share/hadoop/common/lib/snappy-java-1.0.4.1.jar:/home/user/bigdata/hadoop-2.5.1/share/hadoop/common/lib/commons-el-1.0.jar:/home/user/bigdata/hadoop-2.5.1/share/hadoop/common/lib/hamcrest-core-1.3.jar:/home/user/bigdata/hadoop-2.5.1/share/hadoop/common/lib/xz-1.0.jar:/home/user/bigdata/hadoop-2.5.1/share/hadoop/common/lib/paranamer-2.3.jar:/home/user/bigdata/hadoop-2.5.1/share/hadoop/common/lib/commons-beanutils-core-1.8.0.jar:/home/user/bigdata/hadoop-2.5.1/share/hadoop/common/lib/commons-io-2.4.jar:/home/user/bigdata/hadoop-2.5.1/share/hadoop/common/lib/xmlenc-0.52.jar:/home/user/bigdata/hadoop-2.5.1/share/hadoop/common/lib/jasper-compiler-5.5.23.jar:/home/user/bigdata/hadoop-2.5.1/share/hadoop/common/lib/mockito-all-1.8.5.jar:/home/user/bigdata/hadoop-2.5.1/share/hadoop/common/lib/guava-11.0.2.jar:/home/user/bigdata/hadoop-2.5.1/share/hadoop/common/lib/jasper-runtime-5.5.23.jar:/home/user/bigdata/hadoop-2.5.1/share/hadoop/common/lib/commons-beanutils-1.7.0.jar:/home/user/bigdata/hadoop-2.5.1/share/hadoop/common/lib/servlet-api-2.5.jar:/home/user/bigdata/hadoop-2.5.1/share/hadoop/common/lib/jets3t-0.9.0.jar:/home/user/bigdata/hadoop-2.5.1/share/hadoop/common/lib/hadoop-annotations-2.5.1.jar:/home/user/bigdata/hadoop-2.5.1/share/hadoop/common/lib/protobuf-java-2.5.0.jar:/home/user/bigdata/hadoop-2.5.1/share/hadoop/common/lib/commons-codec-1.4.jar:/home/user/bigdata/hadoop-2.5.1/share/hadoop/common/lib/activation-1.1.jar:/home/user/bigdata/hadoop-2.5.1/share/hadoop/common/lib/jackson-mapper-asl-1.9.13.jar:/home/user/bigdata/hadoop-2.5.1/share/hadoop/common/lib/commons-cli-1.2.jar:/home/user/bigdata/hadoop-2.5.1/share/hadoop/common/lib/jsch-0.1.42.jar:/home/user/bigdata/hadoop-2.5.1/share/hadoop/common/lib/jetty-6.1.26.jar:/home/user/bigdata/hadoop-2.5.1/share/hadoop/common/lib/asm-3.2.jar:/home/user/bigdata/hadoop-2.5.1/share/hadoop/common/hadoop-nfs-2.5.1.jar:/home/user/bigdata/hadoop-2.5.1/share/hadoop/common/hadoop-common-2.5.1.jar:/home/user/bigdata/hadoop-2.5.1/share/hadoop/common/hadoop-common-2.5.1-tests.jar:/home/user/bigdata/hadoop-2.5.1/share/hadoop/hdfs:/home/user/bigdata/hadoop-2.5.1/share/hadoop/hdfs/lib/jetty-util-6.1.26.jar:/home/user/bigdata/hadoop-2.5.1/share/hadoop/hdfs/lib/jackson-core-asl-1.9.13.jar:/home/user/bigdata/hadoop-2.5.1/share/hadoop/hdfs/lib/jersey-core-1.9.jar:/home/user/bigdata/hadoop-2.5.1/share/hadoop/hdfs/lib/jsr305-1.3.9.jar:/home/user/bigdata/hadoop-2.5.1/share/hadoop/hdfs/lib/log4j-1.2.17.jar:/home/user/bigdata/hadoop-2.5.1/share/hadoop/hdfs/lib/jersey-server-1.9.jar:/home/user/bigdata/hadoop-2.5.1/share/hadoop/hdfs/lib/commons-logging-1.1.3.jar:/home/user/bigdata/hadoop-2.5.1/share/hadoop/hdfs/lib/commons-lang-2.6.jar:/home/user/bigdata/hadoop-2.5.1/share/hadoop/hdfs/lib/netty-3.6.2.Final.jar:/home/user/bigdata/hadoop-2.5.1/share/hadoop/hdfs/lib/jsp-api-2.1.jar:/home/user/bigdata/hadoop-2.5.1/share/hadoop/hdfs/lib/commons-el-1.0.jar:/home/user/bigdata/hadoop-2.5.1/share/hadoop/hdfs/lib/commons-io-2.4.jar:/home/user/bigdata/hadoop-2.5.1/share/hadoop/hdfs/lib/xmlenc-0.52.jar:/home/user/bigdata/hadoop-2.5.1/share/hadoop/hdfs/lib/guava-11.0.2.jar:/home/user/bigdata/hadoop-2.5.1/share/hadoop/hdfs/lib/jasper-runtime-5.5.23.jar:/home/user/bigdata/hadoop-2.5.1/share/hadoop/hdfs/lib/servlet-api-2.5.jar:/home/user/bigdata/hadoop-2.5.1/share/hadoop/hdfs/lib/protobuf-java-2.5.0.jar:/home/user/bigdata/hadoop-2.5.1/share/hadoop/hdfs/lib/commons-codec-1.4.jar:/home/user/bigdata/hadoop-2.5.1/share/hadoop/hdfs/lib/jackson-mapper-asl-1.9.13.jar:/home/user/bigdata/hadoop-2.5.1/share/hadoop/hdfs/lib/commons-cli-1.2.jar:/home/user/bigdata/hadoop-2.5.1/share/hadoop/hdfs/lib/jetty-6.1.26.jar:/home/user/bigdata/hadoop-2.5.1/share/hadoop/hdfs/lib/commons-daemon-1.0.13.jar:/home/user/bigdata/hadoop-2.5.1/share/hadoop/hdfs/lib/asm-3.2.jar:/home/user/bigdata/hadoop-2.5.1/share/hadoop/hdfs/hadoop-hdfs-2.5.1-tests.jar:/home/user/bigdata/hadoop-2.5.1/share/hadoop/hdfs/hadoop-hdfs-2.5.1.jar:/home/user/bigdata/hadoop-2.5.1/share/hadoop/hdfs/hadoop-hdfs-nfs-2.5.1.jar:/home/user/bigdata/hadoop-2.5.1/share/hadoop/yarn/lib/jetty-util-6.1.26.jar:/home/user/bigdata/hadoop-2.5.1/share/hadoop/yarn/lib/guice-servlet-3.0.jar:/home/user/bigdata/hadoop-2.5.1/share/hadoop/yarn/lib/commons-collections-3.2.1.jar:/home/user/bigdata/hadoop-2.5.1/share/hadoop/yarn/lib/jackson-core-asl-1.9.13.jar:/home/user/bigdata/hadoop-2.5.1/share/hadoop/yarn/lib/zookeeper-3.4.6.jar:/home/user/bigdata/hadoop-2.5.1/share/hadoop/yarn/lib/jersey-client-1.9.jar:/home/user/bigdata/hadoop-2.5.1/share/hadoop/yarn/lib/jersey-core-1.9.jar:/home/user/bigdata/hadoop-2.5.1/share/hadoop/yarn/lib/jaxb-api-2.2.2.jar:/home/user/bigdata/hadoop-2.5.1/share/hadoop/yarn/lib/aopalliance-1.0.jar:/home/user/bigdata/hadoop-2.5.1/share/hadoop/yarn/lib/jackson-xc-1.9.13.jar:/home/user/bigdata/hadoop-2.5.1/share/hadoop/yarn/lib/jersey-guice-1.9.jar:/home/user/bigdata/hadoop-2.5.1/share/hadoop/yarn/lib/stax-api-1.0-2.jar:/home/user/bigdata/hadoop-2.5.1/share/hadoop/yarn/lib/jsr305-1.3.9.jar:/home/user/bigdata/hadoop-2.5.1/share/hadoop/yarn/lib/jackson-jaxrs-1.9.13.jar:/home/user/bigdata/hadoop-2.5.1/share/hadoop/yarn/lib/log4j-1.2.17.jar:/home/user/bigdata/hadoop-2.5.1/share/hadoop/yarn/lib/jline-0.9.94.jar:/home/user/bigdata/hadoop-2.5.1/share/hadoop/yarn/lib/jersey-server-1.9.jar:/home/user/bigdata/hadoop-2.5.1/share/hadoop/yarn/lib/commons-logging-1.1.3.jar:/home/user/bigdata/hadoop-2.5.1/share/hadoop/yarn/lib/jaxb-impl-2.2.3-1.jar:/home/user/bigdata/hadoop-2.5.1/share/hadoop/yarn/lib/javax.inject-1.jar:/home/user/bigdata/hadoop-2.5.1/share/hadoop/yarn/lib/jersey-json-1.9.jar:/home/user/bigdata/hadoop-2.5.1/share/hadoop/yarn/lib/commons-lang-2.6.jar:/home/user/bigdata/hadoop-2.5.1/share/hadoop/yarn/lib/commons-httpclient-3.1.jar:/home/user/bigdata/hadoop-2.5.1/share/hadoop/yarn/lib/jettison-1.1.jar:/home/user/bigdata/hadoop-2.5.1/share/hadoop/yarn/lib/netty-3.6.2.Final.jar:/home/user/bigdata/hadoop-2.5.1/share/hadoop/yarn/lib/commons-compress-1.4.1.jar:/home/user/bigdata/hadoop-2.5.1/share/hadoop/yarn/lib/xz-1.0.jar:/home/user/bigdata/hadoop-2.5.1/share/hadoop/yarn/lib/commons-io-2.4.jar:/home/user/bigdata/hadoop-2.5.1/share/hadoop/yarn/lib/leveldbjni-all-1.8.jar:/home/user/bigdata/hadoop-2.5.1/share/hadoop/yarn/lib/guava-11.0.2.jar:/home/user/bigdata/hadoop-2.5.1/share/hadoop/yarn/lib/servlet-api-2.5.jar:/home/user/bigdata/hadoop-2.5.1/share/hadoop/yarn/lib/protobuf-java-2.5.0.jar:/home/user/bigdata/hadoop-2.5.1/share/hadoop/yarn/lib/commons-codec-1.4.jar:/home/user/bigdata/hadoop-2.5.1/share/hadoop/yarn/lib/activation-1.1.jar:/home/user/bigdata/hadoop-2.5.1/share/hadoop/yarn/lib/jackson-mapper-asl-1.9.13.jar:/home/user/bigdata/hadoop-2.5.1/share/hadoop/yarn/lib/guice-3.0.jar:/home/user/bigdata/hadoop-2.5.1/share/hadoop/yarn/lib/commons-cli-1.2.jar:/home/user/bigdata/hadoop-2.5.1/share/hadoop/yarn/lib/jetty-6.1.26.jar:/home/user/bigdata/hadoop-2.5.1/share/hadoop/yarn/lib/asm-3.2.jar:/home/user/bigdata/hadoop-2.5.1/share/hadoop/yarn/hadoop-yarn-server-web-proxy-2.5.1.jar:/home/user/bigdata/hadoop-2.5.1/share/hadoop/yarn/hadoop-yarn-applications-unmanaged-am-launcher-2.5.1.jar:/home/user/bigdata/hadoop-2.5.1/share/hadoop/yarn/hadoop-yarn-applications-distributedshell-2.5.1.jar:/home/user/bigdata/hadoop-2.5.1/share/hadoop/yarn/hadoop-yarn-server-nodemanager-2.5.1.jar:/home/user/bigdata/hadoop-2.5.1/share/hadoop/yarn/hadoop-yarn-server-tests-2.5.1.jar:/home/user/bigdata/hadoop-2.5.1/share/hadoop/yarn/hadoop-yarn-server-common-2.5.1.jar:/home/user/bigdata/hadoop-2.5.1/share/hadoop/yarn/hadoop-yarn-common-2.5.1.jar:/home/user/bigdata/hadoop-2.5.1/share/hadoop/yarn/hadoop-yarn-server-resourcemanager-2.5.1.jar:/home/user/bigdata/hadoop-2.5.1/share/hadoop/yarn/hadoop-yarn-client-2.5.1.jar:/home/user/bigdata/hadoop-2.5.1/share/hadoop/yarn/hadoop-yarn-server-applicationhistoryservice-2.5.1.jar:/home/user/bigdata/hadoop-2.5.1/share/hadoop/yarn/hadoop-yarn-api-2.5.1.jar:/home/user/bigdata/hadoop-2.5.1/share/hadoop/mapreduce/lib/guice-servlet-3.0.jar:/home/user/bigdata/hadoop-2.5.1/share/hadoop/mapreduce/lib/jackson-core-asl-1.9.13.jar:/home/user/bigdata/hadoop-2.5.1/share/hadoop/mapreduce/lib/junit-4.11.jar:/home/user/bigdata/hadoop-2.5.1/share/hadoop/mapreduce/lib/jersey-core-1.9.jar:/home/user/bigdata/hadoop-2.5.1/share/hadoop/mapreduce/lib/aopalliance-1.0.jar:/home/user/bigdata/hadoop-2.5.1/share/hadoop/mapreduce/lib/jersey-guice-1.9.jar:/home/user/bigdata/hadoop-2.5.1/share/hadoop/mapreduce/lib/log4j-1.2.17.jar:/home/user/bigdata/hadoop-2.5.1/share/hadoop/mapreduce/lib/jersey-server-1.9.jar:/home/user/bigdata/hadoop-2.5.1/share/hadoop/mapreduce/lib/avro-1.7.4.jar:/home/user/bigdata/hadoop-2.5.1/share/hadoop/mapreduce/lib/javax.inject-1.jar:/home/user/bigdata/hadoop-2.5.1/share/hadoop/mapreduce/lib/netty-3.6.2.Final.jar:/home/user/bigdata/hadoop-2.5.1/share/hadoop/mapreduce/lib/commons-compress-1.4.1.jar:/home/user/bigdata/hadoop-2.5.1/share/hadoop/mapreduce/lib/snappy-java-1.0.4.1.jar:/home/user/bigdata/hadoop-2.5.1/share/hadoop/mapreduce/lib/hamcrest-core-1.3.jar:/home/user/bigdata/hadoop-2.5.1/share/hadoop/mapreduce/lib/xz-1.0.jar:/home/user/bigdata/hadoop-2.5.1/share/hadoop/mapreduce/lib/paranamer-2.3.jar:/home/user/bigdata/hadoop-2.5.1/share/hadoop/mapreduce/lib/commons-io-2.4.jar:/home/user/bigdata/hadoop-2.5.1/share/hadoop/mapreduce/lib/leveldbjni-all-1.8.jar:/home/user/bigdata/hadoop-2.5.1/share/hadoop/mapreduce/lib/hadoop-annotations-2.5.1.jar:/home/user/bigdata/hadoop-2.5.1/share/hadoop/mapreduce/lib/protobuf-java-2.5.0.jar:/home/user/bigdata/hadoop-2.5.1/share/hadoop/mapreduce/lib/jackson-mapper-asl-1.9.13.jar:/home/user/bigdata/hadoop-2.5.1/share/hadoop/mapreduce/lib/guice-3.0.jar:/home/user/bigdata/hadoop-2.5.1/share/hadoop/mapreduce/lib/asm-3.2.jar:/home/user/bigdata/hadoop-2.5.1/share/hadoop/mapreduce/hadoop-mapreduce-client-common-2.5.1.jar:/home/user/bigdata/hadoop-2.5.1/share/hadoop/mapreduce/hadoop-mapreduce-client-hs-2.5.1.jar:/home/user/bigdata/hadoop-2.5.1/share/hadoop/mapreduce/hadoop-mapreduce-client-shuffle-2.5.1.jar:/home/user/bigdata/hadoop-2.5.1/share/hadoop/mapreduce/hadoop-mapreduce-client-core-2.5.1.jar:/home/user/bigdata/hadoop-2.5.1/share/hadoop/mapreduce/hadoop-mapreduce-client-jobclient-2.5.1.jar:/home/user/bigdata/hadoop-2.5.1/share/hadoop/mapreduce/hadoop-mapreduce-client-hs-plugins-2.5.1.jar:/home/user/bigdata/hadoop-2.5.1/share/hadoop/mapreduce/hadoop-mapreduce-client-jobclient-2.5.1-tests.jar:/home/user/bigdata/hadoop-2.5.1/share/hadoop/mapreduce/hadoop-mapreduce-examples-2.5.1.jar:/home/user/bigdata/hadoop-2.5.1/share/hadoop/mapreduce/hadoop-mapreduce-client-app-2.5.1.jar:/home/user/bigdata/hadoop-2.5.1//contrib/capacity-scheduler/*.jar:/home/user/bigdata/hadoop-2.5.1//contrib/capacity-scheduler/*.jar:/home/user/bigdata/hadoop-2.5.1//contrib/capacity-scheduler/*.jar:/home/user/bigdata/hadoop-2.5.1/share/hadoop/yarn/hadoop-yarn-server-web-proxy-2.5.1.jar:/home/user/bigdata/hadoop-2.5.1/share/hadoop/yarn/hadoop-yarn-applications-unmanaged-am-launcher-2.5.1.jar:/home/user/bigdata/hadoop-2.5.1/share/hadoop/yarn/hadoop-yarn-applications-distributedshell-2.5.1.jar:/home/user/bigdata/hadoop-2.5.1/share/hadoop/yarn/hadoop-yarn-server-nodemanager-2.5.1.jar:/home/user/bigdata/hadoop-2.5.1/share/hadoop/yarn/hadoop-yarn-server-tests-2.5.1.jar:/home/user/bigdata/hadoop-2.5.1/share/hadoop/yarn/hadoop-yarn-server-common-2.5.1.jar:/home/user/bigdata/hadoop-2.5.1/share/hadoop/yarn/hadoop-yarn-common-2.5.1.jar:/home/user/bigdata/hadoop-2.5.1/share/hadoop/yarn/hadoop-yarn-server-resourcemanager-2.5.1.jar:/home/user/bigdata/hadoop-2.5.1/share/hadoop/yarn/hadoop-yarn-client-2.5.1.jar:/home/user/bigdata/hadoop-2.5.1/share/hadoop/yarn/hadoop-yarn-server-applicationhistoryservice-2.5.1.jar:/home/user/bigdata/hadoop-2.5.1/share/hadoop/yarn/hadoop-yarn-api-2.5.1.jar:/home/user/bigdata/hadoop-2.5.1/share/hadoop/yarn/lib/jetty-util-6.1.26.jar:/home/user/bigdata/hadoop-2.5.1/share/hadoop/yarn/lib/guice-servlet-3.0.jar:/home/user/bigdata/hadoop-2.5.1/share/hadoop/yarn/lib/commons-collections-3.2.1.jar:/home/user/bigdata/hadoop-2.5.1/share/hadoop/yarn/lib/jackson-core-asl-1.9.13.jar:/home/user/bigdata/hadoop-2.5.1/share/hadoop/yarn/lib/zookeeper-3.4.6.jar:/home/user/bigdata/hadoop-2.5.1/share/hadoop/yarn/lib/jersey-client-1.9.jar:/home/user/bigdata/hadoop-2.5.1/share/hadoop/yarn/lib/jersey-core-1.9.jar:/home/user/bigdata/hadoop-2.5.1/share/hadoop/yarn/lib/jaxb-api-2.2.2.jar:/home/user/bigdata/hadoop-2.5.1/share/hadoop/yarn/lib/aopalliance-1.0.jar:/home/user/bigdata/hadoop-2.5.1/share/hadoop/yarn/lib/jackson-xc-1.9.13.jar:/home/user/bigdata/hadoop-2.5.1/share/hadoop/yarn/lib/jersey-guice-1.9.jar:/home/user/bigdata/hadoop-2.5.1/share/hadoop/yarn/lib/stax-api-1.0-2.jar:/home/user/bigdata/hadoop-2.5.1/share/hadoop/yarn/lib/jsr305-1.3.9.jar:/home/user/bigdata/hadoop-2.5.1/share/hadoop/yarn/lib/jackson-jaxrs-1.9.13.jar:/home/user/bigdata/hadoop-2.5.1/share/hadoop/yarn/lib/log4j-1.2.17.jar:/home/user/bigdata/hadoop-2.5.1/share/hadoop/yarn/lib/jline-0.9.94.jar:/home/user/bigdata/hadoop-2.5.1/share/hadoop/yarn/lib/jersey-server-1.9.jar:/home/user/bigdata/hadoop-2.5.1/share/hadoop/yarn/lib/commons-logging-1.1.3.jar:/home/user/bigdata/hadoop-2.5.1/share/hadoop/yarn/lib/jaxb-impl-2.2.3-1.jar:/home/user/bigdata/hadoop-2.5.1/share/hadoop/yarn/lib/javax.inject-1.jar:/home/user/bigdata/hadoop-2.5.1/share/hadoop/yarn/lib/jersey-json-1.9.jar:/home/user/bigdata/hadoop-2.5.1/share/hadoop/yarn/lib/commons-lang-2.6.jar:/home/user/bigdata/hadoop-2.5.1/share/hadoop/yarn/lib/commons-httpclient-3.1.jar:/home/user/bigdata/hadoop-2.5.1/share/hadoop/yarn/lib/jettison-1.1.jar:/home/user/bigdata/hadoop-2.5.1/share/hadoop/yarn/lib/netty-3.6.2.Final.jar:/home/user/bigdata/hadoop-2.5.1/share/hadoop/yarn/lib/commons-compress-1.4.1.jar:/home/user/bigdata/hadoop-2.5.1/share/hadoop/yarn/lib/xz-1.0.jar:/home/user/bigdata/hadoop-2.5.1/share/hadoop/yarn/lib/commons-io-2.4.jar:/home/user/bigdata/hadoop-2.5.1/share/hadoop/yarn/lib/leveldbjni-all-1.8.jar:/home/user/bigdata/hadoop-2.5.1/share/hadoop/yarn/lib/guava-11.0.2.jar:/home/user/bigdata/hadoop-2.5.1/share/hadoop/yarn/lib/servlet-api-2.5.jar:/home/user/bigdata/hadoop-2.5.1/share/hadoop/yarn/lib/protobuf-java-2.5.0.jar:/home/user/bigdata/hadoop-2.5.1/share/hadoop/yarn/lib/commons-codec-1.4.jar:/home/user/bigdata/hadoop-2.5.1/share/hadoop/yarn/lib/activation-1.1.jar:/home/user/bigdata/hadoop-2.5.1/share/hadoop/yarn/lib/jackson-mapper-asl-1.9.13.jar:/home/user/bigdata/hadoop-2.5.1/share/hadoop/yarn/lib/guice-3.0.jar:/home/user/bigdata/hadoop-2.5.1/share/hadoop/yarn/lib/commons-cli-1.2.jar:/home/user/bigdata/hadoop-2.5.1/share/hadoop/yarn/lib/jetty-6.1.26.jar:/home/user/bigdata/hadoop-2.5.1/share/hadoop/yarn/lib/asm-3.2.jar:/home/user/bigdata/hadoop-2.5.1/etc/hadoop/rm-config/log4j.properties
STARTUP_MSG:   build = https://git-wip-us.apache.org/repos/asf/hadoop.git -r 2e18d179e4a8065b6a9f29cf2de9451891265cce; compiled by 'jenkins' on 2014-09-05T23:11Z
STARTUP_MSG:   java = 1.8.0_362
************************************************************/
2026-08-04 00:15:10,719 INFO org.apache.hadoop.yarn.server.resourcemanager.ResourceManager: registered UNIX signal handlers for [TERM, HUP, INT]
2026-08-04 00:15:10,813 INFO org.apache.hadoop.conf.Configuration: found resource core-site.xml at file:/home/user/bigdata/hadoop-2.5.1/etc/hadoop/core-site.xml
2026-08-04 00:15:10,853 INFO org.apache.hadoop.security.Groups: clearing userToGroupsMap cache
2026-08-04 00:15:10,857 INFO org.apache.hadoop.conf.Configuration: found resource yarn-site.xml at file:/home/user/bigdata/hadoop-2.5.1/etc/hadoop/yarn-site.xml
2026-08-04 00:15:10,900 INFO org.apache.hadoop.yarn.event.AsyncDispatcher: Registering class org.apache.hadoop.yarn.server.resourcemanager.RMFatalEventType for class org.apache.hadoop.yarn.server.resourcemanager.ResourceManager$RMFatalEventDispatcher
2026-08-04 00:15:10,975 INFO org.apache.hadoop.yarn.server.resourcemanager.security.NMTokenSecretManagerInRM: NMTokenKeyRollingInterval: 86400000ms and NMTokenKeyActivationDelay: 900000ms
2026-08-04 00:15:10,989 INFO org.apache.hadoop.yarn.server.resourcemanager.security.RMContainerTokenSecretManager: ContainerTokenKeyRollingInterval: 86400000ms and ContainerTokenKeyActivationDelay: 900000ms
2026-08-04 00:15:10,992 INFO org.apache.hadoop.yarn.server.resourcemanager.security.AMRMTokenSecretManager: Rolling master-key for amrm-tokens
2026-08-04 00:15:11,010 INFO org.apache.hadoop.yarn.event.AsyncDispatcher: Registering class org.apache.hadoop.yarn.server.resourcemanager.recovery.RMStateStoreEventType for class org.apache.hadoop.yarn.server.resourcemanager.recovery.RMStateStore$ForwardingEventHandler
2026-08-04 00:15:11,102 INFO org.apache.hadoop.yarn.event.AsyncDispatcher: Registering class org.apache.hadoop.yarn.server.resourcemanager.NodesListManagerEventType for class org.apache.hadoop.yarn.server.resourcemanager.NodesListManager
2026-08-04 00:15:11,102 INFO org.apache.hadoop.yarn.server.resourcemanager.ResourceManager: Using Scheduler: org.apache.hadoop.yarn.server.resourcemanager.scheduler.capacity.CapacityScheduler
2026-08-04 00:15:11,133 INFO org.apache.hadoop.yarn.event.AsyncDispatcher: Registering class org.apache.hadoop.yarn.server.resourcemanager.scheduler.event.SchedulerEventType for class org.apache.hadoop.yarn.server.resourcemanager.ResourceManager$SchedulerEventDispatcher
2026-08-04 00:15:11,134 INFO org.apache.hadoop.yarn.event.AsyncDispatcher: Registering class org.apache.hadoop.yarn.server.resourcemanager.rmapp.RMAppEventType for class org.apache.hadoop.yarn.server.resourcemanager.ResourceManager$ApplicationEventDispatcher
2026-08-04 00:15:11,135 INFO org.apache.hadoop.yarn.event.AsyncDispatcher: Registering class org.apache.hadoop.yarn.server.resourcemanager.rmapp.attempt.RMAppAttemptEventType for class org.apache.hadoop.yarn.server.resourcemanager.ResourceManager$ApplicationAttemptEventDispatcher
2026-08-04 00:15:11,137 INFO org.apache.hadoop.yarn.event.AsyncDispatcher: Registering class org.apache.hadoop.yarn.server.resourcemanager.rmnode.RMNodeEventType for class org.apache.hadoop.yarn.server.resourcemanager.ResourceManager$NodeEventDispatcher
2026-08-04 00:15:11,180 INFO org.apache.hadoop.metrics2.impl.MetricsConfig: loaded properties from hadoop-metrics2.properties
2026-08-04 00:15:11,215 INFO org.apache.hadoop.metrics2.impl.MetricsSystemImpl: Scheduled snapshot period at 10 second(s).
2026-08-04 00:15:11,215 INFO org.apache.hadoop.metrics2.impl.MetricsSystemImpl: ResourceManager metrics system started
2026-08-04 00:15:11,230 INFO org.apache.hadoop.yarn.event.AsyncDispatcher: Registering class org.apache.hadoop.yarn.server.resourcemanager.RMAppManagerEventType for class org.apache.hadoop.yarn.server.resourcemanager.RMAppManager
2026-08-04 00:15:11,232 INFO org.apache.hadoop.yarn.event.AsyncDispatcher: Registering class org.apache.hadoop.yarn.server.resourcemanager.amlauncher.AMLauncherEventType for class org.apache.hadoop.yarn.server.resourcemanager.amlauncher.ApplicationMasterLauncher
2026-08-04 00:15:11,233 INFO org.apache.hadoop.yarn.server.resourcemanager.RMNMInfo: Registered RMNMInfo MBean
2026-08-04 00:15:11,234 INFO org.apache.hadoop.yarn.event.AsyncDispatcher: Registering class org.apache.hadoop.yarn.server.resourcemanager.ahs.WritingHistoryEventType for class org.apache.hadoop.yarn.server.resourcemanager.ahs.RMApplicationHistoryWriter$ForwardingEventHandler
2026-08-04 00:15:11,234 INFO org.apache.hadoop.yarn.event.AsyncDispatcher: Registering class org.apache.hadoop.yarn.server.resourcemanager.ahs.WritingHistoryEventType for class org.apache.hadoop.yarn.server.resourcemanager.ahs.RMApplicationHistoryWriter$ForwardingEventHandler
2026-08-04 00:15:11,234 INFO org.apache.hadoop.yarn.event.AsyncDispatcher: Registering class org.apache.hadoop.yarn.server.resourcemanager.ahs.WritingHistoryEventType for class org.apache.hadoop.yarn.server.resourcemanager.ahs.RMApplicationHistoryWriter$ForwardingEventHandler
2026-08-04 00:15:11,234 INFO org.apache.hadoop.yarn.event.AsyncDispatcher: Registering class org.apache.hadoop.yarn.server.resourcemanager.ahs.WritingHistoryEventType for class org.apache.hadoop.yarn.server.resourcemanager.ahs.RMApplicationHistoryWriter$ForwardingEventHandler
2026-08-04 00:15:11,234 INFO org.apache.hadoop.yarn.event.AsyncDispatcher: Registering class org.apache.hadoop.yarn.server.resourcemanager.ahs.WritingHistoryEventType for class org.apache.hadoop.yarn.server.resourcemanager.ahs.RMApplicationHistoryWriter$ForwardingEventHandler
2026-08-04 00:15:11,234 INFO org.apache.hadoop.yarn.event.AsyncDispatcher: Registering class org.apache.hadoop.yarn.server.resourcemanager.ahs.WritingHistoryEventType for class org.apache.hadoop.yarn.server.resourcemanager.ahs.RMApplicationHistoryWriter$ForwardingEventHandler
2026-08-04 00:15:11,234 INFO org.apache.hadoop.yarn.event.AsyncDispatcher: Registering class org.apache.hadoop.yarn.server.resourcemanager.ahs.WritingHistoryEventType for class org.apache.hadoop.yarn.server.resourcemanager.ahs.RMApplicationHistoryWriter$ForwardingEventHandler
2026-08-04 00:15:11,234 INFO org.apache.hadoop.yarn.event.AsyncDispatcher: Registering class org.apache.hadoop.yarn.server.resourcemanager.ahs.WritingHistoryEventType for class org.apache.hadoop.yarn.server.resourcemanager.ahs.RMApplicationHistoryWriter$ForwardingEventHandler
2026-08-04 00:15:11,234 INFO org.apache.hadoop.yarn.event.AsyncDispatcher: Registering class org.apache.hadoop.yarn.server.resourcemanager.ahs.WritingHistoryEventType for class org.apache.hadoop.yarn.server.resourcemanager.ahs.RMApplicationHistoryWriter$ForwardingEventHandler
2026-08-04 00:15:11,234 INFO org.apache.hadoop.yarn.event.AsyncDispatcher: Registering class org.apache.hadoop.yarn.server.resourcemanager.ahs.WritingHistoryEventType for class org.apache.hadoop.yarn.server.resourcemanager.ahs.RMApplicationHistoryWriter$ForwardingEventHandler
2026-08-04 00:15:11,234 INFO org.apache.hadoop.util.HostsFileReader: Refreshing hosts (include/exclude) list
2026-08-04 00:15:11,235 INFO org.apache.hadoop.conf.Configuration: found resource capacity-scheduler.xml at file:/home/user/bigdata/hadoop-2.5.1/etc/hadoop/capacity-scheduler.xml
2026-08-04 00:15:11,255 INFO org.apache.hadoop.yarn.server.resourcemanager.scheduler.capacity.ParentQueue: root, capacity=1.0, asboluteCapacity=1.0, maxCapacity=1.0, asboluteMaxCapacity=1.0, state=RUNNING, acls=SUBMIT_APPLICATIONS:*ADMINISTER_QUEUE:*
2026-08-04 00:15:11,255 INFO org.apache.hadoop.yarn.server.resourcemanager.scheduler.capacity.ParentQueue: Initialized parent-queue root name=root, fullname=root
2026-08-04 00:15:11,258 INFO org.apache.hadoop.yarn.server.resourcemanager.scheduler.capacity.LeafQueue: Initializing default
capacity = 1.0 [= (float) configuredCapacity / 100 ]
asboluteCapacity = 1.0 [= parentAbsoluteCapacity * capacity ]
maxCapacity = 1.0 [= configuredMaxCapacity ]
absoluteMaxCapacity = 1.0 [= 1.0 maximumCapacity undefined, (parentAbsoluteMaxCapacity * maximumCapacity) / 100 otherwise ]
userLimit = 100 [= configuredUserLimit ]
userLimitFactor = 1.0 [= configuredUserLimitFactor ]
maxApplications = 10000 [= configuredMaximumSystemApplicationsPerQueue or (int)(configuredMaximumSystemApplications * absoluteCapacity)]
maxApplicationsPerUser = 10000 [= (int)(maxApplications * (userLimit / 100.0f) * userLimitFactor) ]
maxActiveApplications = 1 [= max((int)ceil((clusterResourceMemory / minimumAllocation) * maxAMResourcePerQueuePercent * absoluteMaxCapacity),1) ]
maxActiveAppsUsingAbsCap = 1 [= max((int)ceil((clusterResourceMemory / minimumAllocation) *maxAMResourcePercent * absoluteCapacity),1) ]
maxActiveApplicationsPerUser = 1 [= max((int)(maxActiveApplications * (userLimit / 100.0f) * userLimitFactor),1) ]
usedCapacity = 0.0 [= usedResourcesMemory / (clusterResourceMemory * absoluteCapacity)]
absoluteUsedCapacity = 0.0 [= usedResourcesMemory / clusterResourceMemory]
maxAMResourcePerQueuePercent = 0.1 [= configuredMaximumAMResourcePercent ]
minimumAllocationFactor = 0.875 [= (float)(maximumAllocationMemory - minimumAllocationMemory) / maximumAllocationMemory ]
numContainers = 0 [= currentNumContainers ]
state = RUNNING [= configuredState ]
acls = SUBMIT_APPLICATIONS:*ADMINISTER_QUEUE:* [= configuredAcls ]
nodeLocalityDelay = 40

2026-08-04 00:15:11,259 INFO org.apache.hadoop.yarn.server.resourcemanager.scheduler.capacity.CapacityScheduler: Initialized queue: default: capacity=1.0, absoluteCapacity=1.0, usedResources=<memory:0, vCores:0>, usedCapacity=0.0, absoluteUsedCapacity=0.0, numApps=0, numContainers=0
2026-08-04 00:15:11,259 INFO org.apache.hadoop.yarn.server.resourcemanager.scheduler.capacity.CapacityScheduler: Initialized queue: root: numChildQueue= 1, capacity=1.0, absoluteCapacity=1.0, usedResources=<memory:0, vCores:0>usedCapacity=0.0, numApps=0, numContainers=0
2026-08-04 00:15:11,259 INFO org.apache.hadoop.yarn.server.resourcemanager.scheduler.capacity.CapacityScheduler: Initialized root queue root: numChildQueue= 1, capacity=1.0, absoluteCapacity=1.0, usedResources=<memory:0, vCores:0>usedCapacity=0.0, numApps=0, numContainers=0
2026-08-04 00:15:11,259 INFO org.apache.hadoop.yarn.server.resourcemanager.scheduler.capacity.CapacityScheduler: Initialized CapacityScheduler with calculator=class org.apache.hadoop.yarn.util.resource.DefaultResourceCalculator, minimumAllocation=<<memory:1024, vCores:1>>, maximumAllocation=<<memory:8192, vCores:32>>, asynchronousScheduling=false, asyncScheduleInterval=5ms
2026-08-04 00:15:11,262 INFO org.apache.hadoop.yarn.server.resourcemanager.ResourceManager: Transitioning to active state
2026-08-04 00:15:11,263 INFO org.apache.hadoop.yarn.server.resourcemanager.security.RMContainerTokenSecretManager: Rolling master-key for container-tokens
2026-08-04 00:15:11,264 INFO org.apache.hadoop.yarn.server.resourcemanager.security.NMTokenSecretManagerInRM: Rolling master-key for nm-tokens
2026-08-04 00:15:11,264 INFO org.apache.hadoop.security.token.delegation.AbstractDelegationTokenSecretManager: Updating the current master key for generating delegation tokens
2026-08-04 00:15:11,264 INFO org.apache.hadoop.yarn.server.resourcemanager.security.RMDelegationTokenSecretManager: storing master key with keyID 1
2026-08-04 00:15:11,265 INFO org.apache.hadoop.yarn.server.resourcemanager.security.AMRMTokenSecretManager: Rolling master-key for amrm-tokens
2026-08-04 00:15:11,268 INFO org.apache.hadoop.security.token.delegation.AbstractDelegationTokenSecretManager: Starting expired delegation token remover thread, tokenRemoverScanInterval=60 min(s)
2026-08-04 00:15:11,268 INFO org.apache.hadoop.security.token.delegation.AbstractDelegationTokenSecretManager: Updating the current master key for generating delegation tokens
2026-08-04 00:15:11,268 INFO org.apache.hadoop.yarn.server.resourcemanager.security.RMDelegationTokenSecretManager: storing master key with keyID 2
2026-08-04 00:15:11,337 INFO org.apache.hadoop.ipc.CallQueueManager: Using callQueue class java.util.concurrent.LinkedBlockingQueue
2026-08-04 00:15:11,353 INFO org.apache.hadoop.ipc.Server: Starting Socket Reader #1 for port 8031
2026-08-04 00:15:11,373 INFO org.apache.hadoop.yarn.factories.impl.pb.RpcServerFactoryPBImpl: Adding protocol org.apache.hadoop.yarn.server.api.ResourceTrackerPB to the server
2026-08-04 00:15:11,376 INFO org.apache.hadoop.ipc.Server: IPC Server Responder: starting
2026-08-04 00:15:11,376 INFO org.apache.hadoop.ipc.Server: IPC Server listener on 8031: starting
2026-08-04 00:15:11,503 INFO org.apache.hadoop.ipc.CallQueueManager: Using callQueue class java.util.concurrent.LinkedBlockingQueue
2026-08-04 00:15:11,514 INFO org.apache.hadoop.ipc.Server: Starting Socket Reader #1 for port 8030
2026-08-04 00:15:11,525 INFO org.apache.hadoop.yarn.factories.impl.pb.RpcServerFactoryPBImpl: Adding protocol org.apache.hadoop.yarn.api.ApplicationMasterProtocolPB to the server
2026-08-04 00:15:11,525 INFO org.apache.hadoop.ipc.Server: IPC Server Responder: starting
2026-08-04 00:15:11,525 INFO org.apache.hadoop.ipc.Server: IPC Server listener on 8030: starting
2026-08-04 00:15:11,596 INFO org.apache.hadoop.ipc.CallQueueManager: Using callQueue class java.util.concurrent.LinkedBlockingQueue
2026-08-04 00:15:11,610 INFO org.apache.hadoop.ipc.Server: Starting Socket Reader #1 for port 8032
2026-08-04 00:15:11,617 INFO org.apache.hadoop.yarn.factories.impl.pb.RpcServerFactoryPBImpl: Adding protocol org.apache.hadoop.yarn.api.ApplicationClientProtocolPB to the server
2026-08-04 00:15:11,635 INFO org.apache.hadoop.ipc.Server: IPC Server Responder: starting
2026-08-04 00:15:11,639 INFO org.apache.hadoop.ipc.Server: IPC Server listener on 8032: starting
2026-08-04 00:15:11,724 INFO org.apache.hadoop.yarn.server.resourcemanager.ResourceManager: Transitioned to active state
2026-08-04 00:15:11,766 INFO org.mortbay.log: Logging to org.slf4j.impl.Log4jLoggerAdapter(org.mortbay.log) via org.mortbay.log.Slf4jLog
2026-08-04 00:15:11,768 INFO org.apache.hadoop.http.HttpRequestLog: Http request log for http.requests.resourcemanager is not defined
2026-08-04 00:15:11,774 INFO org.apache.hadoop.http.HttpServer2: Added global filter 'safety' (class=org.apache.hadoop.http.HttpServer2$QuotingInputFilter)
2026-08-04 00:15:11,778 INFO org.apache.hadoop.http.HttpServer2: Added filter YARNAuthenticationFilter (class=org.apache.hadoop.yarn.server.security.http.RMAuthenticationFilter) to context cluster
2026-08-04 00:15:11,778 INFO org.apache.hadoop.http.HttpServer2: Added filter YARNAuthenticationFilter (class=org.apache.hadoop.yarn.server.security.http.RMAuthenticationFilter) to context static
2026-08-04 00:15:11,778 INFO org.apache.hadoop.http.HttpServer2: Added filter YARNAuthenticationFilter (class=org.apache.hadoop.yarn.server.security.http.RMAuthenticationFilter) to context logs
2026-08-04 00:15:11,778 INFO org.apache.hadoop.http.HttpServer2: Added filter static_user_filter (class=org.apache.hadoop.http.lib.StaticUserWebFilter$StaticUserFilter) to context cluster
2026-08-04 00:15:11,778 INFO org.apache.hadoop.http.HttpServer2: Added filter static_user_filter (class=org.apache.hadoop.http.lib.StaticUserWebFilter$StaticUserFilter) to context static
2026-08-04 00:15:11,778 INFO org.apache.hadoop.http.HttpServer2: Added filter static_user_filter (class=org.apache.hadoop.http.lib.StaticUserWebFilter$StaticUserFilter) to context logs
2026-08-04 00:15:11,784 INFO org.apache.hadoop.http.HttpServer2: adding path spec: /cluster/*
2026-08-04 00:15:11,784 INFO org.apache.hadoop.http.HttpServer2: adding path spec: /ws/*
2026-08-04 00:15:11,790 INFO org.apache.hadoop.http.HttpServer2: Jetty bound to port 8088
2026-08-04 00:15:11,790 INFO org.mortbay.log: jetty-6.1.26
2026-08-04 00:15:11,814 INFO org.mortbay.log: Extract jar:file:/home/user/bigdata/hadoop-2.5.1/share/hadoop/yarn/hadoop-yarn-common-2.5.1.jar!/webapps/cluster to /tmp/Jetty_0_0_0_0_8088_cluster____u0rgz3/webapp
2026-08-04 00:15:11,995 WARN org.apache.hadoop.security.authentication.server.AuthenticationFilter: 'signature.secret' configuration not set, using a random value as secret
2026-08-04 00:15:12,056 WARN org.apache.hadoop.security.authentication.server.AuthenticationFilter: 'signature.secret' configuration not set, using a random value as secret
2026-08-04 00:15:12,056 WARN org.apache.hadoop.security.authentication.server.AuthenticationFilter: 'signature.secret' configuration not set, using a random value as secret
2026-08-04 00:15:12,065 INFO org.mortbay.log: Started HttpServer2$SelectChannelConnectorWithSafeStartup@0.0.0.0:8088
2026-08-04 00:15:12,065 INFO org.apache.hadoop.yarn.webapp.WebApps: Web app /cluster started at 8088
2026-08-04 00:15:12,589 INFO org.apache.hadoop.yarn.webapp.WebApps: Registered webapp guice modules
2026-08-04 00:15:12,644 INFO org.apache.hadoop.ipc.CallQueueManager: Using callQueue class java.util.concurrent.LinkedBlockingQueue
2026-08-04 00:15:12,655 INFO org.apache.hadoop.ipc.Server: Starting Socket Reader #1 for port 8033
2026-08-04 00:15:12,658 INFO org.apache.hadoop.yarn.factories.impl.pb.RpcServerFactoryPBImpl: Adding protocol org.apache.hadoop.yarn.server.api.ResourceManagerAdministrationProtocolPB to the server
2026-08-04 00:15:12,666 INFO org.apache.hadoop.ipc.Server: IPC Server Responder: starting
2026-08-04 00:15:12,674 INFO org.apache.hadoop.ipc.Server: IPC Server listener on 8033: starting
2026-08-04 00:15:15,269 INFO org.apache.hadoop.yarn.util.RackResolver: Resolved ubuntu to /default-rack
2026-08-04 00:15:15,274 INFO org.apache.hadoop.yarn.server.resourcemanager.rmnode.RMNodeImpl: ubuntu:41917 Node Transitioned from NEW to RUNNING
2026-08-04 00:15:15,275 INFO org.apache.hadoop.yarn.server.resourcemanager.scheduler.capacity.CapacityScheduler: Added node ubuntu:41917 clusterResource: <memory:8192, vCores:8>
2026-08-04 00:15:15,275 INFO org.apache.hadoop.yarn.server.resourcemanager.ResourceTrackerService: NodeManager from node ubuntu(cmPort: 41917 httpPort: 8042) registered with capability: <memory:8192, vCores:8>, assigned nodeId ubuntu:41917
2026-08-04 19:24:37,847 INFO org.apache.hadoop.yarn.server.resourcemanager.ResourceManager: STARTUP_MSG: 
/************************************************************
STARTUP_MSG: Starting ResourceManager
STARTUP_MSG:   host = ubuntu/127.0.1.1
STARTUP_MSG:   args = []
STARTUP_MSG:   version = 2.5.1
STARTUP_MSG:   classpath = /home/user/bigdata/hadoop-2.5.1/etc/hadoop:/home/user/bigdata/hadoop-2.5.1/etc/hadoop:/home/user/bigdata/hadoop-2.5.1/etc/hadoop:/home/user/bigdata/hadoop-2.5.1/share/hadoop/common/lib/jetty-util-6.1.26.jar:/home/user/bigdata/hadoop-2.5.1/share/hadoop/common/lib/apacheds-kerberos-codec-2.0.0-M15.jar:/home/user/bigdata/hadoop-2.5.1/share/hadoop/common/lib/commons-collections-3.2.1.jar:/home/user/bigdata/hadoop-2.5.1/share/hadoop/common/lib/jackson-core-asl-1.9.13.jar:/home/user/bigdata/hadoop-2.5.1/share/hadoop/common/lib/slf4j-log4j12-1.7.5.jar:/home/user/bigdata/hadoop-2.5.1/share/hadoop/common/lib/zookeeper-3.4.6.jar:/home/user/bigdata/hadoop-2.5.1/share/hadoop/common/lib/hadoop-auth-2.5.1.jar:/home/user/bigdata/hadoop-2.5.1/share/hadoop/common/lib/junit-4.11.jar:/home/user/bigdata/hadoop-2.5.1/share/hadoop/common/lib/api-util-1.0.0-M20.jar:/home/user/bigdata/hadoop-2.5.1/share/hadoop/common/lib/api-asn1-api-1.0.0-M20.jar:/home/user/bigdata/hadoop-2.5.1/share/hadoop/common/lib/jersey-core-1.9.jar:/home/user/bigdata/hadoop-2.5.1/share/hadoop/common/lib/commons-math3-3.1.1.jar:/home/user/bigdata/hadoop-2.5.1/share/hadoop/common/lib/jaxb-api-2.2.2.jar:/home/user/bigdata/hadoop-2.5.1/share/hadoop/common/lib/jackson-xc-1.9.13.jar:/home/user/bigdata/hadoop-2.5.1/share/hadoop/common/lib/commons-configuration-1.6.jar:/home/user/bigdata/hadoop-2.5.1/share/hadoop/common/lib/stax-api-1.0-2.jar:/home/user/bigdata/hadoop-2.5.1/share/hadoop/common/lib/jsr305-1.3.9.jar:/home/user/bigdata/hadoop-2.5.1/share/hadoop/common/lib/jackson-jaxrs-1.9.13.jar:/home/user/bigdata/hadoop-2.5.1/share/hadoop/common/lib/log4j-1.2.17.jar:/home/user/bigdata/hadoop-2.5.1/share/hadoop/common/lib/jersey-server-1.9.jar:/home/user/bigdata/hadoop-2.5.1/share/hadoop/common/lib/java-xmlbuilder-0.4.jar:/home/user/bigdata/hadoop-2.5.1/share/hadoop/common/lib/avro-1.7.4.jar:/home/user/bigdata/hadoop-2.5.1/share/hadoop/common/lib/commons-logging-1.1.3.jar:/home/user/bigdata/hadoop-2.5.1/share/hadoop/common/lib/slf4j-api-1.7.5.jar:/home/user/bigdata/hadoop-2.5.1/share/hadoop/common/lib/httpcore-4.2.5.jar:/home/user/bigdata/hadoop-2.5.1/share/hadoop/common/lib/jaxb-impl-2.2.3-1.jar:/home/user/bigdata/hadoop-2.5.1/share/hadoop/common/lib/httpclient-4.2.5.jar:/home/user/bigdata/hadoop-2.5.1/share/hadoop/common/lib/jersey-json-1.9.jar:/home/user/bigdata/hadoop-2.5.1/share/hadoop/common/lib/commons-lang-2.6.jar:/home/user/bigdata/hadoop-2.5.1/share/hadoop/common/lib/commons-httpclient-3.1.jar:/home/user/bigdata/hadoop-2.5.1/share/hadoop/common/lib/jettison-1.1.jar:/home/user/bigdata/hadoop-2.5.1/share/hadoop/common/lib/netty-3.6.2.Final.jar:/home/user/bigdata/hadoop-2.5.1/share/hadoop/common/lib/commons-digester-1.8.jar:/home/user/bigdata/hadoop-2.5.1/share/hadoop/common/lib/apacheds-i18n-2.0.0-M15.jar:/home/user/bigdata/hadoop-2.5.1/share/hadoop/common/lib/commons-compress-1.4.1.jar:/home/user/bigdata/hadoop-2.5.1/share/hadoop/common/lib/commons-net-3.1.jar:/home/user/bigdata/hadoop-2.5.1/share/hadoop/common/lib/jsp-api-2.1.jar:/home/user/bigdata/hadoop-2.5.1/share/hadoop/common/lib/snappy-java-1.0.4.1.jar:/home/user/bigdata/hadoop-2.5.1/share/hadoop/common/lib/commons-el-1.0.jar:/home/user/bigdata/hadoop-2.5.1/share/hadoop/common/lib/hamcrest-core-1.3.jar:/home/user/bigdata/hadoop-2.5.1/share/hadoop/common/lib/xz-1.0.jar:/home/user/bigdata/hadoop-2.5.1/share/hadoop/common/lib/paranamer-2.3.jar:/home/user/bigdata/hadoop-2.5.1/share/hadoop/common/lib/commons-beanutils-core-1.8.0.jar:/home/user/bigdata/hadoop-2.5.1/share/hadoop/common/lib/commons-io-2.4.jar:/home/user/bigdata/hadoop-2.5.1/share/hadoop/common/lib/xmlenc-0.52.jar:/home/user/bigdata/hadoop-2.5.1/share/hadoop/common/lib/jasper-compiler-5.5.23.jar:/home/user/bigdata/hadoop-2.5.1/share/hadoop/common/lib/mockito-all-1.8.5.jar:/home/user/bigdata/hadoop-2.5.1/share/hadoop/common/lib/guava-11.0.2.jar:/home/user/bigdata/hadoop-2.5.1/share/hadoop/common/lib/jasper-runtime-5.5.23.jar:/home/user/bigdata/hadoop-2.5.1/share/hadoop/common/lib/commons-beanutils-1.7.0.jar:/home/user/bigdata/hadoop-2.5.1/share/hadoop/common/lib/servlet-api-2.5.jar:/home/user/bigdata/hadoop-2.5.1/share/hadoop/common/lib/jets3t-0.9.0.jar:/home/user/bigdata/hadoop-2.5.1/share/hadoop/common/lib/hadoop-annotations-2.5.1.jar:/home/user/bigdata/hadoop-2.5.1/share/hadoop/common/lib/protobuf-java-2.5.0.jar:/home/user/bigdata/hadoop-2.5.1/share/hadoop/common/lib/commons-codec-1.4.jar:/home/user/bigdata/hadoop-2.5.1/share/hadoop/common/lib/activation-1.1.jar:/home/user/bigdata/hadoop-2.5.1/share/hadoop/common/lib/jackson-mapper-asl-1.9.13.jar:/home/user/bigdata/hadoop-2.5.1/share/hadoop/common/lib/commons-cli-1.2.jar:/home/user/bigdata/hadoop-2.5.1/share/hadoop/common/lib/jsch-0.1.42.jar:/home/user/bigdata/hadoop-2.5.1/share/hadoop/common/lib/jetty-6.1.26.jar:/home/user/bigdata/hadoop-2.5.1/share/hadoop/common/lib/asm-3.2.jar:/home/user/bigdata/hadoop-2.5.1/share/hadoop/common/hadoop-nfs-2.5.1.jar:/home/user/bigdata/hadoop-2.5.1/share/hadoop/common/hadoop-common-2.5.1.jar:/home/user/bigdata/hadoop-2.5.1/share/hadoop/common/hadoop-common-2.5.1-tests.jar:/home/user/bigdata/hadoop-2.5.1/share/hadoop/hdfs:/home/user/bigdata/hadoop-2.5.1/share/hadoop/hdfs/lib/jetty-util-6.1.26.jar:/home/user/bigdata/hadoop-2.5.1/share/hadoop/hdfs/lib/jackson-core-asl-1.9.13.jar:/home/user/bigdata/hadoop-2.5.1/share/hadoop/hdfs/lib/jersey-core-1.9.jar:/home/user/bigdata/hadoop-2.5.1/share/hadoop/hdfs/lib/jsr305-1.3.9.jar:/home/user/bigdata/hadoop-2.5.1/share/hadoop/hdfs/lib/log4j-1.2.17.jar:/home/user/bigdata/hadoop-2.5.1/share/hadoop/hdfs/lib/jersey-server-1.9.jar:/home/user/bigdata/hadoop-2.5.1/share/hadoop/hdfs/lib/commons-logging-1.1.3.jar:/home/user/bigdata/hadoop-2.5.1/share/hadoop/hdfs/lib/commons-lang-2.6.jar:/home/user/bigdata/hadoop-2.5.1/share/hadoop/hdfs/lib/netty-3.6.2.Final.jar:/home/user/bigdata/hadoop-2.5.1/share/hadoop/hdfs/lib/jsp-api-2.1.jar:/home/user/bigdata/hadoop-2.5.1/share/hadoop/hdfs/lib/commons-el-1.0.jar:/home/user/bigdata/hadoop-2.5.1/share/hadoop/hdfs/lib/commons-io-2.4.jar:/home/user/bigdata/hadoop-2.5.1/share/hadoop/hdfs/lib/xmlenc-0.52.jar:/home/user/bigdata/hadoop-2.5.1/share/hadoop/hdfs/lib/guava-11.0.2.jar:/home/user/bigdata/hadoop-2.5.1/share/hadoop/hdfs/lib/jasper-runtime-5.5.23.jar:/home/user/bigdata/hadoop-2.5.1/share/hadoop/hdfs/lib/servlet-api-2.5.jar:/home/user/bigdata/hadoop-2.5.1/share/hadoop/hdfs/lib/protobuf-java-2.5.0.jar:/home/user/bigdata/hadoop-2.5.1/share/hadoop/hdfs/lib/commons-codec-1.4.jar:/home/user/bigdata/hadoop-2.5.1/share/hadoop/hdfs/lib/jackson-mapper-asl-1.9.13.jar:/home/user/bigdata/hadoop-2.5.1/share/hadoop/hdfs/lib/commons-cli-1.2.jar:/home/user/bigdata/hadoop-2.5.1/share/hadoop/hdfs/lib/jetty-6.1.26.jar:/home/user/bigdata/hadoop-2.5.1/share/hadoop/hdfs/lib/commons-daemon-1.0.13.jar:/home/user/bigdata/hadoop-2.5.1/share/hadoop/hdfs/lib/asm-3.2.jar:/home/user/bigdata/hadoop-2.5.1/share/hadoop/hdfs/hadoop-hdfs-2.5.1-tests.jar:/home/user/bigdata/hadoop-2.5.1/share/hadoop/hdfs/hadoop-hdfs-2.5.1.jar:/home/user/bigdata/hadoop-2.5.1/share/hadoop/hdfs/hadoop-hdfs-nfs-2.5.1.jar:/home/user/bigdata/hadoop-2.5.1/share/hadoop/yarn/lib/jetty-util-6.1.26.jar:/home/user/bigdata/hadoop-2.5.1/share/hadoop/yarn/lib/guice-servlet-3.0.jar:/home/user/bigdata/hadoop-2.5.1/share/hadoop/yarn/lib/commons-collections-3.2.1.jar:/home/user/bigdata/hadoop-2.5.1/share/hadoop/yarn/lib/jackson-core-asl-1.9.13.jar:/home/user/bigdata/hadoop-2.5.1/share/hadoop/yarn/lib/zookeeper-3.4.6.jar:/home/user/bigdata/hadoop-2.5.1/share/hadoop/yarn/lib/jersey-client-1.9.jar:/home/user/bigdata/hadoop-2.5.1/share/hadoop/yarn/lib/jersey-core-1.9.jar:/home/user/bigdata/hadoop-2.5.1/share/hadoop/yarn/lib/jaxb-api-2.2.2.jar:/home/user/bigdata/hadoop-2.5.1/share/hadoop/yarn/lib/aopalliance-1.0.jar:/home/user/bigdata/hadoop-2.5.1/share/hadoop/yarn/lib/jackson-xc-1.9.13.jar:/home/user/bigdata/hadoop-2.5.1/share/hadoop/yarn/lib/jersey-guice-1.9.jar:/home/user/bigdata/hadoop-2.5.1/share/hadoop/yarn/lib/stax-api-1.0-2.jar:/home/user/bigdata/hadoop-2.5.1/share/hadoop/yarn/lib/jsr305-1.3.9.jar:/home/user/bigdata/hadoop-2.5.1/share/hadoop/yarn/lib/jackson-jaxrs-1.9.13.jar:/home/user/bigdata/hadoop-2.5.1/share/hadoop/yarn/lib/log4j-1.2.17.jar:/home/user/bigdata/hadoop-2.5.1/share/hadoop/yarn/lib/jline-0.9.94.jar:/home/user/bigdata/hadoop-2.5.1/share/hadoop/yarn/lib/jersey-server-1.9.jar:/home/user/bigdata/hadoop-2.5.1/share/hadoop/yarn/lib/commons-logging-1.1.3.jar:/home/user/bigdata/hadoop-2.5.1/share/hadoop/yarn/lib/jaxb-impl-2.2.3-1.jar:/home/user/bigdata/hadoop-2.5.1/share/hadoop/yarn/lib/javax.inject-1.jar:/home/user/bigdata/hadoop-2.5.1/share/hadoop/yarn/lib/jersey-json-1.9.jar:/home/user/bigdata/hadoop-2.5.1/share/hadoop/yarn/lib/commons-lang-2.6.jar:/home/user/bigdata/hadoop-2.5.1/share/hadoop/yarn/lib/commons-httpclient-3.1.jar:/home/user/bigdata/hadoop-2.5.1/share/hadoop/yarn/lib/jettison-1.1.jar:/home/user/bigdata/hadoop-2.5.1/share/hadoop/yarn/lib/netty-3.6.2.Final.jar:/home/user/bigdata/hadoop-2.5.1/share/hadoop/yarn/lib/commons-compress-1.4.1.jar:/home/user/bigdata/hadoop-2.5.1/share/hadoop/yarn/lib/xz-1.0.jar:/home/user/bigdata/hadoop-2.5.1/share/hadoop/yarn/lib/commons-io-2.4.jar:/home/user/bigdata/hadoop-2.5.1/share/hadoop/yarn/lib/leveldbjni-all-1.8.jar:/home/user/bigdata/hadoop-2.5.1/share/hadoop/yarn/lib/guava-11.0.2.jar:/home/user/bigdata/hadoop-2.5.1/share/hadoop/yarn/lib/servlet-api-2.5.jar:/home/user/bigdata/hadoop-2.5.1/share/hadoop/yarn/lib/protobuf-java-2.5.0.jar:/home/user/bigdata/hadoop-2.5.1/share/hadoop/yarn/lib/commons-codec-1.4.jar:/home/user/bigdata/hadoop-2.5.1/share/hadoop/yarn/lib/activation-1.1.jar:/home/user/bigdata/hadoop-2.5.1/share/hadoop/yarn/lib/jackson-mapper-asl-1.9.13.jar:/home/user/bigdata/hadoop-2.5.1/share/hadoop/yarn/lib/guice-3.0.jar:/home/user/bigdata/hadoop-2.5.1/share/hadoop/yarn/lib/commons-cli-1.2.jar:/home/user/bigdata/hadoop-2.5.1/share/hadoop/yarn/lib/jetty-6.1.26.jar:/home/user/bigdata/hadoop-2.5.1/share/hadoop/yarn/lib/asm-3.2.jar:/home/user/bigdata/hadoop-2.5.1/share/hadoop/yarn/hadoop-yarn-server-web-proxy-2.5.1.jar:/home/user/bigdata/hadoop-2.5.1/share/hadoop/yarn/hadoop-yarn-applications-unmanaged-am-launcher-2.5.1.jar:/home/user/bigdata/hadoop-2.5.1/share/hadoop/yarn/hadoop-yarn-applications-distributedshell-2.5.1.jar:/home/user/bigdata/hadoop-2.5.1/share/hadoop/yarn/hadoop-yarn-server-nodemanager-2.5.1.jar:/home/user/bigdata/hadoop-2.5.1/share/hadoop/yarn/hadoop-yarn-server-tests-2.5.1.jar:/home/user/bigdata/hadoop-2.5.1/share/hadoop/yarn/hadoop-yarn-server-common-2.5.1.jar:/home/user/bigdata/hadoop-2.5.1/share/hadoop/yarn/hadoop-yarn-common-2.5.1.jar:/home/user/bigdata/hadoop-2.5.1/share/hadoop/yarn/hadoop-yarn-server-resourcemanager-2.5.1.jar:/home/user/bigdata/hadoop-2.5.1/share/hadoop/yarn/hadoop-yarn-client-2.5.1.jar:/home/user/bigdata/hadoop-2.5.1/share/hadoop/yarn/hadoop-yarn-server-applicationhistoryservice-2.5.1.jar:/home/user/bigdata/hadoop-2.5.1/share/hadoop/yarn/hadoop-yarn-api-2.5.1.jar:/home/user/bigdata/hadoop-2.5.1/share/hadoop/mapreduce/lib/guice-servlet-3.0.jar:/home/user/bigdata/hadoop-2.5.1/share/hadoop/mapreduce/lib/jackson-core-asl-1.9.13.jar:/home/user/bigdata/hadoop-2.5.1/share/hadoop/mapreduce/lib/junit-4.11.jar:/home/user/bigdata/hadoop-2.5.1/share/hadoop/mapreduce/lib/jersey-core-1.9.jar:/home/user/bigdata/hadoop-2.5.1/share/hadoop/mapreduce/lib/aopalliance-1.0.jar:/home/user/bigdata/hadoop-2.5.1/share/hadoop/mapreduce/lib/jersey-guice-1.9.jar:/home/user/bigdata/hadoop-2.5.1/share/hadoop/mapreduce/lib/log4j-1.2.17.jar:/home/user/bigdata/hadoop-2.5.1/share/hadoop/mapreduce/lib/jersey-server-1.9.jar:/home/user/bigdata/hadoop-2.5.1/share/hadoop/mapreduce/lib/avro-1.7.4.jar:/home/user/bigdata/hadoop-2.5.1/share/hadoop/mapreduce/lib/javax.inject-1.jar:/home/user/bigdata/hadoop-2.5.1/share/hadoop/mapreduce/lib/netty-3.6.2.Final.jar:/home/user/bigdata/hadoop-2.5.1/share/hadoop/mapreduce/lib/commons-compress-1.4.1.jar:/home/user/bigdata/hadoop-2.5.1/share/hadoop/mapreduce/lib/snappy-java-1.0.4.1.jar:/home/user/bigdata/hadoop-2.5.1/share/hadoop/mapreduce/lib/hamcrest-core-1.3.jar:/home/user/bigdata/hadoop-2.5.1/share/hadoop/mapreduce/lib/xz-1.0.jar:/home/user/bigdata/hadoop-2.5.1/share/hadoop/mapreduce/lib/paranamer-2.3.jar:/home/user/bigdata/hadoop-2.5.1/share/hadoop/mapreduce/lib/commons-io-2.4.jar:/home/user/bigdata/hadoop-2.5.1/share/hadoop/mapreduce/lib/leveldbjni-all-1.8.jar:/home/user/bigdata/hadoop-2.5.1/share/hadoop/mapreduce/lib/hadoop-annotations-2.5.1.jar:/home/user/bigdata/hadoop-2.5.1/share/hadoop/mapreduce/lib/protobuf-java-2.5.0.jar:/home/user/bigdata/hadoop-2.5.1/share/hadoop/mapreduce/lib/jackson-mapper-asl-1.9.13.jar:/home/user/bigdata/hadoop-2.5.1/share/hadoop/mapreduce/lib/guice-3.0.jar:/home/user/bigdata/hadoop-2.5.1/share/hadoop/mapreduce/lib/asm-3.2.jar:/home/user/bigdata/hadoop-2.5.1/share/hadoop/mapreduce/hadoop-mapreduce-client-common-2.5.1.jar:/home/user/bigdata/hadoop-2.5.1/share/hadoop/mapreduce/hadoop-mapreduce-client-hs-2.5.1.jar:/home/user/bigdata/hadoop-2.5.1/share/hadoop/mapreduce/hadoop-mapreduce-client-shuffle-2.5.1.jar:/home/user/bigdata/hadoop-2.5.1/share/hadoop/mapreduce/hadoop-mapreduce-client-core-2.5.1.jar:/home/user/bigdata/hadoop-2.5.1/share/hadoop/mapreduce/hadoop-mapreduce-client-jobclient-2.5.1.jar:/home/user/bigdata/hadoop-2.5.1/share/hadoop/mapreduce/hadoop-mapreduce-client-hs-plugins-2.5.1.jar:/home/user/bigdata/hadoop-2.5.1/share/hadoop/mapreduce/hadoop-mapreduce-client-jobclient-2.5.1-tests.jar:/home/user/bigdata/hadoop-2.5.1/share/hadoop/mapreduce/hadoop-mapreduce-examples-2.5.1.jar:/home/user/bigdata/hadoop-2.5.1/share/hadoop/mapreduce/hadoop-mapreduce-client-app-2.5.1.jar:/usr/lib/jvm/java-8-openjdk-amd64//lib/tools.jar:/home/user/bigdata/hadoop-2.5.1//contrib/capacity-scheduler/*.jar:/home/user/bigdata/hadoop-2.5.1//contrib/capacity-scheduler/*.jar:/home/user/bigdata/hadoop-2.5.1//contrib/capacity-scheduler/*.jar:/home/user/bigdata/hadoop-2.5.1/share/hadoop/yarn/hadoop-yarn-server-web-proxy-2.5.1.jar:/home/user/bigdata/hadoop-2.5.1/share/hadoop/yarn/hadoop-yarn-applications-unmanaged-am-launcher-2.5.1.jar:/home/user/bigdata/hadoop-2.5.1/share/hadoop/yarn/hadoop-yarn-applications-distributedshell-2.5.1.jar:/home/user/bigdata/hadoop-2.5.1/share/hadoop/yarn/hadoop-yarn-server-nodemanager-2.5.1.jar:/home/user/bigdata/hadoop-2.5.1/share/hadoop/yarn/hadoop-yarn-server-tests-2.5.1.jar:/home/user/bigdata/hadoop-2.5.1/share/hadoop/yarn/hadoop-yarn-server-common-2.5.1.jar:/home/user/bigdata/hadoop-2.5.1/share/hadoop/yarn/hadoop-yarn-common-2.5.1.jar:/home/user/bigdata/hadoop-2.5.1/share/hadoop/yarn/hadoop-yarn-server-resourcemanager-2.5.1.jar:/home/user/bigdata/hadoop-2.5.1/share/hadoop/yarn/hadoop-yarn-client-2.5.1.jar:/home/user/bigdata/hadoop-2.5.1/share/hadoop/yarn/hadoop-yarn-server-applicationhistoryservice-2.5.1.jar:/home/user/bigdata/hadoop-2.5.1/share/hadoop/yarn/hadoop-yarn-api-2.5.1.jar:/home/user/bigdata/hadoop-2.5.1/share/hadoop/yarn/lib/jetty-util-6.1.26.jar:/home/user/bigdata/hadoop-2.5.1/share/hadoop/yarn/lib/guice-servlet-3.0.jar:/home/user/bigdata/hadoop-2.5.1/share/hadoop/yarn/lib/commons-collections-3.2.1.jar:/home/user/bigdata/hadoop-2.5.1/share/hadoop/yarn/lib/jackson-core-asl-1.9.13.jar:/home/user/bigdata/hadoop-2.5.1/share/hadoop/yarn/lib/zookeeper-3.4.6.jar:/home/user/bigdata/hadoop-2.5.1/share/hadoop/yarn/lib/jersey-client-1.9.jar:/home/user/bigdata/hadoop-2.5.1/share/hadoop/yarn/lib/jersey-core-1.9.jar:/home/user/bigdata/hadoop-2.5.1/share/hadoop/yarn/lib/jaxb-api-2.2.2.jar:/home/user/bigdata/hadoop-2.5.1/share/hadoop/yarn/lib/aopalliance-1.0.jar:/home/user/bigdata/hadoop-2.5.1/share/hadoop/yarn/lib/jackson-xc-1.9.13.jar:/home/user/bigdata/hadoop-2.5.1/share/hadoop/yarn/lib/jersey-guice-1.9.jar:/home/user/bigdata/hadoop-2.5.1/share/hadoop/yarn/lib/stax-api-1.0-2.jar:/home/user/bigdata/hadoop-2.5.1/share/hadoop/yarn/lib/jsr305-1.3.9.jar:/home/user/bigdata/hadoop-2.5.1/share/hadoop/yarn/lib/jackson-jaxrs-1.9.13.jar:/home/user/bigdata/hadoop-2.5.1/share/hadoop/yarn/lib/log4j-1.2.17.jar:/home/user/bigdata/hadoop-2.5.1/share/hadoop/yarn/lib/jline-0.9.94.jar:/home/user/bigdata/hadoop-2.5.1/share/hadoop/yarn/lib/jersey-server-1.9.jar:/home/user/bigdata/hadoop-2.5.1/share/hadoop/yarn/lib/commons-logging-1.1.3.jar:/home/user/bigdata/hadoop-2.5.1/share/hadoop/yarn/lib/jaxb-impl-2.2.3-1.jar:/home/user/bigdata/hadoop-2.5.1/share/hadoop/yarn/lib/javax.inject-1.jar:/home/user/bigdata/hadoop-2.5.1/share/hadoop/yarn/lib/jersey-json-1.9.jar:/home/user/bigdata/hadoop-2.5.1/share/hadoop/yarn/lib/commons-lang-2.6.jar:/home/user/bigdata/hadoop-2.5.1/share/hadoop/yarn/lib/commons-httpclient-3.1.jar:/home/user/bigdata/hadoop-2.5.1/share/hadoop/yarn/lib/jettison-1.1.jar:/home/user/bigdata/hadoop-2.5.1/share/hadoop/yarn/lib/netty-3.6.2.Final.jar:/home/user/bigdata/hadoop-2.5.1/share/hadoop/yarn/lib/commons-compress-1.4.1.jar:/home/user/bigdata/hadoop-2.5.1/share/hadoop/yarn/lib/xz-1.0.jar:/home/user/bigdata/hadoop-2.5.1/share/hadoop/yarn/lib/commons-io-2.4.jar:/home/user/bigdata/hadoop-2.5.1/share/hadoop/yarn/lib/leveldbjni-all-1.8.jar:/home/user/bigdata/hadoop-2.5.1/share/hadoop/yarn/lib/guava-11.0.2.jar:/home/user/bigdata/hadoop-2.5.1/share/hadoop/yarn/lib/servlet-api-2.5.jar:/home/user/bigdata/hadoop-2.5.1/share/hadoop/yarn/lib/protobuf-java-2.5.0.jar:/home/user/bigdata/hadoop-2.5.1/share/hadoop/yarn/lib/commons-codec-1.4.jar:/home/user/bigdata/hadoop-2.5.1/share/hadoop/yarn/lib/activation-1.1.jar:/home/user/bigdata/hadoop-2.5.1/share/hadoop/yarn/lib/jackson-mapper-asl-1.9.13.jar:/home/user/bigdata/hadoop-2.5.1/share/hadoop/yarn/lib/guice-3.0.jar:/home/user/bigdata/hadoop-2.5.1/share/hadoop/yarn/lib/commons-cli-1.2.jar:/home/user/bigdata/hadoop-2.5.1/share/hadoop/yarn/lib/jetty-6.1.26.jar:/home/user/bigdata/hadoop-2.5.1/share/hadoop/yarn/lib/asm-3.2.jar:/home/user/bigdata/hadoop-2.5.1/etc/hadoop/rm-config/log4j.properties
STARTUP_MSG:   build = https://git-wip-us.apache.org/repos/asf/hadoop.git -r 2e18d179e4a8065b6a9f29cf2de9451891265cce; compiled by 'jenkins' on 2014-09-05T23:11Z
STARTUP_MSG:   java = 1.8.0_362
************************************************************/
2026-08-04 19:24:37,852 INFO org.apache.hadoop.yarn.server.resourcemanager.ResourceManager: registered UNIX signal handlers for [TERM, HUP, INT]
2026-08-04 19:24:37,971 INFO org.apache.hadoop.conf.Configuration: found resource core-site.xml at file:/home/user/bigdata/hadoop-2.5.1/etc/hadoop/core-site.xml
2026-08-04 19:24:38,011 INFO org.apache.hadoop.security.Groups: clearing userToGroupsMap cache
2026-08-04 19:24:38,017 INFO org.apache.hadoop.conf.Configuration: found resource yarn-site.xml at file:/home/user/bigdata/hadoop-2.5.1/etc/hadoop/yarn-site.xml
2026-08-04 19:24:38,066 INFO org.apache.hadoop.yarn.event.AsyncDispatcher: Registering class org.apache.hadoop.yarn.server.resourcemanager.RMFatalEventType for class org.apache.hadoop.yarn.server.resourcemanager.ResourceManager$RMFatalEventDispatcher
2026-08-04 19:24:38,121 INFO org.apache.hadoop.yarn.server.resourcemanager.security.NMTokenSecretManagerInRM: NMTokenKeyRollingInterval: 86400000ms and NMTokenKeyActivationDelay: 900000ms
2026-08-04 19:24:38,126 INFO org.apache.hadoop.yarn.server.resourcemanager.security.RMContainerTokenSecretManager: ContainerTokenKeyRollingInterval: 86400000ms and ContainerTokenKeyActivationDelay: 900000ms
2026-08-04 19:24:38,127 INFO org.apache.hadoop.yarn.server.resourcemanager.security.AMRMTokenSecretManager: Rolling master-key for amrm-tokens
2026-08-04 19:24:38,143 INFO org.apache.hadoop.yarn.event.AsyncDispatcher: Registering class org.apache.hadoop.yarn.server.resourcemanager.recovery.RMStateStoreEventType for class org.apache.hadoop.yarn.server.resourcemanager.recovery.RMStateStore$ForwardingEventHandler
2026-08-04 19:24:38,195 INFO org.apache.hadoop.yarn.event.AsyncDispatcher: Registering class org.apache.hadoop.yarn.server.resourcemanager.NodesListManagerEventType for class org.apache.hadoop.yarn.server.resourcemanager.NodesListManager
2026-08-04 19:24:38,195 INFO org.apache.hadoop.yarn.server.resourcemanager.ResourceManager: Using Scheduler: org.apache.hadoop.yarn.server.resourcemanager.scheduler.capacity.CapacityScheduler
2026-08-04 19:24:38,217 INFO org.apache.hadoop.yarn.event.AsyncDispatcher: Registering class org.apache.hadoop.yarn.server.resourcemanager.scheduler.event.SchedulerEventType for class org.apache.hadoop.yarn.server.resourcemanager.ResourceManager$SchedulerEventDispatcher
2026-08-04 19:24:38,218 INFO org.apache.hadoop.yarn.event.AsyncDispatcher: Registering class org.apache.hadoop.yarn.server.resourcemanager.rmapp.RMAppEventType for class org.apache.hadoop.yarn.server.resourcemanager.ResourceManager$ApplicationEventDispatcher
2026-08-04 19:24:38,218 INFO org.apache.hadoop.yarn.event.AsyncDispatcher: Registering class org.apache.hadoop.yarn.server.resourcemanager.rmapp.attempt.RMAppAttemptEventType for class org.apache.hadoop.yarn.server.resourcemanager.ResourceManager$ApplicationAttemptEventDispatcher
2026-08-04 19:24:38,219 INFO org.apache.hadoop.yarn.event.AsyncDispatcher: Registering class org.apache.hadoop.yarn.server.resourcemanager.rmnode.RMNodeEventType for class org.apache.hadoop.yarn.server.resourcemanager.ResourceManager$NodeEventDispatcher
2026-08-04 19:24:38,283 INFO org.apache.hadoop.metrics2.impl.MetricsConfig: loaded properties from hadoop-metrics2.properties
2026-08-04 19:24:38,318 INFO org.apache.hadoop.metrics2.impl.MetricsSystemImpl: Scheduled snapshot period at 10 second(s).
2026-08-04 19:24:38,318 INFO org.apache.hadoop.metrics2.impl.MetricsSystemImpl: ResourceManager metrics system started
2026-08-04 19:24:38,397 INFO org.apache.hadoop.yarn.event.AsyncDispatcher: Registering class org.apache.hadoop.yarn.server.resourcemanager.RMAppManagerEventType for class org.apache.hadoop.yarn.server.resourcemanager.RMAppManager
2026-08-04 19:24:38,411 INFO org.apache.hadoop.yarn.event.AsyncDispatcher: Registering class org.apache.hadoop.yarn.server.resourcemanager.amlauncher.AMLauncherEventType for class org.apache.hadoop.yarn.server.resourcemanager.amlauncher.ApplicationMasterLauncher
2026-08-04 19:24:38,412 INFO org.apache.hadoop.yarn.server.resourcemanager.RMNMInfo: Registered RMNMInfo MBean
2026-08-04 19:24:38,413 INFO org.apache.hadoop.yarn.event.AsyncDispatcher: Registering class org.apache.hadoop.yarn.server.resourcemanager.ahs.WritingHistoryEventType for class org.apache.hadoop.yarn.server.resourcemanager.ahs.RMApplicationHistoryWriter$ForwardingEventHandler
2026-08-04 19:24:38,413 INFO org.apache.hadoop.yarn.event.AsyncDispatcher: Registering class org.apache.hadoop.yarn.server.resourcemanager.ahs.WritingHistoryEventType for class org.apache.hadoop.yarn.server.resourcemanager.ahs.RMApplicationHistoryWriter$ForwardingEventHandler
2026-08-04 19:24:38,413 INFO org.apache.hadoop.yarn.event.AsyncDispatcher: Registering class org.apache.hadoop.yarn.server.resourcemanager.ahs.WritingHistoryEventType for class org.apache.hadoop.yarn.server.resourcemanager.ahs.RMApplicationHistoryWriter$ForwardingEventHandler
2026-08-04 19:24:38,413 INFO org.apache.hadoop.yarn.event.AsyncDispatcher: Registering class org.apache.hadoop.yarn.server.resourcemanager.ahs.WritingHistoryEventType for class org.apache.hadoop.yarn.server.resourcemanager.ahs.RMApplicationHistoryWriter$ForwardingEventHandler
2026-08-04 19:24:38,413 INFO org.apache.hadoop.yarn.event.AsyncDispatcher: Registering class org.apache.hadoop.yarn.server.resourcemanager.ahs.WritingHistoryEventType for class org.apache.hadoop.yarn.server.resourcemanager.ahs.RMApplicationHistoryWriter$ForwardingEventHandler
2026-08-04 19:24:38,413 INFO org.apache.hadoop.yarn.event.AsyncDispatcher: Registering class org.apache.hadoop.yarn.server.resourcemanager.ahs.WritingHistoryEventType for class org.apache.hadoop.yarn.server.resourcemanager.ahs.RMApplicationHistoryWriter$ForwardingEventHandler
2026-08-04 19:24:38,413 INFO org.apache.hadoop.yarn.event.AsyncDispatcher: Registering class org.apache.hadoop.yarn.server.resourcemanager.ahs.WritingHistoryEventType for class org.apache.hadoop.yarn.server.resourcemanager.ahs.RMApplicationHistoryWriter$ForwardingEventHandler
2026-08-04 19:24:38,414 INFO org.apache.hadoop.yarn.event.AsyncDispatcher: Registering class org.apache.hadoop.yarn.server.resourcemanager.ahs.WritingHistoryEventType for class org.apache.hadoop.yarn.server.resourcemanager.ahs.RMApplicationHistoryWriter$ForwardingEventHandler
2026-08-04 19:24:38,414 INFO org.apache.hadoop.yarn.event.AsyncDispatcher: Registering class org.apache.hadoop.yarn.server.resourcemanager.ahs.WritingHistoryEventType for class org.apache.hadoop.yarn.server.resourcemanager.ahs.RMApplicationHistoryWriter$ForwardingEventHandler
2026-08-04 19:24:38,414 INFO org.apache.hadoop.yarn.event.AsyncDispatcher: Registering class org.apache.hadoop.yarn.server.resourcemanager.ahs.WritingHistoryEventType for class org.apache.hadoop.yarn.server.resourcemanager.ahs.RMApplicationHistoryWriter$ForwardingEventHandler
2026-08-04 19:24:38,417 INFO org.apache.hadoop.util.HostsFileReader: Refreshing hosts (include/exclude) list
2026-08-04 19:24:38,421 INFO org.apache.hadoop.conf.Configuration: found resource capacity-scheduler.xml at file:/home/user/bigdata/hadoop-2.5.1/etc/hadoop/capacity-scheduler.xml
2026-08-04 19:24:38,478 INFO org.apache.hadoop.yarn.server.resourcemanager.scheduler.capacity.ParentQueue: root, capacity=1.0, asboluteCapacity=1.0, maxCapacity=1.0, asboluteMaxCapacity=1.0, state=RUNNING, acls=SUBMIT_APPLICATIONS:*ADMINISTER_QUEUE:*
2026-08-04 19:24:38,478 INFO org.apache.hadoop.yarn.server.resourcemanager.scheduler.capacity.ParentQueue: Initialized parent-queue root name=root, fullname=root
2026-08-04 19:24:38,485 INFO org.apache.hadoop.yarn.server.resourcemanager.scheduler.capacity.LeafQueue: Initializing default
capacity = 1.0 [= (float) configuredCapacity / 100 ]
asboluteCapacity = 1.0 [= parentAbsoluteCapacity * capacity ]
maxCapacity = 1.0 [= configuredMaxCapacity ]
absoluteMaxCapacity = 1.0 [= 1.0 maximumCapacity undefined, (parentAbsoluteMaxCapacity * maximumCapacity) / 100 otherwise ]
userLimit = 100 [= configuredUserLimit ]
userLimitFactor = 1.0 [= configuredUserLimitFactor ]
maxApplications = 10000 [= configuredMaximumSystemApplicationsPerQueue or (int)(configuredMaximumSystemApplications * absoluteCapacity)]
maxApplicationsPerUser = 10000 [= (int)(maxApplications * (userLimit / 100.0f) * userLimitFactor) ]
maxActiveApplications = 1 [= max((int)ceil((clusterResourceMemory / minimumAllocation) * maxAMResourcePerQueuePercent * absoluteMaxCapacity),1) ]
maxActiveAppsUsingAbsCap = 1 [= max((int)ceil((clusterResourceMemory / minimumAllocation) *maxAMResourcePercent * absoluteCapacity),1) ]
maxActiveApplicationsPerUser = 1 [= max((int)(maxActiveApplications * (userLimit / 100.0f) * userLimitFactor),1) ]
usedCapacity = 0.0 [= usedResourcesMemory / (clusterResourceMemory * absoluteCapacity)]
absoluteUsedCapacity = 0.0 [= usedResourcesMemory / clusterResourceMemory]
maxAMResourcePerQueuePercent = 0.1 [= configuredMaximumAMResourcePercent ]
minimumAllocationFactor = 0.875 [= (float)(maximumAllocationMemory - minimumAllocationMemory) / maximumAllocationMemory ]
numContainers = 0 [= currentNumContainers ]
state = RUNNING [= configuredState ]
acls = SUBMIT_APPLICATIONS:*ADMINISTER_QUEUE:* [= configuredAcls ]
nodeLocalityDelay = 40

2026-08-04 19:24:38,485 INFO org.apache.hadoop.yarn.server.resourcemanager.scheduler.capacity.CapacityScheduler: Initialized queue: default: capacity=1.0, absoluteCapacity=1.0, usedResources=<memory:0, vCores:0>, usedCapacity=0.0, absoluteUsedCapacity=0.0, numApps=0, numContainers=0
2026-08-04 19:24:38,485 INFO org.apache.hadoop.yarn.server.resourcemanager.scheduler.capacity.CapacityScheduler: Initialized queue: root: numChildQueue= 1, capacity=1.0, absoluteCapacity=1.0, usedResources=<memory:0, vCores:0>usedCapacity=0.0, numApps=0, numContainers=0
2026-08-04 19:24:38,485 INFO org.apache.hadoop.yarn.server.resourcemanager.scheduler.capacity.CapacityScheduler: Initialized root queue root: numChildQueue= 1, capacity=1.0, absoluteCapacity=1.0, usedResources=<memory:0, vCores:0>usedCapacity=0.0, numApps=0, numContainers=0
2026-08-04 19:24:38,486 INFO org.apache.hadoop.yarn.server.resourcemanager.scheduler.capacity.CapacityScheduler: Initialized CapacityScheduler with calculator=class org.apache.hadoop.yarn.util.resource.DefaultResourceCalculator, minimumAllocation=<<memory:1024, vCores:1>>, maximumAllocation=<<memory:8192, vCores:32>>, asynchronousScheduling=false, asyncScheduleInterval=5ms
2026-08-04 19:24:38,491 INFO org.apache.hadoop.yarn.server.resourcemanager.ResourceManager: Transitioning to active state
2026-08-04 19:24:38,498 INFO org.apache.hadoop.yarn.server.resourcemanager.security.AMRMTokenSecretManager: Rolling master-key for amrm-tokens
2026-08-04 19:24:38,498 INFO org.apache.hadoop.yarn.server.resourcemanager.security.RMContainerTokenSecretManager: Rolling master-key for container-tokens
2026-08-04 19:24:38,500 INFO org.apache.hadoop.yarn.server.resourcemanager.security.NMTokenSecretManagerInRM: Rolling master-key for nm-tokens
2026-08-04 19:24:38,500 INFO org.apache.hadoop.security.token.delegation.AbstractDelegationTokenSecretManager: Updating the current master key for generating delegation tokens
2026-08-04 19:24:38,501 INFO org.apache.hadoop.yarn.server.resourcemanager.security.RMDelegationTokenSecretManager: storing master key with keyID 1
2026-08-04 19:24:38,507 INFO org.apache.hadoop.security.token.delegation.AbstractDelegationTokenSecretManager: Starting expired delegation token remover thread, tokenRemoverScanInterval=60 min(s)
2026-08-04 19:24:38,507 INFO org.apache.hadoop.security.token.delegation.AbstractDelegationTokenSecretManager: Updating the current master key for generating delegation tokens
2026-08-04 19:24:38,507 INFO org.apache.hadoop.yarn.server.resourcemanager.security.RMDelegationTokenSecretManager: storing master key with keyID 2
2026-08-04 19:24:38,532 INFO org.apache.hadoop.ipc.CallQueueManager: Using callQueue class java.util.concurrent.LinkedBlockingQueue
2026-08-04 19:24:38,543 INFO org.apache.hadoop.ipc.Server: Starting Socket Reader #1 for port 8031
2026-08-04 19:24:38,552 INFO org.apache.hadoop.yarn.factories.impl.pb.RpcServerFactoryPBImpl: Adding protocol org.apache.hadoop.yarn.server.api.ResourceTrackerPB to the server
2026-08-04 19:24:38,553 INFO org.apache.hadoop.ipc.Server: IPC Server Responder: starting
2026-08-04 19:24:38,554 INFO org.apache.hadoop.ipc.Server: IPC Server listener on 8031: starting
2026-08-04 19:24:38,586 INFO org.apache.hadoop.ipc.CallQueueManager: Using callQueue class java.util.concurrent.LinkedBlockingQueue
2026-08-04 19:24:38,588 INFO org.apache.hadoop.ipc.Server: Starting Socket Reader #1 for port 8030
2026-08-04 19:24:38,591 INFO org.apache.hadoop.yarn.factories.impl.pb.RpcServerFactoryPBImpl: Adding protocol org.apache.hadoop.yarn.api.ApplicationMasterProtocolPB to the server
2026-08-04 19:24:38,591 INFO org.apache.hadoop.ipc.Server: IPC Server Responder: starting
2026-08-04 19:24:38,591 INFO org.apache.hadoop.ipc.Server: IPC Server listener on 8030: starting
2026-08-04 19:24:38,664 INFO org.apache.hadoop.ipc.CallQueueManager: Using callQueue class java.util.concurrent.LinkedBlockingQueue
2026-08-04 19:24:38,664 INFO org.apache.hadoop.ipc.Server: Starting Socket Reader #1 for port 8032
2026-08-04 19:24:38,666 INFO org.apache.hadoop.yarn.factories.impl.pb.RpcServerFactoryPBImpl: Adding protocol org.apache.hadoop.yarn.api.ApplicationClientProtocolPB to the server
2026-08-04 19:24:38,667 INFO org.apache.hadoop.ipc.Server: IPC Server Responder: starting
2026-08-04 19:24:38,668 INFO org.apache.hadoop.ipc.Server: IPC Server listener on 8032: starting
2026-08-04 19:24:38,726 INFO org.apache.hadoop.yarn.server.resourcemanager.ResourceManager: Transitioned to active state
2026-08-04 19:24:38,839 INFO org.mortbay.log: Logging to org.slf4j.impl.Log4jLoggerAdapter(org.mortbay.log) via org.mortbay.log.Slf4jLog
2026-08-04 19:24:38,843 INFO org.apache.hadoop.http.HttpRequestLog: Http request log for http.requests.resourcemanager is not defined
2026-08-04 19:24:38,869 INFO org.apache.hadoop.http.HttpServer2: Added global filter 'safety' (class=org.apache.hadoop.http.HttpServer2$QuotingInputFilter)
2026-08-04 19:24:38,877 INFO org.apache.hadoop.http.HttpServer2: Added filter YARNAuthenticationFilter (class=org.apache.hadoop.yarn.server.security.http.RMAuthenticationFilter) to context cluster
2026-08-04 19:24:38,877 INFO org.apache.hadoop.http.HttpServer2: Added filter YARNAuthenticationFilter (class=org.apache.hadoop.yarn.server.security.http.RMAuthenticationFilter) to context logs
2026-08-04 19:24:38,877 INFO org.apache.hadoop.http.HttpServer2: Added filter YARNAuthenticationFilter (class=org.apache.hadoop.yarn.server.security.http.RMAuthenticationFilter) to context static
2026-08-04 19:24:38,882 INFO org.apache.hadoop.http.HttpServer2: Added filter static_user_filter (class=org.apache.hadoop.http.lib.StaticUserWebFilter$StaticUserFilter) to context cluster
2026-08-04 19:24:38,882 INFO org.apache.hadoop.http.HttpServer2: Added filter static_user_filter (class=org.apache.hadoop.http.lib.StaticUserWebFilter$StaticUserFilter) to context logs
2026-08-04 19:24:38,882 INFO org.apache.hadoop.http.HttpServer2: Added filter static_user_filter (class=org.apache.hadoop.http.lib.StaticUserWebFilter$StaticUserFilter) to context static
2026-08-04 19:24:38,893 INFO org.apache.hadoop.http.HttpServer2: adding path spec: /cluster/*
2026-08-04 19:24:38,895 INFO org.apache.hadoop.http.HttpServer2: adding path spec: /ws/*
2026-08-04 19:24:38,911 INFO org.apache.hadoop.http.HttpServer2: Jetty bound to port 8088
2026-08-04 19:24:38,911 INFO org.mortbay.log: jetty-6.1.26
2026-08-04 19:24:38,930 INFO org.mortbay.log: Extract jar:file:/home/user/bigdata/hadoop-2.5.1/share/hadoop/yarn/hadoop-yarn-common-2.5.1.jar!/webapps/cluster to /tmp/Jetty_0_0_0_0_8088_cluster____u0rgz3/webapp
2026-08-04 19:24:39,130 WARN org.apache.hadoop.security.authentication.server.AuthenticationFilter: 'signature.secret' configuration not set, using a random value as secret
2026-08-04 19:24:39,154 WARN org.apache.hadoop.security.authentication.server.AuthenticationFilter: 'signature.secret' configuration not set, using a random value as secret
2026-08-04 19:24:39,154 WARN org.apache.hadoop.security.authentication.server.AuthenticationFilter: 'signature.secret' configuration not set, using a random value as secret
2026-08-04 19:24:39,156 INFO org.mortbay.log: Started HttpServer2$SelectChannelConnectorWithSafeStartup@0.0.0.0:8088
2026-08-04 19:24:39,156 INFO org.apache.hadoop.yarn.webapp.WebApps: Web app /cluster started at 8088
2026-08-04 19:24:39,766 INFO org.apache.hadoop.yarn.webapp.WebApps: Registered webapp guice modules
2026-08-04 19:24:39,783 INFO org.apache.hadoop.ipc.CallQueueManager: Using callQueue class java.util.concurrent.LinkedBlockingQueue
2026-08-04 19:24:39,785 INFO org.apache.hadoop.yarn.factories.impl.pb.RpcServerFactoryPBImpl: Adding protocol org.apache.hadoop.yarn.server.api.ResourceManagerAdministrationProtocolPB to the server
2026-08-04 19:24:39,787 INFO org.apache.hadoop.ipc.Server: Starting Socket Reader #1 for port 8033
2026-08-04 19:24:39,789 INFO org.apache.hadoop.ipc.Server: IPC Server Responder: starting
2026-08-04 19:24:39,789 INFO org.apache.hadoop.ipc.Server: IPC Server listener on 8033: starting
2026-08-04 19:24:40,994 INFO org.apache.hadoop.yarn.util.RackResolver: Resolved ubuntu to /default-rack
2026-08-04 19:24:40,997 INFO org.apache.hadoop.yarn.server.resourcemanager.ResourceTrackerService: NodeManager from node ubuntu(cmPort: 43301 httpPort: 8042) registered with capability: <memory:8192, vCores:8>, assigned nodeId ubuntu:43301
2026-08-04 19:24:41,002 INFO org.apache.hadoop.yarn.server.resourcemanager.rmnode.RMNodeImpl: ubuntu:43301 Node Transitioned from NEW to RUNNING
2026-08-04 19:24:41,004 INFO org.apache.hadoop.yarn.server.resourcemanager.scheduler.capacity.CapacityScheduler: Added node ubuntu:43301 clusterResource: <memory:8192, vCores:8>
2026-08-04 19:27:07,767 ERROR org.apache.hadoop.yarn.server.resourcemanager.ResourceManager: RECEIVED SIGNAL 15: SIGTERM
2026-08-04 19:27:07,780 INFO org.mortbay.log: Stopped HttpServer2$SelectChannelConnectorWithSafeStartup@0.0.0.0:8088
2026-08-04 19:27:07,784 INFO org.apache.hadoop.ipc.Server: Stopping server on 8032
2026-08-04 19:27:07,794 INFO org.apache.hadoop.ipc.Server: Stopping IPC Server listener on 8032
2026-08-04 19:27:07,797 INFO org.apache.hadoop.ipc.Server: Stopping server on 8033
2026-08-04 19:27:07,799 INFO org.apache.hadoop.ipc.Server: Stopping IPC Server Responder
2026-08-04 19:27:07,800 INFO org.apache.hadoop.yarn.server.resourcemanager.ResourceManager: Transitioning to standby state
2026-08-04 19:27:07,800 INFO org.apache.hadoop.metrics2.impl.MetricsSystemImpl: Stopping ResourceManager metrics system...
2026-08-04 19:27:07,804 INFO org.apache.hadoop.ipc.Server: Stopping IPC Server listener on 8033
2026-08-04 19:27:07,807 INFO org.apache.hadoop.ipc.Server: Stopping IPC Server Responder
2026-08-04 19:27:07,820 INFO org.apache.hadoop.metrics2.impl.MetricsSystemImpl: ResourceManager metrics system stopped.
2026-08-04 19:27:07,821 INFO org.apache.hadoop.metrics2.impl.MetricsSystemImpl: ResourceManager metrics system shutdown complete.
2026-08-04 19:27:07,821 INFO org.apache.hadoop.yarn.event.AsyncDispatcher: AsyncDispatcher is draining to stop, igonring any new events.
2026-08-04 19:27:07,826 WARN org.apache.hadoop.yarn.server.resourcemanager.amlauncher.ApplicationMasterLauncher: org.apache.hadoop.yarn.server.resourcemanager.amlauncher.ApplicationMasterLauncher$LauncherThread interrupted. Returning.
2026-08-04 19:27:07,826 INFO org.apache.hadoop.ipc.Server: Stopping server on 8030
2026-08-04 19:27:07,833 INFO org.apache.hadoop.ipc.Server: Stopping server on 8031
2026-08-04 19:27:07,834 INFO org.apache.hadoop.ipc.Server: Stopping IPC Server listener on 8031
2026-08-04 19:27:07,835 INFO org.apache.hadoop.ipc.Server: Stopping IPC Server listener on 8030
2026-08-04 19:27:07,837 INFO org.apache.hadoop.yarn.util.AbstractLivelinessMonitor: NMLivelinessMonitor thread interrupted
2026-08-04 19:27:07,838 INFO org.apache.hadoop.ipc.Server: Stopping IPC Server Responder
2026-08-04 19:27:07,838 ERROR org.apache.hadoop.yarn.server.resourcemanager.ResourceManager: Returning, interrupted : java.lang.InterruptedException
2026-08-04 19:27:07,840 INFO org.apache.hadoop.yarn.event.AsyncDispatcher: AsyncDispatcher is draining to stop, igonring any new events.
2026-08-04 19:27:07,840 INFO org.apache.hadoop.yarn.event.AsyncDispatcher: AsyncDispatcher is draining to stop, igonring any new events.
2026-08-04 19:27:07,840 INFO org.apache.hadoop.yarn.event.AsyncDispatcher: AsyncDispatcher is draining to stop, igonring any new events.
2026-08-04 19:27:07,840 INFO org.apache.hadoop.yarn.event.AsyncDispatcher: AsyncDispatcher is draining to stop, igonring any new events.
2026-08-04 19:27:07,842 INFO org.apache.hadoop.yarn.event.AsyncDispatcher: AsyncDispatcher is draining to stop, igonring any new events.
2026-08-04 19:27:07,838 INFO org.apache.hadoop.ipc.Server: Stopping IPC Server Responder
2026-08-04 19:27:07,843 INFO org.apache.hadoop.yarn.event.AsyncDispatcher: AsyncDispatcher is draining to stop, igonring any new events.
2026-08-04 19:27:07,850 INFO org.apache.hadoop.yarn.event.AsyncDispatcher: AsyncDispatcher is draining to stop, igonring any new events.
2026-08-04 19:27:07,850 INFO org.apache.hadoop.yarn.event.AsyncDispatcher: AsyncDispatcher is draining to stop, igonring any new events.
2026-08-04 19:27:07,853 INFO org.apache.hadoop.yarn.event.AsyncDispatcher: AsyncDispatcher is draining to stop, igonring any new events.
2026-08-04 19:27:07,864 INFO org.apache.hadoop.yarn.event.AsyncDispatcher: AsyncDispatcher is draining to stop, igonring any new events.
2026-08-04 19:27:07,869 INFO org.apache.hadoop.yarn.util.AbstractLivelinessMonitor: AMLivelinessMonitor thread interrupted
2026-08-04 19:27:07,869 ERROR org.apache.hadoop.security.token.delegation.AbstractDelegationTokenSecretManager: ExpiredTokenRemover received java.lang.InterruptedException: sleep interrupted
2026-08-04 19:27:07,871 INFO org.apache.hadoop.yarn.util.AbstractLivelinessMonitor: org.apache.hadoop.yarn.server.resourcemanager.rmcontainer.ContainerAllocationExpirer thread interrupted
2026-08-04 19:27:07,871 INFO org.apache.hadoop.yarn.util.AbstractLivelinessMonitor: AMLivelinessMonitor thread interrupted
2026-08-04 19:27:07,872 INFO org.apache.hadoop.yarn.server.resourcemanager.ResourceManager: Transitioned to standby state
2026-08-04 19:27:07,880 INFO org.apache.hadoop.yarn.server.resourcemanager.ResourceManager: SHUTDOWN_MSG: 
/************************************************************
SHUTDOWN_MSG: Shutting down ResourceManager at ubuntu/127.0.1.1
************************************************************/
2026-08-04 19:27:42,090 INFO org.apache.hadoop.yarn.server.resourcemanager.ResourceManager: STARTUP_MSG: 
/************************************************************
STARTUP_MSG: Starting ResourceManager
STARTUP_MSG:   host = ubuntu/127.0.1.1
STARTUP_MSG:   args = []
STARTUP_MSG:   version = 2.5.1
STARTUP_MSG:   classpath = /home/user/bigdata/hadoop-2.5.1/etc/hadoop:/home/user/bigdata/hadoop-2.5.1/etc/hadoop:/home/user/bigdata/hadoop-2.5.1/etc/hadoop:/home/user/bigdata/hadoop-2.5.1/share/hadoop/common/lib/jetty-util-6.1.26.jar:/home/user/bigdata/hadoop-2.5.1/share/hadoop/common/lib/apacheds-kerberos-codec-2.0.0-M15.jar:/home/user/bigdata/hadoop-2.5.1/share/hadoop/common/lib/commons-collections-3.2.1.jar:/home/user/bigdata/hadoop-2.5.1/share/hadoop/common/lib/jackson-core-asl-1.9.13.jar:/home/user/bigdata/hadoop-2.5.1/share/hadoop/common/lib/slf4j-log4j12-1.7.5.jar:/home/user/bigdata/hadoop-2.5.1/share/hadoop/common/lib/zookeeper-3.4.6.jar:/home/user/bigdata/hadoop-2.5.1/share/hadoop/common/lib/hadoop-auth-2.5.1.jar:/home/user/bigdata/hadoop-2.5.1/share/hadoop/common/lib/junit-4.11.jar:/home/user/bigdata/hadoop-2.5.1/share/hadoop/common/lib/api-util-1.0.0-M20.jar:/home/user/bigdata/hadoop-2.5.1/share/hadoop/common/lib/api-asn1-api-1.0.0-M20.jar:/home/user/bigdata/hadoop-2.5.1/share/hadoop/common/lib/jersey-core-1.9.jar:/home/user/bigdata/hadoop-2.5.1/share/hadoop/common/lib/commons-math3-3.1.1.jar:/home/user/bigdata/hadoop-2.5.1/share/hadoop/common/lib/jaxb-api-2.2.2.jar:/home/user/bigdata/hadoop-2.5.1/share/hadoop/common/lib/jackson-xc-1.9.13.jar:/home/user/bigdata/hadoop-2.5.1/share/hadoop/common/lib/commons-configuration-1.6.jar:/home/user/bigdata/hadoop-2.5.1/share/hadoop/common/lib/stax-api-1.0-2.jar:/home/user/bigdata/hadoop-2.5.1/share/hadoop/common/lib/jsr305-1.3.9.jar:/home/user/bigdata/hadoop-2.5.1/share/hadoop/common/lib/jackson-jaxrs-1.9.13.jar:/home/user/bigdata/hadoop-2.5.1/share/hadoop/common/lib/log4j-1.2.17.jar:/home/user/bigdata/hadoop-2.5.1/share/hadoop/common/lib/jersey-server-1.9.jar:/home/user/bigdata/hadoop-2.5.1/share/hadoop/common/lib/java-xmlbuilder-0.4.jar:/home/user/bigdata/hadoop-2.5.1/share/hadoop/common/lib/avro-1.7.4.jar:/home/user/bigdata/hadoop-2.5.1/share/hadoop/common/lib/commons-logging-1.1.3.jar:/home/user/bigdata/hadoop-2.5.1/share/hadoop/common/lib/slf4j-api-1.7.5.jar:/home/user/bigdata/hadoop-2.5.1/share/hadoop/common/lib/httpcore-4.2.5.jar:/home/user/bigdata/hadoop-2.5.1/share/hadoop/common/lib/jaxb-impl-2.2.3-1.jar:/home/user/bigdata/hadoop-2.5.1/share/hadoop/common/lib/httpclient-4.2.5.jar:/home/user/bigdata/hadoop-2.5.1/share/hadoop/common/lib/jersey-json-1.9.jar:/home/user/bigdata/hadoop-2.5.1/share/hadoop/common/lib/commons-lang-2.6.jar:/home/user/bigdata/hadoop-2.5.1/share/hadoop/common/lib/commons-httpclient-3.1.jar:/home/user/bigdata/hadoop-2.5.1/share/hadoop/common/lib/jettison-1.1.jar:/home/user/bigdata/hadoop-2.5.1/share/hadoop/common/lib/netty-3.6.2.Final.jar:/home/user/bigdata/hadoop-2.5.1/share/hadoop/common/lib/commons-digester-1.8.jar:/home/user/bigdata/hadoop-2.5.1/share/hadoop/common/lib/apacheds-i18n-2.0.0-M15.jar:/home/user/bigdata/hadoop-2.5.1/share/hadoop/common/lib/commons-compress-1.4.1.jar:/home/user/bigdata/hadoop-2.5.1/share/hadoop/common/lib/commons-net-3.1.jar:/home/user/bigdata/hadoop-2.5.1/share/hadoop/common/lib/jsp-api-2.1.jar:/home/user/bigdata/hadoop-2.5.1/share/hadoop/common/lib/snappy-java-1.0.4.1.jar:/home/user/bigdata/hadoop-2.5.1/share/hadoop/common/lib/commons-el-1.0.jar:/home/user/bigdata/hadoop-2.5.1/share/hadoop/common/lib/hamcrest-core-1.3.jar:/home/user/bigdata/hadoop-2.5.1/share/hadoop/common/lib/xz-1.0.jar:/home/user/bigdata/hadoop-2.5.1/share/hadoop/common/lib/paranamer-2.3.jar:/home/user/bigdata/hadoop-2.5.1/share/hadoop/common/lib/commons-beanutils-core-1.8.0.jar:/home/user/bigdata/hadoop-2.5.1/share/hadoop/common/lib/commons-io-2.4.jar:/home/user/bigdata/hadoop-2.5.1/share/hadoop/common/lib/xmlenc-0.52.jar:/home/user/bigdata/hadoop-2.5.1/share/hadoop/common/lib/jasper-compiler-5.5.23.jar:/home/user/bigdata/hadoop-2.5.1/share/hadoop/common/lib/mockito-all-1.8.5.jar:/home/user/bigdata/hadoop-2.5.1/share/hadoop/common/lib/guava-11.0.2.jar:/home/user/bigdata/hadoop-2.5.1/share/hadoop/common/lib/jasper-runtime-5.5.23.jar:/home/user/bigdata/hadoop-2.5.1/share/hadoop/common/lib/commons-beanutils-1.7.0.jar:/home/user/bigdata/hadoop-2.5.1/share/hadoop/common/lib/servlet-api-2.5.jar:/home/user/bigdata/hadoop-2.5.1/share/hadoop/common/lib/jets3t-0.9.0.jar:/home/user/bigdata/hadoop-2.5.1/share/hadoop/common/lib/hadoop-annotations-2.5.1.jar:/home/user/bigdata/hadoop-2.5.1/share/hadoop/common/lib/protobuf-java-2.5.0.jar:/home/user/bigdata/hadoop-2.5.1/share/hadoop/common/lib/commons-codec-1.4.jar:/home/user/bigdata/hadoop-2.5.1/share/hadoop/common/lib/activation-1.1.jar:/home/user/bigdata/hadoop-2.5.1/share/hadoop/common/lib/jackson-mapper-asl-1.9.13.jar:/home/user/bigdata/hadoop-2.5.1/share/hadoop/common/lib/commons-cli-1.2.jar:/home/user/bigdata/hadoop-2.5.1/share/hadoop/common/lib/jsch-0.1.42.jar:/home/user/bigdata/hadoop-2.5.1/share/hadoop/common/lib/jetty-6.1.26.jar:/home/user/bigdata/hadoop-2.5.1/share/hadoop/common/lib/asm-3.2.jar:/home/user/bigdata/hadoop-2.5.1/share/hadoop/common/hadoop-nfs-2.5.1.jar:/home/user/bigdata/hadoop-2.5.1/share/hadoop/common/hadoop-common-2.5.1.jar:/home/user/bigdata/hadoop-2.5.1/share/hadoop/common/hadoop-common-2.5.1-tests.jar:/home/user/bigdata/hadoop-2.5.1/share/hadoop/hdfs:/home/user/bigdata/hadoop-2.5.1/share/hadoop/hdfs/lib/jetty-util-6.1.26.jar:/home/user/bigdata/hadoop-2.5.1/share/hadoop/hdfs/lib/jackson-core-asl-1.9.13.jar:/home/user/bigdata/hadoop-2.5.1/share/hadoop/hdfs/lib/jersey-core-1.9.jar:/home/user/bigdata/hadoop-2.5.1/share/hadoop/hdfs/lib/jsr305-1.3.9.jar:/home/user/bigdata/hadoop-2.5.1/share/hadoop/hdfs/lib/log4j-1.2.17.jar:/home/user/bigdata/hadoop-2.5.1/share/hadoop/hdfs/lib/jersey-server-1.9.jar:/home/user/bigdata/hadoop-2.5.1/share/hadoop/hdfs/lib/commons-logging-1.1.3.jar:/home/user/bigdata/hadoop-2.5.1/share/hadoop/hdfs/lib/commons-lang-2.6.jar:/home/user/bigdata/hadoop-2.5.1/share/hadoop/hdfs/lib/netty-3.6.2.Final.jar:/home/user/bigdata/hadoop-2.5.1/share/hadoop/hdfs/lib/jsp-api-2.1.jar:/home/user/bigdata/hadoop-2.5.1/share/hadoop/hdfs/lib/commons-el-1.0.jar:/home/user/bigdata/hadoop-2.5.1/share/hadoop/hdfs/lib/commons-io-2.4.jar:/home/user/bigdata/hadoop-2.5.1/share/hadoop/hdfs/lib/xmlenc-0.52.jar:/home/user/bigdata/hadoop-2.5.1/share/hadoop/hdfs/lib/guava-11.0.2.jar:/home/user/bigdata/hadoop-2.5.1/share/hadoop/hdfs/lib/jasper-runtime-5.5.23.jar:/home/user/bigdata/hadoop-2.5.1/share/hadoop/hdfs/lib/servlet-api-2.5.jar:/home/user/bigdata/hadoop-2.5.1/share/hadoop/hdfs/lib/protobuf-java-2.5.0.jar:/home/user/bigdata/hadoop-2.5.1/share/hadoop/hdfs/lib/commons-codec-1.4.jar:/home/user/bigdata/hadoop-2.5.1/share/hadoop/hdfs/lib/jackson-mapper-asl-1.9.13.jar:/home/user/bigdata/hadoop-2.5.1/share/hadoop/hdfs/lib/commons-cli-1.2.jar:/home/user/bigdata/hadoop-2.5.1/share/hadoop/hdfs/lib/jetty-6.1.26.jar:/home/user/bigdata/hadoop-2.5.1/share/hadoop/hdfs/lib/commons-daemon-1.0.13.jar:/home/user/bigdata/hadoop-2.5.1/share/hadoop/hdfs/lib/asm-3.2.jar:/home/user/bigdata/hadoop-2.5.1/share/hadoop/hdfs/hadoop-hdfs-2.5.1-tests.jar:/home/user/bigdata/hadoop-2.5.1/share/hadoop/hdfs/hadoop-hdfs-2.5.1.jar:/home/user/bigdata/hadoop-2.5.1/share/hadoop/hdfs/hadoop-hdfs-nfs-2.5.1.jar:/home/user/bigdata/hadoop-2.5.1/share/hadoop/yarn/lib/jetty-util-6.1.26.jar:/home/user/bigdata/hadoop-2.5.1/share/hadoop/yarn/lib/guice-servlet-3.0.jar:/home/user/bigdata/hadoop-2.5.1/share/hadoop/yarn/lib/commons-collections-3.2.1.jar:/home/user/bigdata/hadoop-2.5.1/share/hadoop/yarn/lib/jackson-core-asl-1.9.13.jar:/home/user/bigdata/hadoop-2.5.1/share/hadoop/yarn/lib/zookeeper-3.4.6.jar:/home/user/bigdata/hadoop-2.5.1/share/hadoop/yarn/lib/jersey-client-1.9.jar:/home/user/bigdata/hadoop-2.5.1/share/hadoop/yarn/lib/jersey-core-1.9.jar:/home/user/bigdata/hadoop-2.5.1/share/hadoop/yarn/lib/jaxb-api-2.2.2.jar:/home/user/bigdata/hadoop-2.5.1/share/hadoop/yarn/lib/aopalliance-1.0.jar:/home/user/bigdata/hadoop-2.5.1/share/hadoop/yarn/lib/jackson-xc-1.9.13.jar:/home/user/bigdata/hadoop-2.5.1/share/hadoop/yarn/lib/jersey-guice-1.9.jar:/home/user/bigdata/hadoop-2.5.1/share/hadoop/yarn/lib/stax-api-1.0-2.jar:/home/user/bigdata/hadoop-2.5.1/share/hadoop/yarn/lib/jsr305-1.3.9.jar:/home/user/bigdata/hadoop-2.5.1/share/hadoop/yarn/lib/jackson-jaxrs-1.9.13.jar:/home/user/bigdata/hadoop-2.5.1/share/hadoop/yarn/lib/log4j-1.2.17.jar:/home/user/bigdata/hadoop-2.5.1/share/hadoop/yarn/lib/jline-0.9.94.jar:/home/user/bigdata/hadoop-2.5.1/share/hadoop/yarn/lib/jersey-server-1.9.jar:/home/user/bigdata/hadoop-2.5.1/share/hadoop/yarn/lib/commons-logging-1.1.3.jar:/home/user/bigdata/hadoop-2.5.1/share/hadoop/yarn/lib/jaxb-impl-2.2.3-1.jar:/home/user/bigdata/hadoop-2.5.1/share/hadoop/yarn/lib/javax.inject-1.jar:/home/user/bigdata/hadoop-2.5.1/share/hadoop/yarn/lib/jersey-json-1.9.jar:/home/user/bigdata/hadoop-2.5.1/share/hadoop/yarn/lib/commons-lang-2.6.jar:/home/user/bigdata/hadoop-2.5.1/share/hadoop/yarn/lib/commons-httpclient-3.1.jar:/home/user/bigdata/hadoop-2.5.1/share/hadoop/yarn/lib/jettison-1.1.jar:/home/user/bigdata/hadoop-2.5.1/share/hadoop/yarn/lib/netty-3.6.2.Final.jar:/home/user/bigdata/hadoop-2.5.1/share/hadoop/yarn/lib/commons-compress-1.4.1.jar:/home/user/bigdata/hadoop-2.5.1/share/hadoop/yarn/lib/xz-1.0.jar:/home/user/bigdata/hadoop-2.5.1/share/hadoop/yarn/lib/commons-io-2.4.jar:/home/user/bigdata/hadoop-2.5.1/share/hadoop/yarn/lib/leveldbjni-all-1.8.jar:/home/user/bigdata/hadoop-2.5.1/share/hadoop/yarn/lib/guava-11.0.2.jar:/home/user/bigdata/hadoop-2.5.1/share/hadoop/yarn/lib/servlet-api-2.5.jar:/home/user/bigdata/hadoop-2.5.1/share/hadoop/yarn/lib/protobuf-java-2.5.0.jar:/home/user/bigdata/hadoop-2.5.1/share/hadoop/yarn/lib/commons-codec-1.4.jar:/home/user/bigdata/hadoop-2.5.1/share/hadoop/yarn/lib/activation-1.1.jar:/home/user/bigdata/hadoop-2.5.1/share/hadoop/yarn/lib/jackson-mapper-asl-1.9.13.jar:/home/user/bigdata/hadoop-2.5.1/share/hadoop/yarn/lib/guice-3.0.jar:/home/user/bigdata/hadoop-2.5.1/share/hadoop/yarn/lib/commons-cli-1.2.jar:/home/user/bigdata/hadoop-2.5.1/share/hadoop/yarn/lib/jetty-6.1.26.jar:/home/user/bigdata/hadoop-2.5.1/share/hadoop/yarn/lib/asm-3.2.jar:/home/user/bigdata/hadoop-2.5.1/share/hadoop/yarn/hadoop-yarn-server-web-proxy-2.5.1.jar:/home/user/bigdata/hadoop-2.5.1/share/hadoop/yarn/hadoop-yarn-applications-unmanaged-am-launcher-2.5.1.jar:/home/user/bigdata/hadoop-2.5.1/share/hadoop/yarn/hadoop-yarn-applications-distributedshell-2.5.1.jar:/home/user/bigdata/hadoop-2.5.1/share/hadoop/yarn/hadoop-yarn-server-nodemanager-2.5.1.jar:/home/user/bigdata/hadoop-2.5.1/share/hadoop/yarn/hadoop-yarn-server-tests-2.5.1.jar:/home/user/bigdata/hadoop-2.5.1/share/hadoop/yarn/hadoop-yarn-server-common-2.5.1.jar:/home/user/bigdata/hadoop-2.5.1/share/hadoop/yarn/hadoop-yarn-common-2.5.1.jar:/home/user/bigdata/hadoop-2.5.1/share/hadoop/yarn/hadoop-yarn-server-resourcemanager-2.5.1.jar:/home/user/bigdata/hadoop-2.5.1/share/hadoop/yarn/hadoop-yarn-client-2.5.1.jar:/home/user/bigdata/hadoop-2.5.1/share/hadoop/yarn/hadoop-yarn-server-applicationhistoryservice-2.5.1.jar:/home/user/bigdata/hadoop-2.5.1/share/hadoop/yarn/hadoop-yarn-api-2.5.1.jar:/home/user/bigdata/hadoop-2.5.1/share/hadoop/mapreduce/lib/guice-servlet-3.0.jar:/home/user/bigdata/hadoop-2.5.1/share/hadoop/mapreduce/lib/jackson-core-asl-1.9.13.jar:/home/user/bigdata/hadoop-2.5.1/share/hadoop/mapreduce/lib/junit-4.11.jar:/home/user/bigdata/hadoop-2.5.1/share/hadoop/mapreduce/lib/jersey-core-1.9.jar:/home/user/bigdata/hadoop-2.5.1/share/hadoop/mapreduce/lib/aopalliance-1.0.jar:/home/user/bigdata/hadoop-2.5.1/share/hadoop/mapreduce/lib/jersey-guice-1.9.jar:/home/user/bigdata/hadoop-2.5.1/share/hadoop/mapreduce/lib/log4j-1.2.17.jar:/home/user/bigdata/hadoop-2.5.1/share/hadoop/mapreduce/lib/jersey-server-1.9.jar:/home/user/bigdata/hadoop-2.5.1/share/hadoop/mapreduce/lib/avro-1.7.4.jar:/home/user/bigdata/hadoop-2.5.1/share/hadoop/mapreduce/lib/javax.inject-1.jar:/home/user/bigdata/hadoop-2.5.1/share/hadoop/mapreduce/lib/netty-3.6.2.Final.jar:/home/user/bigdata/hadoop-2.5.1/share/hadoop/mapreduce/lib/commons-compress-1.4.1.jar:/home/user/bigdata/hadoop-2.5.1/share/hadoop/mapreduce/lib/snappy-java-1.0.4.1.jar:/home/user/bigdata/hadoop-2.5.1/share/hadoop/mapreduce/lib/hamcrest-core-1.3.jar:/home/user/bigdata/hadoop-2.5.1/share/hadoop/mapreduce/lib/xz-1.0.jar:/home/user/bigdata/hadoop-2.5.1/share/hadoop/mapreduce/lib/paranamer-2.3.jar:/home/user/bigdata/hadoop-2.5.1/share/hadoop/mapreduce/lib/commons-io-2.4.jar:/home/user/bigdata/hadoop-2.5.1/share/hadoop/mapreduce/lib/leveldbjni-all-1.8.jar:/home/user/bigdata/hadoop-2.5.1/share/hadoop/mapreduce/lib/hadoop-annotations-2.5.1.jar:/home/user/bigdata/hadoop-2.5.1/share/hadoop/mapreduce/lib/protobuf-java-2.5.0.jar:/home/user/bigdata/hadoop-2.5.1/share/hadoop/mapreduce/lib/jackson-mapper-asl-1.9.13.jar:/home/user/bigdata/hadoop-2.5.1/share/hadoop/mapreduce/lib/guice-3.0.jar:/home/user/bigdata/hadoop-2.5.1/share/hadoop/mapreduce/lib/asm-3.2.jar:/home/user/bigdata/hadoop-2.5.1/share/hadoop/mapreduce/hadoop-mapreduce-client-common-2.5.1.jar:/home/user/bigdata/hadoop-2.5.1/share/hadoop/mapreduce/hadoop-mapreduce-client-hs-2.5.1.jar:/home/user/bigdata/hadoop-2.5.1/share/hadoop/mapreduce/hadoop-mapreduce-client-shuffle-2.5.1.jar:/home/user/bigdata/hadoop-2.5.1/share/hadoop/mapreduce/hadoop-mapreduce-client-core-2.5.1.jar:/home/user/bigdata/hadoop-2.5.1/share/hadoop/mapreduce/hadoop-mapreduce-client-jobclient-2.5.1.jar:/home/user/bigdata/hadoop-2.5.1/share/hadoop/mapreduce/hadoop-mapreduce-client-hs-plugins-2.5.1.jar:/home/user/bigdata/hadoop-2.5.1/share/hadoop/mapreduce/hadoop-mapreduce-client-jobclient-2.5.1-tests.jar:/home/user/bigdata/hadoop-2.5.1/share/hadoop/mapreduce/hadoop-mapreduce-examples-2.5.1.jar:/home/user/bigdata/hadoop-2.5.1/share/hadoop/mapreduce/hadoop-mapreduce-client-app-2.5.1.jar:/usr/lib/jvm/java-8-openjdk-amd64//lib/tools.jar:/home/user/bigdata/hadoop-2.5.1//contrib/capacity-scheduler/*.jar:/home/user/bigdata/hadoop-2.5.1//contrib/capacity-scheduler/*.jar:/home/user/bigdata/hadoop-2.5.1//contrib/capacity-scheduler/*.jar:/home/user/bigdata/hadoop-2.5.1//contrib/capacity-scheduler/*.jar:/home/user/bigdata/hadoop-2.5.1/share/hadoop/yarn/hadoop-yarn-server-web-proxy-2.5.1.jar:/home/user/bigdata/hadoop-2.5.1/share/hadoop/yarn/hadoop-yarn-applications-unmanaged-am-launcher-2.5.1.jar:/home/user/bigdata/hadoop-2.5.1/share/hadoop/yarn/hadoop-yarn-applications-distributedshell-2.5.1.jar:/home/user/bigdata/hadoop-2.5.1/share/hadoop/yarn/hadoop-yarn-server-nodemanager-2.5.1.jar:/home/user/bigdata/hadoop-2.5.1/share/hadoop/yarn/hadoop-yarn-server-tests-2.5.1.jar:/home/user/bigdata/hadoop-2.5.1/share/hadoop/yarn/hadoop-yarn-server-common-2.5.1.jar:/home/user/bigdata/hadoop-2.5.1/share/hadoop/yarn/hadoop-yarn-common-2.5.1.jar:/home/user/bigdata/hadoop-2.5.1/share/hadoop/yarn/hadoop-yarn-server-resourcemanager-2.5.1.jar:/home/user/bigdata/hadoop-2.5.1/share/hadoop/yarn/hadoop-yarn-client-2.5.1.jar:/home/user/bigdata/hadoop-2.5.1/share/hadoop/yarn/hadoop-yarn-server-applicationhistoryservice-2.5.1.jar:/home/user/bigdata/hadoop-2.5.1/share/hadoop/yarn/hadoop-yarn-api-2.5.1.jar:/home/user/bigdata/hadoop-2.5.1/share/hadoop/yarn/lib/jetty-util-6.1.26.jar:/home/user/bigdata/hadoop-2.5.1/share/hadoop/yarn/lib/guice-servlet-3.0.jar:/home/user/bigdata/hadoop-2.5.1/share/hadoop/yarn/lib/commons-collections-3.2.1.jar:/home/user/bigdata/hadoop-2.5.1/share/hadoop/yarn/lib/jackson-core-asl-1.9.13.jar:/home/user/bigdata/hadoop-2.5.1/share/hadoop/yarn/lib/zookeeper-3.4.6.jar:/home/user/bigdata/hadoop-2.5.1/share/hadoop/yarn/lib/jersey-client-1.9.jar:/home/user/bigdata/hadoop-2.5.1/share/hadoop/yarn/lib/jersey-core-1.9.jar:/home/user/bigdata/hadoop-2.5.1/share/hadoop/yarn/lib/jaxb-api-2.2.2.jar:/home/user/bigdata/hadoop-2.5.1/share/hadoop/yarn/lib/aopalliance-1.0.jar:/home/user/bigdata/hadoop-2.5.1/share/hadoop/yarn/lib/jackson-xc-1.9.13.jar:/home/user/bigdata/hadoop-2.5.1/share/hadoop/yarn/lib/jersey-guice-1.9.jar:/home/user/bigdata/hadoop-2.5.1/share/hadoop/yarn/lib/stax-api-1.0-2.jar:/home/user/bigdata/hadoop-2.5.1/share/hadoop/yarn/lib/jsr305-1.3.9.jar:/home/user/bigdata/hadoop-2.5.1/share/hadoop/yarn/lib/jackson-jaxrs-1.9.13.jar:/home/user/bigdata/hadoop-2.5.1/share/hadoop/yarn/lib/log4j-1.2.17.jar:/home/user/bigdata/hadoop-2.5.1/share/hadoop/yarn/lib/jline-0.9.94.jar:/home/user/bigdata/hadoop-2.5.1/share/hadoop/yarn/lib/jersey-server-1.9.jar:/home/user/bigdata/hadoop-2.5.1/share/hadoop/yarn/lib/commons-logging-1.1.3.jar:/home/user/bigdata/hadoop-2.5.1/share/hadoop/yarn/lib/jaxb-impl-2.2.3-1.jar:/home/user/bigdata/hadoop-2.5.1/share/hadoop/yarn/lib/javax.inject-1.jar:/home/user/bigdata/hadoop-2.5.1/share/hadoop/yarn/lib/jersey-json-1.9.jar:/home/user/bigdata/hadoop-2.5.1/share/hadoop/yarn/lib/commons-lang-2.6.jar:/home/user/bigdata/hadoop-2.5.1/share/hadoop/yarn/lib/commons-httpclient-3.1.jar:/home/user/bigdata/hadoop-2.5.1/share/hadoop/yarn/lib/jettison-1.1.jar:/home/user/bigdata/hadoop-2.5.1/share/hadoop/yarn/lib/netty-3.6.2.Final.jar:/home/user/bigdata/hadoop-2.5.1/share/hadoop/yarn/lib/commons-compress-1.4.1.jar:/home/user/bigdata/hadoop-2.5.1/share/hadoop/yarn/lib/xz-1.0.jar:/home/user/bigdata/hadoop-2.5.1/share/hadoop/yarn/lib/commons-io-2.4.jar:/home/user/bigdata/hadoop-2.5.1/share/hadoop/yarn/lib/leveldbjni-all-1.8.jar:/home/user/bigdata/hadoop-2.5.1/share/hadoop/yarn/lib/guava-11.0.2.jar:/home/user/bigdata/hadoop-2.5.1/share/hadoop/yarn/lib/servlet-api-2.5.jar:/home/user/bigdata/hadoop-2.5.1/share/hadoop/yarn/lib/protobuf-java-2.5.0.jar:/home/user/bigdata/hadoop-2.5.1/share/hadoop/yarn/lib/commons-codec-1.4.jar:/home/user/bigdata/hadoop-2.5.1/share/hadoop/yarn/lib/activation-1.1.jar:/home/user/bigdata/hadoop-2.5.1/share/hadoop/yarn/lib/jackson-mapper-asl-1.9.13.jar:/home/user/bigdata/hadoop-2.5.1/share/hadoop/yarn/lib/guice-3.0.jar:/home/user/bigdata/hadoop-2.5.1/share/hadoop/yarn/lib/commons-cli-1.2.jar:/home/user/bigdata/hadoop-2.5.1/share/hadoop/yarn/lib/jetty-6.1.26.jar:/home/user/bigdata/hadoop-2.5.1/share/hadoop/yarn/lib/asm-3.2.jar:/home/user/bigdata/hadoop-2.5.1/etc/hadoop/rm-config/log4j.properties
STARTUP_MSG:   build = https://git-wip-us.apache.org/repos/asf/hadoop.git -r 2e18d179e4a8065b6a9f29cf2de9451891265cce; compiled by 'jenkins' on 2014-09-05T23:11Z
STARTUP_MSG:   java = 1.8.0_362
************************************************************/
2026-08-04 19:27:42,099 INFO org.apache.hadoop.yarn.server.resourcemanager.ResourceManager: registered UNIX signal handlers for [TERM, HUP, INT]
2026-08-04 19:27:42,287 INFO org.apache.hadoop.conf.Configuration: found resource core-site.xml at file:/home/user/bigdata/hadoop-2.5.1/etc/hadoop/core-site.xml
2026-08-04 19:27:42,329 INFO org.apache.hadoop.security.Groups: clearing userToGroupsMap cache
2026-08-04 19:27:42,334 INFO org.apache.hadoop.conf.Configuration: found resource yarn-site.xml at file:/home/user/bigdata/hadoop-2.5.1/etc/hadoop/yarn-site.xml
2026-08-04 19:27:42,401 INFO org.apache.hadoop.yarn.event.AsyncDispatcher: Registering class org.apache.hadoop.yarn.server.resourcemanager.RMFatalEventType for class org.apache.hadoop.yarn.server.resourcemanager.ResourceManager$RMFatalEventDispatcher
2026-08-04 19:27:42,480 INFO org.apache.hadoop.yarn.server.resourcemanager.security.NMTokenSecretManagerInRM: NMTokenKeyRollingInterval: 86400000ms and NMTokenKeyActivationDelay: 900000ms
2026-08-04 19:27:42,486 INFO org.apache.hadoop.yarn.server.resourcemanager.security.RMContainerTokenSecretManager: ContainerTokenKeyRollingInterval: 86400000ms and ContainerTokenKeyActivationDelay: 900000ms
2026-08-04 19:27:42,491 INFO org.apache.hadoop.yarn.server.resourcemanager.security.AMRMTokenSecretManager: Rolling master-key for amrm-tokens
2026-08-04 19:27:42,517 INFO org.apache.hadoop.yarn.event.AsyncDispatcher: Registering class org.apache.hadoop.yarn.server.resourcemanager.recovery.RMStateStoreEventType for class org.apache.hadoop.yarn.server.resourcemanager.recovery.RMStateStore$ForwardingEventHandler
2026-08-04 19:27:42,657 INFO org.apache.hadoop.yarn.event.AsyncDispatcher: Registering class org.apache.hadoop.yarn.server.resourcemanager.NodesListManagerEventType for class org.apache.hadoop.yarn.server.resourcemanager.NodesListManager
2026-08-04 19:27:42,657 INFO org.apache.hadoop.yarn.server.resourcemanager.ResourceManager: Using Scheduler: org.apache.hadoop.yarn.server.resourcemanager.scheduler.capacity.CapacityScheduler
2026-08-04 19:27:42,698 INFO org.apache.hadoop.yarn.event.AsyncDispatcher: Registering class org.apache.hadoop.yarn.server.resourcemanager.scheduler.event.SchedulerEventType for class org.apache.hadoop.yarn.server.resourcemanager.ResourceManager$SchedulerEventDispatcher
2026-08-04 19:27:42,698 INFO org.apache.hadoop.yarn.event.AsyncDispatcher: Registering class org.apache.hadoop.yarn.server.resourcemanager.rmapp.RMAppEventType for class org.apache.hadoop.yarn.server.resourcemanager.ResourceManager$ApplicationEventDispatcher
2026-08-04 19:27:42,699 INFO org.apache.hadoop.yarn.event.AsyncDispatcher: Registering class org.apache.hadoop.yarn.server.resourcemanager.rmapp.attempt.RMAppAttemptEventType for class org.apache.hadoop.yarn.server.resourcemanager.ResourceManager$ApplicationAttemptEventDispatcher
2026-08-04 19:27:42,699 INFO org.apache.hadoop.yarn.event.AsyncDispatcher: Registering class org.apache.hadoop.yarn.server.resourcemanager.rmnode.RMNodeEventType for class org.apache.hadoop.yarn.server.resourcemanager.ResourceManager$NodeEventDispatcher
2026-08-04 19:27:42,760 INFO org.apache.hadoop.metrics2.impl.MetricsConfig: loaded properties from hadoop-metrics2.properties
2026-08-04 19:27:42,830 INFO org.apache.hadoop.metrics2.impl.MetricsSystemImpl: Scheduled snapshot period at 10 second(s).
2026-08-04 19:27:42,830 INFO org.apache.hadoop.metrics2.impl.MetricsSystemImpl: ResourceManager metrics system started
2026-08-04 19:27:42,860 INFO org.apache.hadoop.yarn.event.AsyncDispatcher: Registering class org.apache.hadoop.yarn.server.resourcemanager.RMAppManagerEventType for class org.apache.hadoop.yarn.server.resourcemanager.RMAppManager
2026-08-04 19:27:42,865 INFO org.apache.hadoop.yarn.event.AsyncDispatcher: Registering class org.apache.hadoop.yarn.server.resourcemanager.amlauncher.AMLauncherEventType for class org.apache.hadoop.yarn.server.resourcemanager.amlauncher.ApplicationMasterLauncher
2026-08-04 19:27:42,866 INFO org.apache.hadoop.yarn.server.resourcemanager.RMNMInfo: Registered RMNMInfo MBean
2026-08-04 19:27:42,869 INFO org.apache.hadoop.yarn.event.AsyncDispatcher: Registering class org.apache.hadoop.yarn.server.resourcemanager.ahs.WritingHistoryEventType for class org.apache.hadoop.yarn.server.resourcemanager.ahs.RMApplicationHistoryWriter$ForwardingEventHandler
2026-08-04 19:27:42,870 INFO org.apache.hadoop.yarn.event.AsyncDispatcher: Registering class org.apache.hadoop.yarn.server.resourcemanager.ahs.WritingHistoryEventType for class org.apache.hadoop.yarn.server.resourcemanager.ahs.RMApplicationHistoryWriter$ForwardingEventHandler
2026-08-04 19:27:42,870 INFO org.apache.hadoop.yarn.event.AsyncDispatcher: Registering class org.apache.hadoop.yarn.server.resourcemanager.ahs.WritingHistoryEventType for class org.apache.hadoop.yarn.server.resourcemanager.ahs.RMApplicationHistoryWriter$ForwardingEventHandler
2026-08-04 19:27:42,870 INFO org.apache.hadoop.yarn.event.AsyncDispatcher: Registering class org.apache.hadoop.yarn.server.resourcemanager.ahs.WritingHistoryEventType for class org.apache.hadoop.yarn.server.resourcemanager.ahs.RMApplicationHistoryWriter$ForwardingEventHandler
2026-08-04 19:27:42,870 INFO org.apache.hadoop.yarn.event.AsyncDispatcher: Registering class org.apache.hadoop.yarn.server.resourcemanager.ahs.WritingHistoryEventType for class org.apache.hadoop.yarn.server.resourcemanager.ahs.RMApplicationHistoryWriter$ForwardingEventHandler
2026-08-04 19:27:42,870 INFO org.apache.hadoop.yarn.event.AsyncDispatcher: Registering class org.apache.hadoop.yarn.server.resourcemanager.ahs.WritingHistoryEventType for class org.apache.hadoop.yarn.server.resourcemanager.ahs.RMApplicationHistoryWriter$ForwardingEventHandler
2026-08-04 19:27:42,870 INFO org.apache.hadoop.yarn.event.AsyncDispatcher: Registering class org.apache.hadoop.yarn.server.resourcemanager.ahs.WritingHistoryEventType for class org.apache.hadoop.yarn.server.resourcemanager.ahs.RMApplicationHistoryWriter$ForwardingEventHandler
2026-08-04 19:27:42,870 INFO org.apache.hadoop.yarn.event.AsyncDispatcher: Registering class org.apache.hadoop.yarn.server.resourcemanager.ahs.WritingHistoryEventType for class org.apache.hadoop.yarn.server.resourcemanager.ahs.RMApplicationHistoryWriter$ForwardingEventHandler
2026-08-04 19:27:42,870 INFO org.apache.hadoop.yarn.event.AsyncDispatcher: Registering class org.apache.hadoop.yarn.server.resourcemanager.ahs.WritingHistoryEventType for class org.apache.hadoop.yarn.server.resourcemanager.ahs.RMApplicationHistoryWriter$ForwardingEventHandler
2026-08-04 19:27:42,870 INFO org.apache.hadoop.yarn.event.AsyncDispatcher: Registering class org.apache.hadoop.yarn.server.resourcemanager.ahs.WritingHistoryEventType for class org.apache.hadoop.yarn.server.resourcemanager.ahs.RMApplicationHistoryWriter$ForwardingEventHandler
2026-08-04 19:27:42,870 INFO org.apache.hadoop.util.HostsFileReader: Refreshing hosts (include/exclude) list
2026-08-04 19:27:42,872 INFO org.apache.hadoop.conf.Configuration: found resource capacity-scheduler.xml at file:/home/user/bigdata/hadoop-2.5.1/etc/hadoop/capacity-scheduler.xml
2026-08-04 19:27:42,895 INFO org.apache.hadoop.yarn.server.resourcemanager.scheduler.capacity.ParentQueue: root, capacity=1.0, asboluteCapacity=1.0, maxCapacity=1.0, asboluteMaxCapacity=1.0, state=RUNNING, acls=ADMINISTER_QUEUE:*SUBMIT_APPLICATIONS:*
2026-08-04 19:27:42,896 INFO org.apache.hadoop.yarn.server.resourcemanager.scheduler.capacity.ParentQueue: Initialized parent-queue root name=root, fullname=root
2026-08-04 19:27:42,901 INFO org.apache.hadoop.yarn.server.resourcemanager.scheduler.capacity.LeafQueue: Initializing default
capacity = 1.0 [= (float) configuredCapacity / 100 ]
asboluteCapacity = 1.0 [= parentAbsoluteCapacity * capacity ]
maxCapacity = 1.0 [= configuredMaxCapacity ]
absoluteMaxCapacity = 1.0 [= 1.0 maximumCapacity undefined, (parentAbsoluteMaxCapacity * maximumCapacity) / 100 otherwise ]
userLimit = 100 [= configuredUserLimit ]
userLimitFactor = 1.0 [= configuredUserLimitFactor ]
maxApplications = 10000 [= configuredMaximumSystemApplicationsPerQueue or (int)(configuredMaximumSystemApplications * absoluteCapacity)]
maxApplicationsPerUser = 10000 [= (int)(maxApplications * (userLimit / 100.0f) * userLimitFactor) ]
maxActiveApplications = 1 [= max((int)ceil((clusterResourceMemory / minimumAllocation) * maxAMResourcePerQueuePercent * absoluteMaxCapacity),1) ]
maxActiveAppsUsingAbsCap = 1 [= max((int)ceil((clusterResourceMemory / minimumAllocation) *maxAMResourcePercent * absoluteCapacity),1) ]
maxActiveApplicationsPerUser = 1 [= max((int)(maxActiveApplications * (userLimit / 100.0f) * userLimitFactor),1) ]
usedCapacity = 0.0 [= usedResourcesMemory / (clusterResourceMemory * absoluteCapacity)]
absoluteUsedCapacity = 0.0 [= usedResourcesMemory / clusterResourceMemory]
maxAMResourcePerQueuePercent = 0.1 [= configuredMaximumAMResourcePercent ]
minimumAllocationFactor = 0.875 [= (float)(maximumAllocationMemory - minimumAllocationMemory) / maximumAllocationMemory ]
numContainers = 0 [= currentNumContainers ]
state = RUNNING [= configuredState ]
acls = ADMINISTER_QUEUE:*SUBMIT_APPLICATIONS:* [= configuredAcls ]
nodeLocalityDelay = 40

2026-08-04 19:27:42,901 INFO org.apache.hadoop.yarn.server.resourcemanager.scheduler.capacity.CapacityScheduler: Initialized queue: default: capacity=1.0, absoluteCapacity=1.0, usedResources=<memory:0, vCores:0>, usedCapacity=0.0, absoluteUsedCapacity=0.0, numApps=0, numContainers=0
2026-08-04 19:27:42,901 INFO org.apache.hadoop.yarn.server.resourcemanager.scheduler.capacity.CapacityScheduler: Initialized queue: root: numChildQueue= 1, capacity=1.0, absoluteCapacity=1.0, usedResources=<memory:0, vCores:0>usedCapacity=0.0, numApps=0, numContainers=0
2026-08-04 19:27:42,901 INFO org.apache.hadoop.yarn.server.resourcemanager.scheduler.capacity.CapacityScheduler: Initialized root queue root: numChildQueue= 1, capacity=1.0, absoluteCapacity=1.0, usedResources=<memory:0, vCores:0>usedCapacity=0.0, numApps=0, numContainers=0
2026-08-04 19:27:42,901 INFO org.apache.hadoop.yarn.server.resourcemanager.scheduler.capacity.CapacityScheduler: Initialized CapacityScheduler with calculator=class org.apache.hadoop.yarn.util.resource.DefaultResourceCalculator, minimumAllocation=<<memory:1024, vCores:1>>, maximumAllocation=<<memory:8192, vCores:32>>, asynchronousScheduling=false, asyncScheduleInterval=5ms
2026-08-04 19:27:42,906 INFO org.apache.hadoop.yarn.server.resourcemanager.ResourceManager: Transitioning to active state
2026-08-04 19:27:42,910 INFO org.apache.hadoop.yarn.server.resourcemanager.security.RMContainerTokenSecretManager: Rolling master-key for container-tokens
2026-08-04 19:27:42,910 INFO org.apache.hadoop.yarn.server.resourcemanager.security.AMRMTokenSecretManager: Rolling master-key for amrm-tokens
2026-08-04 19:27:42,911 INFO org.apache.hadoop.yarn.server.resourcemanager.security.NMTokenSecretManagerInRM: Rolling master-key for nm-tokens
2026-08-04 19:27:42,911 INFO org.apache.hadoop.security.token.delegation.AbstractDelegationTokenSecretManager: Updating the current master key for generating delegation tokens
2026-08-04 19:27:42,911 INFO org.apache.hadoop.yarn.server.resourcemanager.security.RMDelegationTokenSecretManager: storing master key with keyID 1
2026-08-04 19:27:42,918 INFO org.apache.hadoop.security.token.delegation.AbstractDelegationTokenSecretManager: Starting expired delegation token remover thread, tokenRemoverScanInterval=60 min(s)
2026-08-04 19:27:42,918 INFO org.apache.hadoop.security.token.delegation.AbstractDelegationTokenSecretManager: Updating the current master key for generating delegation tokens
2026-08-04 19:27:42,918 INFO org.apache.hadoop.yarn.server.resourcemanager.security.RMDelegationTokenSecretManager: storing master key with keyID 2
2026-08-04 19:27:42,977 INFO org.apache.hadoop.ipc.CallQueueManager: Using callQueue class java.util.concurrent.LinkedBlockingQueue
2026-08-04 19:27:42,987 INFO org.apache.hadoop.ipc.Server: Starting Socket Reader #1 for port 8031
2026-08-04 19:27:42,997 INFO org.apache.hadoop.yarn.factories.impl.pb.RpcServerFactoryPBImpl: Adding protocol org.apache.hadoop.yarn.server.api.ResourceTrackerPB to the server
2026-08-04 19:27:42,998 INFO org.apache.hadoop.ipc.Server: IPC Server Responder: starting
2026-08-04 19:27:42,998 INFO org.apache.hadoop.ipc.Server: IPC Server listener on 8031: starting
2026-08-04 19:27:43,111 INFO org.apache.hadoop.ipc.CallQueueManager: Using callQueue class java.util.concurrent.LinkedBlockingQueue
2026-08-04 19:27:43,119 INFO org.apache.hadoop.ipc.Server: Starting Socket Reader #1 for port 8030
2026-08-04 19:27:43,129 INFO org.apache.hadoop.yarn.factories.impl.pb.RpcServerFactoryPBImpl: Adding protocol org.apache.hadoop.yarn.api.ApplicationMasterProtocolPB to the server
2026-08-04 19:27:43,129 INFO org.apache.hadoop.ipc.Server: IPC Server Responder: starting
2026-08-04 19:27:43,129 INFO org.apache.hadoop.ipc.Server: IPC Server listener on 8030: starting
2026-08-04 19:27:43,176 INFO org.apache.hadoop.ipc.CallQueueManager: Using callQueue class java.util.concurrent.LinkedBlockingQueue
2026-08-04 19:27:43,177 INFO org.apache.hadoop.ipc.Server: Starting Socket Reader #1 for port 8032
2026-08-04 19:27:43,180 INFO org.apache.hadoop.yarn.factories.impl.pb.RpcServerFactoryPBImpl: Adding protocol org.apache.hadoop.yarn.api.ApplicationClientProtocolPB to the server
2026-08-04 19:27:43,180 INFO org.apache.hadoop.ipc.Server: IPC Server Responder: starting
2026-08-04 19:27:43,181 INFO org.apache.hadoop.ipc.Server: IPC Server listener on 8032: starting
2026-08-04 19:27:43,205 INFO org.apache.hadoop.yarn.server.resourcemanager.ResourceManager: Transitioned to active state
2026-08-04 19:27:43,259 INFO org.mortbay.log: Logging to org.slf4j.impl.Log4jLoggerAdapter(org.mortbay.log) via org.mortbay.log.Slf4jLog
2026-08-04 19:27:43,260 INFO org.apache.hadoop.http.HttpRequestLog: Http request log for http.requests.resourcemanager is not defined
2026-08-04 19:27:43,266 INFO org.apache.hadoop.http.HttpServer2: Added global filter 'safety' (class=org.apache.hadoop.http.HttpServer2$QuotingInputFilter)
2026-08-04 19:27:43,270 INFO org.apache.hadoop.http.HttpServer2: Added filter YARNAuthenticationFilter (class=org.apache.hadoop.yarn.server.security.http.RMAuthenticationFilter) to context cluster
2026-08-04 19:27:43,270 INFO org.apache.hadoop.http.HttpServer2: Added filter YARNAuthenticationFilter (class=org.apache.hadoop.yarn.server.security.http.RMAuthenticationFilter) to context static
2026-08-04 19:27:43,270 INFO org.apache.hadoop.http.HttpServer2: Added filter YARNAuthenticationFilter (class=org.apache.hadoop.yarn.server.security.http.RMAuthenticationFilter) to context logs
2026-08-04 19:27:43,270 INFO org.apache.hadoop.http.HttpServer2: Added filter static_user_filter (class=org.apache.hadoop.http.lib.StaticUserWebFilter$StaticUserFilter) to context cluster
2026-08-04 19:27:43,270 INFO org.apache.hadoop.http.HttpServer2: Added filter static_user_filter (class=org.apache.hadoop.http.lib.StaticUserWebFilter$StaticUserFilter) to context static
2026-08-04 19:27:43,270 INFO org.apache.hadoop.http.HttpServer2: Added filter static_user_filter (class=org.apache.hadoop.http.lib.StaticUserWebFilter$StaticUserFilter) to context logs
2026-08-04 19:27:43,274 INFO org.apache.hadoop.http.HttpServer2: adding path spec: /cluster/*
2026-08-04 19:27:43,274 INFO org.apache.hadoop.http.HttpServer2: adding path spec: /ws/*
2026-08-04 19:27:43,287 INFO org.apache.hadoop.http.HttpServer2: Jetty bound to port 8088
2026-08-04 19:27:43,287 INFO org.mortbay.log: jetty-6.1.26
2026-08-04 19:27:43,315 INFO org.mortbay.log: Extract jar:file:/home/user/bigdata/hadoop-2.5.1/share/hadoop/yarn/hadoop-yarn-common-2.5.1.jar!/webapps/cluster to /tmp/Jetty_0_0_0_0_8088_cluster____u0rgz3/webapp
2026-08-04 19:27:43,488 WARN org.apache.hadoop.security.authentication.server.AuthenticationFilter: 'signature.secret' configuration not set, using a random value as secret
2026-08-04 19:27:43,517 WARN org.apache.hadoop.security.authentication.server.AuthenticationFilter: 'signature.secret' configuration not set, using a random value as secret
2026-08-04 19:27:43,517 WARN org.apache.hadoop.security.authentication.server.AuthenticationFilter: 'signature.secret' configuration not set, using a random value as secret
2026-08-04 19:27:43,527 INFO org.mortbay.log: Started HttpServer2$SelectChannelConnectorWithSafeStartup@0.0.0.0:8088
2026-08-04 19:27:43,527 INFO org.apache.hadoop.yarn.webapp.WebApps: Web app /cluster started at 8088
2026-08-04 19:27:44,023 INFO org.apache.hadoop.yarn.webapp.WebApps: Registered webapp guice modules
2026-08-04 19:27:44,045 INFO org.apache.hadoop.ipc.CallQueueManager: Using callQueue class java.util.concurrent.LinkedBlockingQueue
2026-08-04 19:27:44,050 INFO org.apache.hadoop.ipc.Server: Starting Socket Reader #1 for port 8033
2026-08-04 19:27:44,056 INFO org.apache.hadoop.yarn.factories.impl.pb.RpcServerFactoryPBImpl: Adding protocol org.apache.hadoop.yarn.server.api.ResourceManagerAdministrationProtocolPB to the server
2026-08-04 19:27:44,057 INFO org.apache.hadoop.ipc.Server: IPC Server Responder: starting
2026-08-04 19:27:44,057 INFO org.apache.hadoop.ipc.Server: IPC Server listener on 8033: starting
2026-08-04 19:27:45,500 INFO org.apache.hadoop.yarn.util.RackResolver: Resolved ubuntu to /default-rack
2026-08-04 19:27:45,504 INFO org.apache.hadoop.yarn.server.resourcemanager.rmnode.RMNodeImpl: ubuntu:36893 Node Transitioned from NEW to RUNNING
2026-08-04 19:27:45,505 INFO org.apache.hadoop.yarn.server.resourcemanager.scheduler.capacity.CapacityScheduler: Added node ubuntu:36893 clusterResource: <memory:8192, vCores:8>
2026-08-04 19:27:45,505 INFO org.apache.hadoop.yarn.server.resourcemanager.ResourceTrackerService: NodeManager from node ubuntu(cmPort: 36893 httpPort: 8042) registered with capability: <memory:8192, vCores:8>, assigned nodeId ubuntu:36893
2026-08-04 23:45:08,537 ERROR org.apache.hadoop.yarn.server.resourcemanager.ResourceManager: RECEIVED SIGNAL 15: SIGTERM
2026-08-04 23:45:08,564 INFO org.mortbay.log: Stopped HttpServer2$SelectChannelConnectorWithSafeStartup@0.0.0.0:8088
2026-08-04 23:45:08,565 WARN org.apache.hadoop.http.HttpServer2: HttpServer Acceptor: isRunning is false. Rechecking.
2026-08-04 23:45:08,565 WARN org.apache.hadoop.http.HttpServer2: HttpServer Acceptor: isRunning is false
2026-08-04 23:45:08,666 INFO org.apache.hadoop.ipc.Server: Stopping server on 8032
2026-08-04 23:45:08,674 INFO org.apache.hadoop.ipc.Server: Stopping IPC Server listener on 8032
2026-08-04 23:45:08,683 INFO org.apache.hadoop.ipc.Server: Stopping IPC Server Responder
2026-08-04 23:45:08,683 INFO org.apache.hadoop.ipc.Server: Stopping server on 8033
2026-08-04 23:45:08,684 INFO org.apache.hadoop.ipc.Server: Stopping IPC Server listener on 8033
2026-08-04 23:45:08,685 INFO org.apache.hadoop.ipc.Server: Stopping IPC Server Responder
2026-08-04 23:45:08,685 INFO org.apache.hadoop.yarn.server.resourcemanager.ResourceManager: Transitioning to standby state
2026-08-04 23:45:08,685 INFO org.apache.hadoop.metrics2.impl.MetricsSystemImpl: Stopping ResourceManager metrics system...
2026-08-04 23:45:08,686 INFO org.apache.hadoop.metrics2.impl.MetricsSystemImpl: ResourceManager metrics system stopped.
2026-08-04 23:45:08,686 INFO org.apache.hadoop.metrics2.impl.MetricsSystemImpl: ResourceManager metrics system shutdown complete.
2026-08-04 23:45:08,686 INFO org.apache.hadoop.yarn.event.AsyncDispatcher: AsyncDispatcher is draining to stop, igonring any new events.
2026-08-04 23:45:08,686 WARN org.apache.hadoop.yarn.server.resourcemanager.amlauncher.ApplicationMasterLauncher: org.apache.hadoop.yarn.server.resourcemanager.amlauncher.ApplicationMasterLauncher$LauncherThread interrupted. Returning.
2026-08-04 23:45:08,687 INFO org.apache.hadoop.ipc.Server: Stopping server on 8030
2026-08-04 23:45:08,689 INFO org.apache.hadoop.ipc.Server: Stopping IPC Server listener on 8030
2026-08-04 23:45:08,692 INFO org.apache.hadoop.ipc.Server: Stopping server on 8031
2026-08-04 23:45:08,692 INFO org.apache.hadoop.ipc.Server: Stopping IPC Server Responder
2026-08-04 23:45:08,697 INFO org.apache.hadoop.ipc.Server: Stopping IPC Server listener on 8031
2026-08-04 23:45:08,697 INFO org.apache.hadoop.ipc.Server: Stopping IPC Server Responder
2026-08-04 23:45:08,697 INFO org.apache.hadoop.yarn.util.AbstractLivelinessMonitor: NMLivelinessMonitor thread interrupted
2026-08-04 23:45:08,701 ERROR org.apache.hadoop.yarn.server.resourcemanager.ResourceManager: Returning, interrupted : java.lang.InterruptedException
2026-08-04 23:45:08,701 INFO org.apache.hadoop.yarn.event.AsyncDispatcher: AsyncDispatcher is draining to stop, igonring any new events.
2026-08-04 23:45:08,702 INFO org.apache.hadoop.yarn.event.AsyncDispatcher: AsyncDispatcher is draining to stop, igonring any new events.
2026-08-04 23:45:08,702 INFO org.apache.hadoop.yarn.event.AsyncDispatcher: AsyncDispatcher is draining to stop, igonring any new events.
2026-08-04 23:45:08,702 INFO org.apache.hadoop.yarn.event.AsyncDispatcher: AsyncDispatcher is draining to stop, igonring any new events.
2026-08-04 23:45:08,702 INFO org.apache.hadoop.yarn.event.AsyncDispatcher: AsyncDispatcher is draining to stop, igonring any new events.
2026-08-04 23:45:08,702 INFO org.apache.hadoop.yarn.event.AsyncDispatcher: AsyncDispatcher is draining to stop, igonring any new events.
2026-08-04 23:45:08,702 INFO org.apache.hadoop.yarn.event.AsyncDispatcher: AsyncDispatcher is draining to stop, igonring any new events.
2026-08-04 23:45:08,703 INFO org.apache.hadoop.yarn.event.AsyncDispatcher: AsyncDispatcher is draining to stop, igonring any new events.
2026-08-04 23:45:08,703 INFO org.apache.hadoop.yarn.event.AsyncDispatcher: AsyncDispatcher is draining to stop, igonring any new events.
2026-08-04 23:45:08,703 INFO org.apache.hadoop.yarn.event.AsyncDispatcher: AsyncDispatcher is draining to stop, igonring any new events.
2026-08-04 23:45:08,703 INFO org.apache.hadoop.yarn.util.AbstractLivelinessMonitor: AMLivelinessMonitor thread interrupted
2026-08-04 23:45:08,703 INFO org.apache.hadoop.yarn.util.AbstractLivelinessMonitor: AMLivelinessMonitor thread interrupted
2026-08-04 23:45:08,703 INFO org.apache.hadoop.yarn.util.AbstractLivelinessMonitor: org.apache.hadoop.yarn.server.resourcemanager.rmcontainer.ContainerAllocationExpirer thread interrupted
2026-08-04 23:45:08,703 ERROR org.apache.hadoop.security.token.delegation.AbstractDelegationTokenSecretManager: ExpiredTokenRemover received java.lang.InterruptedException: sleep interrupted
2026-08-04 23:45:08,704 INFO org.apache.hadoop.yarn.server.resourcemanager.ResourceManager: Transitioned to standby state
2026-08-04 23:45:08,704 INFO org.apache.hadoop.yarn.server.resourcemanager.ResourceManager: SHUTDOWN_MSG: 
/************************************************************
SHUTDOWN_MSG: Shutting down ResourceManager at ubuntu/127.0.1.1
************************************************************/
2026-08-05 00:02:33,272 INFO org.apache.hadoop.yarn.server.resourcemanager.ResourceManager: STARTUP_MSG: 
/************************************************************
STARTUP_MSG: Starting ResourceManager
STARTUP_MSG:   host = ubuntu/127.0.1.1
STARTUP_MSG:   args = []
STARTUP_MSG:   version = 2.5.1
STARTUP_MSG:   classpath = /home/user/bigdata/hadoop-2.5.1/etc/hadoop:/home/user/bigdata/hadoop-2.5.1/etc/hadoop:/home/user/bigdata/hadoop-2.5.1/etc/hadoop:/home/user/bigdata/hadoop-2.5.1/share/hadoop/common/lib/jetty-util-6.1.26.jar:/home/user/bigdata/hadoop-2.5.1/share/hadoop/common/lib/apacheds-kerberos-codec-2.0.0-M15.jar:/home/user/bigdata/hadoop-2.5.1/share/hadoop/common/lib/commons-collections-3.2.1.jar:/home/user/bigdata/hadoop-2.5.1/share/hadoop/common/lib/jackson-core-asl-1.9.13.jar:/home/user/bigdata/hadoop-2.5.1/share/hadoop/common/lib/slf4j-log4j12-1.7.5.jar:/home/user/bigdata/hadoop-2.5.1/share/hadoop/common/lib/zookeeper-3.4.6.jar:/home/user/bigdata/hadoop-2.5.1/share/hadoop/common/lib/hadoop-auth-2.5.1.jar:/home/user/bigdata/hadoop-2.5.1/share/hadoop/common/lib/junit-4.11.jar:/home/user/bigdata/hadoop-2.5.1/share/hadoop/common/lib/api-util-1.0.0-M20.jar:/home/user/bigdata/hadoop-2.5.1/share/hadoop/common/lib/api-asn1-api-1.0.0-M20.jar:/home/user/bigdata/hadoop-2.5.1/share/hadoop/common/lib/jersey-core-1.9.jar:/home/user/bigdata/hadoop-2.5.1/share/hadoop/common/lib/commons-math3-3.1.1.jar:/home/user/bigdata/hadoop-2.5.1/share/hadoop/common/lib/jaxb-api-2.2.2.jar:/home/user/bigdata/hadoop-2.5.1/share/hadoop/common/lib/jackson-xc-1.9.13.jar:/home/user/bigdata/hadoop-2.5.1/share/hadoop/common/lib/commons-configuration-1.6.jar:/home/user/bigdata/hadoop-2.5.1/share/hadoop/common/lib/stax-api-1.0-2.jar:/home/user/bigdata/hadoop-2.5.1/share/hadoop/common/lib/jsr305-1.3.9.jar:/home/user/bigdata/hadoop-2.5.1/share/hadoop/common/lib/jackson-jaxrs-1.9.13.jar:/home/user/bigdata/hadoop-2.5.1/share/hadoop/common/lib/log4j-1.2.17.jar:/home/user/bigdata/hadoop-2.5.1/share/hadoop/common/lib/jersey-server-1.9.jar:/home/user/bigdata/hadoop-2.5.1/share/hadoop/common/lib/java-xmlbuilder-0.4.jar:/home/user/bigdata/hadoop-2.5.1/share/hadoop/common/lib/avro-1.7.4.jar:/home/user/bigdata/hadoop-2.5.1/share/hadoop/common/lib/commons-logging-1.1.3.jar:/home/user/bigdata/hadoop-2.5.1/share/hadoop/common/lib/slf4j-api-1.7.5.jar:/home/user/bigdata/hadoop-2.5.1/share/hadoop/common/lib/httpcore-4.2.5.jar:/home/user/bigdata/hadoop-2.5.1/share/hadoop/common/lib/jaxb-impl-2.2.3-1.jar:/home/user/bigdata/hadoop-2.5.1/share/hadoop/common/lib/httpclient-4.2.5.jar:/home/user/bigdata/hadoop-2.5.1/share/hadoop/common/lib/jersey-json-1.9.jar:/home/user/bigdata/hadoop-2.5.1/share/hadoop/common/lib/commons-lang-2.6.jar:/home/user/bigdata/hadoop-2.5.1/share/hadoop/common/lib/commons-httpclient-3.1.jar:/home/user/bigdata/hadoop-2.5.1/share/hadoop/common/lib/jettison-1.1.jar:/home/user/bigdata/hadoop-2.5.1/share/hadoop/common/lib/netty-3.6.2.Final.jar:/home/user/bigdata/hadoop-2.5.1/share/hadoop/common/lib/commons-digester-1.8.jar:/home/user/bigdata/hadoop-2.5.1/share/hadoop/common/lib/apacheds-i18n-2.0.0-M15.jar:/home/user/bigdata/hadoop-2.5.1/share/hadoop/common/lib/commons-compress-1.4.1.jar:/home/user/bigdata/hadoop-2.5.1/share/hadoop/common/lib/commons-net-3.1.jar:/home/user/bigdata/hadoop-2.5.1/share/hadoop/common/lib/jsp-api-2.1.jar:/home/user/bigdata/hadoop-2.5.1/share/hadoop/common/lib/snappy-java-1.0.4.1.jar:/home/user/bigdata/hadoop-2.5.1/share/hadoop/common/lib/commons-el-1.0.jar:/home/user/bigdata/hadoop-2.5.1/share/hadoop/common/lib/hamcrest-core-1.3.jar:/home/user/bigdata/hadoop-2.5.1/share/hadoop/common/lib/xz-1.0.jar:/home/user/bigdata/hadoop-2.5.1/share/hadoop/common/lib/paranamer-2.3.jar:/home/user/bigdata/hadoop-2.5.1/share/hadoop/common/lib/commons-beanutils-core-1.8.0.jar:/home/user/bigdata/hadoop-2.5.1/share/hadoop/common/lib/commons-io-2.4.jar:/home/user/bigdata/hadoop-2.5.1/share/hadoop/common/lib/xmlenc-0.52.jar:/home/user/bigdata/hadoop-2.5.1/share/hadoop/common/lib/jasper-compiler-5.5.23.jar:/home/user/bigdata/hadoop-2.5.1/share/hadoop/common/lib/mockito-all-1.8.5.jar:/home/user/bigdata/hadoop-2.5.1/share/hadoop/common/lib/guava-11.0.2.jar:/home/user/bigdata/hadoop-2.5.1/share/hadoop/common/lib/jasper-runtime-5.5.23.jar:/home/user/bigdata/hadoop-2.5.1/share/hadoop/common/lib/commons-beanutils-1.7.0.jar:/home/user/bigdata/hadoop-2.5.1/share/hadoop/common/lib/servlet-api-2.5.jar:/home/user/bigdata/hadoop-2.5.1/share/hadoop/common/lib/jets3t-0.9.0.jar:/home/user/bigdata/hadoop-2.5.1/share/hadoop/common/lib/hadoop-annotations-2.5.1.jar:/home/user/bigdata/hadoop-2.5.1/share/hadoop/common/lib/protobuf-java-2.5.0.jar:/home/user/bigdata/hadoop-2.5.1/share/hadoop/common/lib/commons-codec-1.4.jar:/home/user/bigdata/hadoop-2.5.1/share/hadoop/common/lib/activation-1.1.jar:/home/user/bigdata/hadoop-2.5.1/share/hadoop/common/lib/jackson-mapper-asl-1.9.13.jar:/home/user/bigdata/hadoop-2.5.1/share/hadoop/common/lib/commons-cli-1.2.jar:/home/user/bigdata/hadoop-2.5.1/share/hadoop/common/lib/jsch-0.1.42.jar:/home/user/bigdata/hadoop-2.5.1/share/hadoop/common/lib/jetty-6.1.26.jar:/home/user/bigdata/hadoop-2.5.1/share/hadoop/common/lib/asm-3.2.jar:/home/user/bigdata/hadoop-2.5.1/share/hadoop/common/hadoop-nfs-2.5.1.jar:/home/user/bigdata/hadoop-2.5.1/share/hadoop/common/hadoop-common-2.5.1.jar:/home/user/bigdata/hadoop-2.5.1/share/hadoop/common/hadoop-common-2.5.1-tests.jar:/home/user/bigdata/hadoop-2.5.1/share/hadoop/hdfs:/home/user/bigdata/hadoop-2.5.1/share/hadoop/hdfs/lib/jetty-util-6.1.26.jar:/home/user/bigdata/hadoop-2.5.1/share/hadoop/hdfs/lib/jackson-core-asl-1.9.13.jar:/home/user/bigdata/hadoop-2.5.1/share/hadoop/hdfs/lib/jersey-core-1.9.jar:/home/user/bigdata/hadoop-2.5.1/share/hadoop/hdfs/lib/jsr305-1.3.9.jar:/home/user/bigdata/hadoop-2.5.1/share/hadoop/hdfs/lib/log4j-1.2.17.jar:/home/user/bigdata/hadoop-2.5.1/share/hadoop/hdfs/lib/jersey-server-1.9.jar:/home/user/bigdata/hadoop-2.5.1/share/hadoop/hdfs/lib/commons-logging-1.1.3.jar:/home/user/bigdata/hadoop-2.5.1/share/hadoop/hdfs/lib/commons-lang-2.6.jar:/home/user/bigdata/hadoop-2.5.1/share/hadoop/hdfs/lib/netty-3.6.2.Final.jar:/home/user/bigdata/hadoop-2.5.1/share/hadoop/hdfs/lib/jsp-api-2.1.jar:/home/user/bigdata/hadoop-2.5.1/share/hadoop/hdfs/lib/commons-el-1.0.jar:/home/user/bigdata/hadoop-2.5.1/share/hadoop/hdfs/lib/commons-io-2.4.jar:/home/user/bigdata/hadoop-2.5.1/share/hadoop/hdfs/lib/xmlenc-0.52.jar:/home/user/bigdata/hadoop-2.5.1/share/hadoop/hdfs/lib/guava-11.0.2.jar:/home/user/bigdata/hadoop-2.5.1/share/hadoop/hdfs/lib/jasper-runtime-5.5.23.jar:/home/user/bigdata/hadoop-2.5.1/share/hadoop/hdfs/lib/servlet-api-2.5.jar:/home/user/bigdata/hadoop-2.5.1/share/hadoop/hdfs/lib/protobuf-java-2.5.0.jar:/home/user/bigdata/hadoop-2.5.1/share/hadoop/hdfs/lib/commons-codec-1.4.jar:/home/user/bigdata/hadoop-2.5.1/share/hadoop/hdfs/lib/jackson-mapper-asl-1.9.13.jar:/home/user/bigdata/hadoop-2.5.1/share/hadoop/hdfs/lib/commons-cli-1.2.jar:/home/user/bigdata/hadoop-2.5.1/share/hadoop/hdfs/lib/jetty-6.1.26.jar:/home/user/bigdata/hadoop-2.5.1/share/hadoop/hdfs/lib/commons-daemon-1.0.13.jar:/home/user/bigdata/hadoop-2.5.1/share/hadoop/hdfs/lib/asm-3.2.jar:/home/user/bigdata/hadoop-2.5.1/share/hadoop/hdfs/hadoop-hdfs-2.5.1-tests.jar:/home/user/bigdata/hadoop-2.5.1/share/hadoop/hdfs/hadoop-hdfs-2.5.1.jar:/home/user/bigdata/hadoop-2.5.1/share/hadoop/hdfs/hadoop-hdfs-nfs-2.5.1.jar:/home/user/bigdata/hadoop-2.5.1/share/hadoop/yarn/lib/jetty-util-6.1.26.jar:/home/user/bigdata/hadoop-2.5.1/share/hadoop/yarn/lib/guice-servlet-3.0.jar:/home/user/bigdata/hadoop-2.5.1/share/hadoop/yarn/lib/commons-collections-3.2.1.jar:/home/user/bigdata/hadoop-2.5.1/share/hadoop/yarn/lib/jackson-core-asl-1.9.13.jar:/home/user/bigdata/hadoop-2.5.1/share/hadoop/yarn/lib/zookeeper-3.4.6.jar:/home/user/bigdata/hadoop-2.5.1/share/hadoop/yarn/lib/jersey-client-1.9.jar:/home/user/bigdata/hadoop-2.5.1/share/hadoop/yarn/lib/jersey-core-1.9.jar:/home/user/bigdata/hadoop-2.5.1/share/hadoop/yarn/lib/jaxb-api-2.2.2.jar:/home/user/bigdata/hadoop-2.5.1/share/hadoop/yarn/lib/aopalliance-1.0.jar:/home/user/bigdata/hadoop-2.5.1/share/hadoop/yarn/lib/jackson-xc-1.9.13.jar:/home/user/bigdata/hadoop-2.5.1/share/hadoop/yarn/lib/jersey-guice-1.9.jar:/home/user/bigdata/hadoop-2.5.1/share/hadoop/yarn/lib/stax-api-1.0-2.jar:/home/user/bigdata/hadoop-2.5.1/share/hadoop/yarn/lib/jsr305-1.3.9.jar:/home/user/bigdata/hadoop-2.5.1/share/hadoop/yarn/lib/jackson-jaxrs-1.9.13.jar:/home/user/bigdata/hadoop-2.5.1/share/hadoop/yarn/lib/log4j-1.2.17.jar:/home/user/bigdata/hadoop-2.5.1/share/hadoop/yarn/lib/jline-0.9.94.jar:/home/user/bigdata/hadoop-2.5.1/share/hadoop/yarn/lib/jersey-server-1.9.jar:/home/user/bigdata/hadoop-2.5.1/share/hadoop/yarn/lib/commons-logging-1.1.3.jar:/home/user/bigdata/hadoop-2.5.1/share/hadoop/yarn/lib/jaxb-impl-2.2.3-1.jar:/home/user/bigdata/hadoop-2.5.1/share/hadoop/yarn/lib/javax.inject-1.jar:/home/user/bigdata/hadoop-2.5.1/share/hadoop/yarn/lib/jersey-json-1.9.jar:/home/user/bigdata/hadoop-2.5.1/share/hadoop/yarn/lib/commons-lang-2.6.jar:/home/user/bigdata/hadoop-2.5.1/share/hadoop/yarn/lib/commons-httpclient-3.1.jar:/home/user/bigdata/hadoop-2.5.1/share/hadoop/yarn/lib/jettison-1.1.jar:/home/user/bigdata/hadoop-2.5.1/share/hadoop/yarn/lib/netty-3.6.2.Final.jar:/home/user/bigdata/hadoop-2.5.1/share/hadoop/yarn/lib/commons-compress-1.4.1.jar:/home/user/bigdata/hadoop-2.5.1/share/hadoop/yarn/lib/xz-1.0.jar:/home/user/bigdata/hadoop-2.5.1/share/hadoop/yarn/lib/commons-io-2.4.jar:/home/user/bigdata/hadoop-2.5.1/share/hadoop/yarn/lib/leveldbjni-all-1.8.jar:/home/user/bigdata/hadoop-2.5.1/share/hadoop/yarn/lib/guava-11.0.2.jar:/home/user/bigdata/hadoop-2.5.1/share/hadoop/yarn/lib/servlet-api-2.5.jar:/home/user/bigdata/hadoop-2.5.1/share/hadoop/yarn/lib/protobuf-java-2.5.0.jar:/home/user/bigdata/hadoop-2.5.1/share/hadoop/yarn/lib/commons-codec-1.4.jar:/home/user/bigdata/hadoop-2.5.1/share/hadoop/yarn/lib/activation-1.1.jar:/home/user/bigdata/hadoop-2.5.1/share/hadoop/yarn/lib/jackson-mapper-asl-1.9.13.jar:/home/user/bigdata/hadoop-2.5.1/share/hadoop/yarn/lib/guice-3.0.jar:/home/user/bigdata/hadoop-2.5.1/share/hadoop/yarn/lib/commons-cli-1.2.jar:/home/user/bigdata/hadoop-2.5.1/share/hadoop/yarn/lib/jetty-6.1.26.jar:/home/user/bigdata/hadoop-2.5.1/share/hadoop/yarn/lib/asm-3.2.jar:/home/user/bigdata/hadoop-2.5.1/share/hadoop/yarn/hadoop-yarn-server-web-proxy-2.5.1.jar:/home/user/bigdata/hadoop-2.5.1/share/hadoop/yarn/hadoop-yarn-applications-unmanaged-am-launcher-2.5.1.jar:/home/user/bigdata/hadoop-2.5.1/share/hadoop/yarn/hadoop-yarn-applications-distributedshell-2.5.1.jar:/home/user/bigdata/hadoop-2.5.1/share/hadoop/yarn/hadoop-yarn-server-nodemanager-2.5.1.jar:/home/user/bigdata/hadoop-2.5.1/share/hadoop/yarn/hadoop-yarn-server-tests-2.5.1.jar:/home/user/bigdata/hadoop-2.5.1/share/hadoop/yarn/hadoop-yarn-server-common-2.5.1.jar:/home/user/bigdata/hadoop-2.5.1/share/hadoop/yarn/hadoop-yarn-common-2.5.1.jar:/home/user/bigdata/hadoop-2.5.1/share/hadoop/yarn/hadoop-yarn-server-resourcemanager-2.5.1.jar:/home/user/bigdata/hadoop-2.5.1/share/hadoop/yarn/hadoop-yarn-client-2.5.1.jar:/home/user/bigdata/hadoop-2.5.1/share/hadoop/yarn/hadoop-yarn-server-applicationhistoryservice-2.5.1.jar:/home/user/bigdata/hadoop-2.5.1/share/hadoop/yarn/hadoop-yarn-api-2.5.1.jar:/home/user/bigdata/hadoop-2.5.1/share/hadoop/mapreduce/lib/guice-servlet-3.0.jar:/home/user/bigdata/hadoop-2.5.1/share/hadoop/mapreduce/lib/jackson-core-asl-1.9.13.jar:/home/user/bigdata/hadoop-2.5.1/share/hadoop/mapreduce/lib/junit-4.11.jar:/home/user/bigdata/hadoop-2.5.1/share/hadoop/mapreduce/lib/jersey-core-1.9.jar:/home/user/bigdata/hadoop-2.5.1/share/hadoop/mapreduce/lib/aopalliance-1.0.jar:/home/user/bigdata/hadoop-2.5.1/share/hadoop/mapreduce/lib/jersey-guice-1.9.jar:/home/user/bigdata/hadoop-2.5.1/share/hadoop/mapreduce/lib/log4j-1.2.17.jar:/home/user/bigdata/hadoop-2.5.1/share/hadoop/mapreduce/lib/jersey-server-1.9.jar:/home/user/bigdata/hadoop-2.5.1/share/hadoop/mapreduce/lib/avro-1.7.4.jar:/home/user/bigdata/hadoop-2.5.1/share/hadoop/mapreduce/lib/javax.inject-1.jar:/home/user/bigdata/hadoop-2.5.1/share/hadoop/mapreduce/lib/netty-3.6.2.Final.jar:/home/user/bigdata/hadoop-2.5.1/share/hadoop/mapreduce/lib/commons-compress-1.4.1.jar:/home/user/bigdata/hadoop-2.5.1/share/hadoop/mapreduce/lib/snappy-java-1.0.4.1.jar:/home/user/bigdata/hadoop-2.5.1/share/hadoop/mapreduce/lib/hamcrest-core-1.3.jar:/home/user/bigdata/hadoop-2.5.1/share/hadoop/mapreduce/lib/xz-1.0.jar:/home/user/bigdata/hadoop-2.5.1/share/hadoop/mapreduce/lib/paranamer-2.3.jar:/home/user/bigdata/hadoop-2.5.1/share/hadoop/mapreduce/lib/commons-io-2.4.jar:/home/user/bigdata/hadoop-2.5.1/share/hadoop/mapreduce/lib/leveldbjni-all-1.8.jar:/home/user/bigdata/hadoop-2.5.1/share/hadoop/mapreduce/lib/hadoop-annotations-2.5.1.jar:/home/user/bigdata/hadoop-2.5.1/share/hadoop/mapreduce/lib/protobuf-java-2.5.0.jar:/home/user/bigdata/hadoop-2.5.1/share/hadoop/mapreduce/lib/jackson-mapper-asl-1.9.13.jar:/home/user/bigdata/hadoop-2.5.1/share/hadoop/mapreduce/lib/guice-3.0.jar:/home/user/bigdata/hadoop-2.5.1/share/hadoop/mapreduce/lib/asm-3.2.jar:/home/user/bigdata/hadoop-2.5.1/share/hadoop/mapreduce/hadoop-mapreduce-client-common-2.5.1.jar:/home/user/bigdata/hadoop-2.5.1/share/hadoop/mapreduce/hadoop-mapreduce-client-hs-2.5.1.jar:/home/user/bigdata/hadoop-2.5.1/share/hadoop/mapreduce/hadoop-mapreduce-client-shuffle-2.5.1.jar:/home/user/bigdata/hadoop-2.5.1/share/hadoop/mapreduce/hadoop-mapreduce-client-core-2.5.1.jar:/home/user/bigdata/hadoop-2.5.1/share/hadoop/mapreduce/hadoop-mapreduce-client-jobclient-2.5.1.jar:/home/user/bigdata/hadoop-2.5.1/share/hadoop/mapreduce/hadoop-mapreduce-client-hs-plugins-2.5.1.jar:/home/user/bigdata/hadoop-2.5.1/share/hadoop/mapreduce/hadoop-mapreduce-client-jobclient-2.5.1-tests.jar:/home/user/bigdata/hadoop-2.5.1/share/hadoop/mapreduce/hadoop-mapreduce-examples-2.5.1.jar:/home/user/bigdata/hadoop-2.5.1/share/hadoop/mapreduce/hadoop-mapreduce-client-app-2.5.1.jar:/usr/lib/jvm/java-8-openjdk-amd64//lib/tools.jar:/home/user/bigdata/hadoop-2.5.1//contrib/capacity-scheduler/*.jar:/home/user/bigdata/hadoop-2.5.1//contrib/capacity-scheduler/*.jar:/home/user/bigdata/hadoop-2.5.1//contrib/capacity-scheduler/*.jar:/home/user/bigdata/hadoop-2.5.1/share/hadoop/yarn/hadoop-yarn-server-web-proxy-2.5.1.jar:/home/user/bigdata/hadoop-2.5.1/share/hadoop/yarn/hadoop-yarn-applications-unmanaged-am-launcher-2.5.1.jar:/home/user/bigdata/hadoop-2.5.1/share/hadoop/yarn/hadoop-yarn-applications-distributedshell-2.5.1.jar:/home/user/bigdata/hadoop-2.5.1/share/hadoop/yarn/hadoop-yarn-server-nodemanager-2.5.1.jar:/home/user/bigdata/hadoop-2.5.1/share/hadoop/yarn/hadoop-yarn-server-tests-2.5.1.jar:/home/user/bigdata/hadoop-2.5.1/share/hadoop/yarn/hadoop-yarn-server-common-2.5.1.jar:/home/user/bigdata/hadoop-2.5.1/share/hadoop/yarn/hadoop-yarn-common-2.5.1.jar:/home/user/bigdata/hadoop-2.5.1/share/hadoop/yarn/hadoop-yarn-server-resourcemanager-2.5.1.jar:/home/user/bigdata/hadoop-2.5.1/share/hadoop/yarn/hadoop-yarn-client-2.5.1.jar:/home/user/bigdata/hadoop-2.5.1/share/hadoop/yarn/hadoop-yarn-server-applicationhistoryservice-2.5.1.jar:/home/user/bigdata/hadoop-2.5.1/share/hadoop/yarn/hadoop-yarn-api-2.5.1.jar:/home/user/bigdata/hadoop-2.5.1/share/hadoop/yarn/lib/jetty-util-6.1.26.jar:/home/user/bigdata/hadoop-2.5.1/share/hadoop/yarn/lib/guice-servlet-3.0.jar:/home/user/bigdata/hadoop-2.5.1/share/hadoop/yarn/lib/commons-collections-3.2.1.jar:/home/user/bigdata/hadoop-2.5.1/share/hadoop/yarn/lib/jackson-core-asl-1.9.13.jar:/home/user/bigdata/hadoop-2.5.1/share/hadoop/yarn/lib/zookeeper-3.4.6.jar:/home/user/bigdata/hadoop-2.5.1/share/hadoop/yarn/lib/jersey-client-1.9.jar:/home/user/bigdata/hadoop-2.5.1/share/hadoop/yarn/lib/jersey-core-1.9.jar:/home/user/bigdata/hadoop-2.5.1/share/hadoop/yarn/lib/jaxb-api-2.2.2.jar:/home/user/bigdata/hadoop-2.5.1/share/hadoop/yarn/lib/aopalliance-1.0.jar:/home/user/bigdata/hadoop-2.5.1/share/hadoop/yarn/lib/jackson-xc-1.9.13.jar:/home/user/bigdata/hadoop-2.5.1/share/hadoop/yarn/lib/jersey-guice-1.9.jar:/home/user/bigdata/hadoop-2.5.1/share/hadoop/yarn/lib/stax-api-1.0-2.jar:/home/user/bigdata/hadoop-2.5.1/share/hadoop/yarn/lib/jsr305-1.3.9.jar:/home/user/bigdata/hadoop-2.5.1/share/hadoop/yarn/lib/jackson-jaxrs-1.9.13.jar:/home/user/bigdata/hadoop-2.5.1/share/hadoop/yarn/lib/log4j-1.2.17.jar:/home/user/bigdata/hadoop-2.5.1/share/hadoop/yarn/lib/jline-0.9.94.jar:/home/user/bigdata/hadoop-2.5.1/share/hadoop/yarn/lib/jersey-server-1.9.jar:/home/user/bigdata/hadoop-2.5.1/share/hadoop/yarn/lib/commons-logging-1.1.3.jar:/home/user/bigdata/hadoop-2.5.1/share/hadoop/yarn/lib/jaxb-impl-2.2.3-1.jar:/home/user/bigdata/hadoop-2.5.1/share/hadoop/yarn/lib/javax.inject-1.jar:/home/user/bigdata/hadoop-2.5.1/share/hadoop/yarn/lib/jersey-json-1.9.jar:/home/user/bigdata/hadoop-2.5.1/share/hadoop/yarn/lib/commons-lang-2.6.jar:/home/user/bigdata/hadoop-2.5.1/share/hadoop/yarn/lib/commons-httpclient-3.1.jar:/home/user/bigdata/hadoop-2.5.1/share/hadoop/yarn/lib/jettison-1.1.jar:/home/user/bigdata/hadoop-2.5.1/share/hadoop/yarn/lib/netty-3.6.2.Final.jar:/home/user/bigdata/hadoop-2.5.1/share/hadoop/yarn/lib/commons-compress-1.4.1.jar:/home/user/bigdata/hadoop-2.5.1/share/hadoop/yarn/lib/xz-1.0.jar:/home/user/bigdata/hadoop-2.5.1/share/hadoop/yarn/lib/commons-io-2.4.jar:/home/user/bigdata/hadoop-2.5.1/share/hadoop/yarn/lib/leveldbjni-all-1.8.jar:/home/user/bigdata/hadoop-2.5.1/share/hadoop/yarn/lib/guava-11.0.2.jar:/home/user/bigdata/hadoop-2.5.1/share/hadoop/yarn/lib/servlet-api-2.5.jar:/home/user/bigdata/hadoop-2.5.1/share/hadoop/yarn/lib/protobuf-java-2.5.0.jar:/home/user/bigdata/hadoop-2.5.1/share/hadoop/yarn/lib/commons-codec-1.4.jar:/home/user/bigdata/hadoop-2.5.1/share/hadoop/yarn/lib/activation-1.1.jar:/home/user/bigdata/hadoop-2.5.1/share/hadoop/yarn/lib/jackson-mapper-asl-1.9.13.jar:/home/user/bigdata/hadoop-2.5.1/share/hadoop/yarn/lib/guice-3.0.jar:/home/user/bigdata/hadoop-2.5.1/share/hadoop/yarn/lib/commons-cli-1.2.jar:/home/user/bigdata/hadoop-2.5.1/share/hadoop/yarn/lib/jetty-6.1.26.jar:/home/user/bigdata/hadoop-2.5.1/share/hadoop/yarn/lib/asm-3.2.jar:/home/user/bigdata/hadoop-2.5.1/etc/hadoop/rm-config/log4j.properties
STARTUP_MSG:   build = https://git-wip-us.apache.org/repos/asf/hadoop.git -r 2e18d179e4a8065b6a9f29cf2de9451891265cce; compiled by 'jenkins' on 2014-09-05T23:11Z
STARTUP_MSG:   java = 1.8.0_362
************************************************************/
2026-08-05 00:02:33,276 INFO org.apache.hadoop.yarn.server.resourcemanager.ResourceManager: registered UNIX signal handlers for [TERM, HUP, INT]
2026-08-05 00:02:33,352 INFO org.apache.hadoop.conf.Configuration: found resource core-site.xml at file:/home/user/bigdata/hadoop-2.5.1/etc/hadoop/core-site.xml
2026-08-05 00:02:33,373 INFO org.apache.hadoop.security.Groups: clearing userToGroupsMap cache
2026-08-05 00:02:33,375 INFO org.apache.hadoop.conf.Configuration: found resource yarn-site.xml at file:/home/user/bigdata/hadoop-2.5.1/etc/hadoop/yarn-site.xml
2026-08-05 00:02:33,406 INFO org.apache.hadoop.yarn.event.AsyncDispatcher: Registering class org.apache.hadoop.yarn.server.resourcemanager.RMFatalEventType for class org.apache.hadoop.yarn.server.resourcemanager.ResourceManager$RMFatalEventDispatcher
2026-08-05 00:02:33,461 INFO org.apache.hadoop.yarn.server.resourcemanager.security.NMTokenSecretManagerInRM: NMTokenKeyRollingInterval: 86400000ms and NMTokenKeyActivationDelay: 900000ms
2026-08-05 00:02:33,464 INFO org.apache.hadoop.yarn.server.resourcemanager.security.RMContainerTokenSecretManager: ContainerTokenKeyRollingInterval: 86400000ms and ContainerTokenKeyActivationDelay: 900000ms
2026-08-05 00:02:33,465 INFO org.apache.hadoop.yarn.server.resourcemanager.security.AMRMTokenSecretManager: Rolling master-key for amrm-tokens
2026-08-05 00:02:33,475 INFO org.apache.hadoop.yarn.event.AsyncDispatcher: Registering class org.apache.hadoop.yarn.server.resourcemanager.recovery.RMStateStoreEventType for class org.apache.hadoop.yarn.server.resourcemanager.recovery.RMStateStore$ForwardingEventHandler
2026-08-05 00:02:33,537 INFO org.apache.hadoop.yarn.event.AsyncDispatcher: Registering class org.apache.hadoop.yarn.server.resourcemanager.NodesListManagerEventType for class org.apache.hadoop.yarn.server.resourcemanager.NodesListManager
2026-08-05 00:02:33,537 INFO org.apache.hadoop.yarn.server.resourcemanager.ResourceManager: Using Scheduler: org.apache.hadoop.yarn.server.resourcemanager.scheduler.capacity.CapacityScheduler
2026-08-05 00:02:33,557 INFO org.apache.hadoop.yarn.event.AsyncDispatcher: Registering class org.apache.hadoop.yarn.server.resourcemanager.scheduler.event.SchedulerEventType for class org.apache.hadoop.yarn.server.resourcemanager.ResourceManager$SchedulerEventDispatcher
2026-08-05 00:02:33,557 INFO org.apache.hadoop.yarn.event.AsyncDispatcher: Registering class org.apache.hadoop.yarn.server.resourcemanager.rmapp.RMAppEventType for class org.apache.hadoop.yarn.server.resourcemanager.ResourceManager$ApplicationEventDispatcher
2026-08-05 00:02:33,558 INFO org.apache.hadoop.yarn.event.AsyncDispatcher: Registering class org.apache.hadoop.yarn.server.resourcemanager.rmapp.attempt.RMAppAttemptEventType for class org.apache.hadoop.yarn.server.resourcemanager.ResourceManager$ApplicationAttemptEventDispatcher
2026-08-05 00:02:33,558 INFO org.apache.hadoop.yarn.event.AsyncDispatcher: Registering class org.apache.hadoop.yarn.server.resourcemanager.rmnode.RMNodeEventType for class org.apache.hadoop.yarn.server.resourcemanager.ResourceManager$NodeEventDispatcher
2026-08-05 00:02:33,593 INFO org.apache.hadoop.metrics2.impl.MetricsConfig: loaded properties from hadoop-metrics2.properties
2026-08-05 00:02:33,646 INFO org.apache.hadoop.metrics2.impl.MetricsSystemImpl: Scheduled snapshot period at 10 second(s).
2026-08-05 00:02:33,646 INFO org.apache.hadoop.metrics2.impl.MetricsSystemImpl: ResourceManager metrics system started
2026-08-05 00:02:33,673 INFO org.apache.hadoop.yarn.event.AsyncDispatcher: Registering class org.apache.hadoop.yarn.server.resourcemanager.RMAppManagerEventType for class org.apache.hadoop.yarn.server.resourcemanager.RMAppManager
2026-08-05 00:02:33,675 INFO org.apache.hadoop.yarn.event.AsyncDispatcher: Registering class org.apache.hadoop.yarn.server.resourcemanager.amlauncher.AMLauncherEventType for class org.apache.hadoop.yarn.server.resourcemanager.amlauncher.ApplicationMasterLauncher
2026-08-05 00:02:33,677 INFO org.apache.hadoop.yarn.server.resourcemanager.RMNMInfo: Registered RMNMInfo MBean
2026-08-05 00:02:33,678 INFO org.apache.hadoop.yarn.event.AsyncDispatcher: Registering class org.apache.hadoop.yarn.server.resourcemanager.ahs.WritingHistoryEventType for class org.apache.hadoop.yarn.server.resourcemanager.ahs.RMApplicationHistoryWriter$ForwardingEventHandler
2026-08-05 00:02:33,678 INFO org.apache.hadoop.yarn.event.AsyncDispatcher: Registering class org.apache.hadoop.yarn.server.resourcemanager.ahs.WritingHistoryEventType for class org.apache.hadoop.yarn.server.resourcemanager.ahs.RMApplicationHistoryWriter$ForwardingEventHandler
2026-08-05 00:02:33,678 INFO org.apache.hadoop.yarn.event.AsyncDispatcher: Registering class org.apache.hadoop.yarn.server.resourcemanager.ahs.WritingHistoryEventType for class org.apache.hadoop.yarn.server.resourcemanager.ahs.RMApplicationHistoryWriter$ForwardingEventHandler
2026-08-05 00:02:33,678 INFO org.apache.hadoop.yarn.event.AsyncDispatcher: Registering class org.apache.hadoop.yarn.server.resourcemanager.ahs.WritingHistoryEventType for class org.apache.hadoop.yarn.server.resourcemanager.ahs.RMApplicationHistoryWriter$ForwardingEventHandler
2026-08-05 00:02:33,678 INFO org.apache.hadoop.yarn.event.AsyncDispatcher: Registering class org.apache.hadoop.yarn.server.resourcemanager.ahs.WritingHistoryEventType for class org.apache.hadoop.yarn.server.resourcemanager.ahs.RMApplicationHistoryWriter$ForwardingEventHandler
2026-08-05 00:02:33,678 INFO org.apache.hadoop.yarn.event.AsyncDispatcher: Registering class org.apache.hadoop.yarn.server.resourcemanager.ahs.WritingHistoryEventType for class org.apache.hadoop.yarn.server.resourcemanager.ahs.RMApplicationHistoryWriter$ForwardingEventHandler
2026-08-05 00:02:33,678 INFO org.apache.hadoop.yarn.event.AsyncDispatcher: Registering class org.apache.hadoop.yarn.server.resourcemanager.ahs.WritingHistoryEventType for class org.apache.hadoop.yarn.server.resourcemanager.ahs.RMApplicationHistoryWriter$ForwardingEventHandler
2026-08-05 00:02:33,678 INFO org.apache.hadoop.yarn.event.AsyncDispatcher: Registering class org.apache.hadoop.yarn.server.resourcemanager.ahs.WritingHistoryEventType for class org.apache.hadoop.yarn.server.resourcemanager.ahs.RMApplicationHistoryWriter$ForwardingEventHandler
2026-08-05 00:02:33,678 INFO org.apache.hadoop.yarn.event.AsyncDispatcher: Registering class org.apache.hadoop.yarn.server.resourcemanager.ahs.WritingHistoryEventType for class org.apache.hadoop.yarn.server.resourcemanager.ahs.RMApplicationHistoryWriter$ForwardingEventHandler
2026-08-05 00:02:33,678 INFO org.apache.hadoop.yarn.event.AsyncDispatcher: Registering class org.apache.hadoop.yarn.server.resourcemanager.ahs.WritingHistoryEventType for class org.apache.hadoop.yarn.server.resourcemanager.ahs.RMApplicationHistoryWriter$ForwardingEventHandler
2026-08-05 00:02:33,679 INFO org.apache.hadoop.util.HostsFileReader: Refreshing hosts (include/exclude) list
2026-08-05 00:02:33,680 INFO org.apache.hadoop.conf.Configuration: found resource capacity-scheduler.xml at file:/home/user/bigdata/hadoop-2.5.1/etc/hadoop/capacity-scheduler.xml
2026-08-05 00:02:33,709 INFO org.apache.hadoop.yarn.server.resourcemanager.scheduler.capacity.ParentQueue: root, capacity=1.0, asboluteCapacity=1.0, maxCapacity=1.0, asboluteMaxCapacity=1.0, state=RUNNING, acls=ADMINISTER_QUEUE:*SUBMIT_APPLICATIONS:*
2026-08-05 00:02:33,709 INFO org.apache.hadoop.yarn.server.resourcemanager.scheduler.capacity.ParentQueue: Initialized parent-queue root name=root, fullname=root
2026-08-05 00:02:33,713 INFO org.apache.hadoop.yarn.server.resourcemanager.scheduler.capacity.LeafQueue: Initializing default
capacity = 1.0 [= (float) configuredCapacity / 100 ]
asboluteCapacity = 1.0 [= parentAbsoluteCapacity * capacity ]
maxCapacity = 1.0 [= configuredMaxCapacity ]
absoluteMaxCapacity = 1.0 [= 1.0 maximumCapacity undefined, (parentAbsoluteMaxCapacity * maximumCapacity) / 100 otherwise ]
userLimit = 100 [= configuredUserLimit ]
userLimitFactor = 1.0 [= configuredUserLimitFactor ]
maxApplications = 10000 [= configuredMaximumSystemApplicationsPerQueue or (int)(configuredMaximumSystemApplications * absoluteCapacity)]
maxApplicationsPerUser = 10000 [= (int)(maxApplications * (userLimit / 100.0f) * userLimitFactor) ]
maxActiveApplications = 1 [= max((int)ceil((clusterResourceMemory / minimumAllocation) * maxAMResourcePerQueuePercent * absoluteMaxCapacity),1) ]
maxActiveAppsUsingAbsCap = 1 [= max((int)ceil((clusterResourceMemory / minimumAllocation) *maxAMResourcePercent * absoluteCapacity),1) ]
maxActiveApplicationsPerUser = 1 [= max((int)(maxActiveApplications * (userLimit / 100.0f) * userLimitFactor),1) ]
usedCapacity = 0.0 [= usedResourcesMemory / (clusterResourceMemory * absoluteCapacity)]
absoluteUsedCapacity = 0.0 [= usedResourcesMemory / clusterResourceMemory]
maxAMResourcePerQueuePercent = 0.1 [= configuredMaximumAMResourcePercent ]
minimumAllocationFactor = 0.875 [= (float)(maximumAllocationMemory - minimumAllocationMemory) / maximumAllocationMemory ]
numContainers = 0 [= currentNumContainers ]
state = RUNNING [= configuredState ]
acls = ADMINISTER_QUEUE:*SUBMIT_APPLICATIONS:* [= configuredAcls ]
nodeLocalityDelay = 40

2026-08-05 00:02:33,713 INFO org.apache.hadoop.yarn.server.resourcemanager.scheduler.capacity.CapacityScheduler: Initialized queue: default: capacity=1.0, absoluteCapacity=1.0, usedResources=<memory:0, vCores:0>, usedCapacity=0.0, absoluteUsedCapacity=0.0, numApps=0, numContainers=0
2026-08-05 00:02:33,713 INFO org.apache.hadoop.yarn.server.resourcemanager.scheduler.capacity.CapacityScheduler: Initialized queue: root: numChildQueue= 1, capacity=1.0, absoluteCapacity=1.0, usedResources=<memory:0, vCores:0>usedCapacity=0.0, numApps=0, numContainers=0
2026-08-05 00:02:33,713 INFO org.apache.hadoop.yarn.server.resourcemanager.scheduler.capacity.CapacityScheduler: Initialized root queue root: numChildQueue= 1, capacity=1.0, absoluteCapacity=1.0, usedResources=<memory:0, vCores:0>usedCapacity=0.0, numApps=0, numContainers=0
2026-08-05 00:02:33,713 INFO org.apache.hadoop.yarn.server.resourcemanager.scheduler.capacity.CapacityScheduler: Initialized CapacityScheduler with calculator=class org.apache.hadoop.yarn.util.resource.DefaultResourceCalculator, minimumAllocation=<<memory:1024, vCores:1>>, maximumAllocation=<<memory:8192, vCores:32>>, asynchronousScheduling=false, asyncScheduleInterval=5ms
2026-08-05 00:02:33,731 INFO org.apache.hadoop.yarn.server.resourcemanager.ResourceManager: Transitioning to active state
2026-08-05 00:02:33,734 INFO org.apache.hadoop.yarn.server.resourcemanager.security.RMContainerTokenSecretManager: Rolling master-key for container-tokens
2026-08-05 00:02:33,734 INFO org.apache.hadoop.yarn.server.resourcemanager.security.AMRMTokenSecretManager: Rolling master-key for amrm-tokens
2026-08-05 00:02:33,735 INFO org.apache.hadoop.yarn.server.resourcemanager.security.NMTokenSecretManagerInRM: Rolling master-key for nm-tokens
2026-08-05 00:02:33,735 INFO org.apache.hadoop.security.token.delegation.AbstractDelegationTokenSecretManager: Updating the current master key for generating delegation tokens
2026-08-05 00:02:33,735 INFO org.apache.hadoop.yarn.server.resourcemanager.security.RMDelegationTokenSecretManager: storing master key with keyID 1
2026-08-05 00:02:33,738 INFO org.apache.hadoop.security.token.delegation.AbstractDelegationTokenSecretManager: Starting expired delegation token remover thread, tokenRemoverScanInterval=60 min(s)
2026-08-05 00:02:33,738 INFO org.apache.hadoop.security.token.delegation.AbstractDelegationTokenSecretManager: Updating the current master key for generating delegation tokens
2026-08-05 00:02:33,738 INFO org.apache.hadoop.yarn.server.resourcemanager.security.RMDelegationTokenSecretManager: storing master key with keyID 2
2026-08-05 00:02:33,763 INFO org.apache.hadoop.ipc.CallQueueManager: Using callQueue class java.util.concurrent.LinkedBlockingQueue
2026-08-05 00:02:33,775 INFO org.apache.hadoop.ipc.Server: Starting Socket Reader #1 for port 8031
2026-08-05 00:02:33,783 INFO org.apache.hadoop.yarn.factories.impl.pb.RpcServerFactoryPBImpl: Adding protocol org.apache.hadoop.yarn.server.api.ResourceTrackerPB to the server
2026-08-05 00:02:33,784 INFO org.apache.hadoop.ipc.Server: IPC Server Responder: starting
2026-08-05 00:02:33,784 INFO org.apache.hadoop.ipc.Server: IPC Server listener on 8031: starting
2026-08-05 00:02:33,829 INFO org.apache.hadoop.ipc.CallQueueManager: Using callQueue class java.util.concurrent.LinkedBlockingQueue
2026-08-05 00:02:33,836 INFO org.apache.hadoop.ipc.Server: Starting Socket Reader #1 for port 8030
2026-08-05 00:02:33,844 INFO org.apache.hadoop.yarn.factories.impl.pb.RpcServerFactoryPBImpl: Adding protocol org.apache.hadoop.yarn.api.ApplicationMasterProtocolPB to the server
2026-08-05 00:02:33,847 INFO org.apache.hadoop.ipc.Server: IPC Server Responder: starting
2026-08-05 00:02:33,851 INFO org.apache.hadoop.ipc.Server: IPC Server listener on 8030: starting
2026-08-05 00:02:33,933 INFO org.apache.hadoop.ipc.CallQueueManager: Using callQueue class java.util.concurrent.LinkedBlockingQueue
2026-08-05 00:02:33,934 INFO org.apache.hadoop.ipc.Server: Starting Socket Reader #1 for port 8032
2026-08-05 00:02:33,935 INFO org.apache.hadoop.yarn.factories.impl.pb.RpcServerFactoryPBImpl: Adding protocol org.apache.hadoop.yarn.api.ApplicationClientProtocolPB to the server
2026-08-05 00:02:33,938 INFO org.apache.hadoop.ipc.Server: IPC Server Responder: starting
2026-08-05 00:02:33,939 INFO org.apache.hadoop.ipc.Server: IPC Server listener on 8032: starting
2026-08-05 00:02:33,997 INFO org.apache.hadoop.yarn.server.resourcemanager.ResourceManager: Transitioned to active state
2026-08-05 00:02:34,040 INFO org.mortbay.log: Logging to org.slf4j.impl.Log4jLoggerAdapter(org.mortbay.log) via org.mortbay.log.Slf4jLog
2026-08-05 00:02:34,042 INFO org.apache.hadoop.http.HttpRequestLog: Http request log for http.requests.resourcemanager is not defined
2026-08-05 00:02:34,048 INFO org.apache.hadoop.http.HttpServer2: Added global filter 'safety' (class=org.apache.hadoop.http.HttpServer2$QuotingInputFilter)
2026-08-05 00:02:34,051 INFO org.apache.hadoop.http.HttpServer2: Added filter YARNAuthenticationFilter (class=org.apache.hadoop.yarn.server.security.http.RMAuthenticationFilter) to context cluster
2026-08-05 00:02:34,051 INFO org.apache.hadoop.http.HttpServer2: Added filter YARNAuthenticationFilter (class=org.apache.hadoop.yarn.server.security.http.RMAuthenticationFilter) to context static
2026-08-05 00:02:34,051 INFO org.apache.hadoop.http.HttpServer2: Added filter YARNAuthenticationFilter (class=org.apache.hadoop.yarn.server.security.http.RMAuthenticationFilter) to context logs
2026-08-05 00:02:34,051 INFO org.apache.hadoop.http.HttpServer2: Added filter static_user_filter (class=org.apache.hadoop.http.lib.StaticUserWebFilter$StaticUserFilter) to context cluster
2026-08-05 00:02:34,051 INFO org.apache.hadoop.http.HttpServer2: Added filter static_user_filter (class=org.apache.hadoop.http.lib.StaticUserWebFilter$StaticUserFilter) to context static
2026-08-05 00:02:34,051 INFO org.apache.hadoop.http.HttpServer2: Added filter static_user_filter (class=org.apache.hadoop.http.lib.StaticUserWebFilter$StaticUserFilter) to context logs
2026-08-05 00:02:34,058 INFO org.apache.hadoop.http.HttpServer2: adding path spec: /cluster/*
2026-08-05 00:02:34,058 INFO org.apache.hadoop.http.HttpServer2: adding path spec: /ws/*
2026-08-05 00:02:34,076 INFO org.apache.hadoop.http.HttpServer2: Jetty bound to port 8088
2026-08-05 00:02:34,076 INFO org.mortbay.log: jetty-6.1.26
2026-08-05 00:02:34,139 INFO org.mortbay.log: Extract jar:file:/home/user/bigdata/hadoop-2.5.1/share/hadoop/yarn/hadoop-yarn-common-2.5.1.jar!/webapps/cluster to /tmp/Jetty_0_0_0_0_8088_cluster____u0rgz3/webapp
2026-08-05 00:02:34,343 WARN org.apache.hadoop.security.authentication.server.AuthenticationFilter: 'signature.secret' configuration not set, using a random value as secret
2026-08-05 00:02:34,361 WARN org.apache.hadoop.security.authentication.server.AuthenticationFilter: 'signature.secret' configuration not set, using a random value as secret
2026-08-05 00:02:34,361 WARN org.apache.hadoop.security.authentication.server.AuthenticationFilter: 'signature.secret' configuration not set, using a random value as secret
2026-08-05 00:02:34,364 INFO org.mortbay.log: Started HttpServer2$SelectChannelConnectorWithSafeStartup@0.0.0.0:8088
2026-08-05 00:02:34,364 INFO org.apache.hadoop.yarn.webapp.WebApps: Web app /cluster started at 8088
2026-08-05 00:02:34,755 INFO org.apache.hadoop.yarn.webapp.WebApps: Registered webapp guice modules
2026-08-05 00:02:34,765 INFO org.apache.hadoop.ipc.CallQueueManager: Using callQueue class java.util.concurrent.LinkedBlockingQueue
2026-08-05 00:02:34,766 INFO org.apache.hadoop.ipc.Server: Starting Socket Reader #1 for port 8033
2026-08-05 00:02:34,767 INFO org.apache.hadoop.yarn.factories.impl.pb.RpcServerFactoryPBImpl: Adding protocol org.apache.hadoop.yarn.server.api.ResourceManagerAdministrationProtocolPB to the server
2026-08-05 00:02:34,767 INFO org.apache.hadoop.ipc.Server: IPC Server Responder: starting
2026-08-05 00:02:34,767 INFO org.apache.hadoop.ipc.Server: IPC Server listener on 8033: starting
2026-08-05 00:02:37,268 INFO org.apache.hadoop.yarn.util.RackResolver: Resolved ubuntu to /default-rack
2026-08-05 00:02:37,287 INFO org.apache.hadoop.yarn.server.resourcemanager.rmnode.RMNodeImpl: ubuntu:39613 Node Transitioned from NEW to RUNNING
2026-08-05 00:02:37,289 INFO org.apache.hadoop.yarn.server.resourcemanager.scheduler.capacity.CapacityScheduler: Added node ubuntu:39613 clusterResource: <memory:8192, vCores:8>
2026-08-05 00:02:37,289 INFO org.apache.hadoop.yarn.server.resourcemanager.ResourceTrackerService: NodeManager from node ubuntu(cmPort: 39613 httpPort: 8042) registered with capability: <memory:8192, vCores:8>, assigned nodeId ubuntu:39613
2026-08-05 17:48:36,290 INFO org.apache.hadoop.yarn.server.resourcemanager.ResourceManager: STARTUP_MSG: 
/************************************************************
STARTUP_MSG: Starting ResourceManager
STARTUP_MSG:   host = ubuntu/127.0.1.1
STARTUP_MSG:   args = []
STARTUP_MSG:   version = 2.5.1
STARTUP_MSG:   classpath = /home/user/bigdata/hadoop-2.5.1/etc/hadoop:/home/user/bigdata/hadoop-2.5.1/etc/hadoop:/home/user/bigdata/hadoop-2.5.1/etc/hadoop:/home/user/bigdata/hadoop-2.5.1/share/hadoop/common/lib/jetty-util-6.1.26.jar:/home/user/bigdata/hadoop-2.5.1/share/hadoop/common/lib/apacheds-kerberos-codec-2.0.0-M15.jar:/home/user/bigdata/hadoop-2.5.1/share/hadoop/common/lib/commons-collections-3.2.1.jar:/home/user/bigdata/hadoop-2.5.1/share/hadoop/common/lib/jackson-core-asl-1.9.13.jar:/home/user/bigdata/hadoop-2.5.1/share/hadoop/common/lib/slf4j-log4j12-1.7.5.jar:/home/user/bigdata/hadoop-2.5.1/share/hadoop/common/lib/zookeeper-3.4.6.jar:/home/user/bigdata/hadoop-2.5.1/share/hadoop/common/lib/hadoop-auth-2.5.1.jar:/home/user/bigdata/hadoop-2.5.1/share/hadoop/common/lib/junit-4.11.jar:/home/user/bigdata/hadoop-2.5.1/share/hadoop/common/lib/api-util-1.0.0-M20.jar:/home/user/bigdata/hadoop-2.5.1/share/hadoop/common/lib/api-asn1-api-1.0.0-M20.jar:/home/user/bigdata/hadoop-2.5.1/share/hadoop/common/lib/jersey-core-1.9.jar:/home/user/bigdata/hadoop-2.5.1/share/hadoop/common/lib/commons-math3-3.1.1.jar:/home/user/bigdata/hadoop-2.5.1/share/hadoop/common/lib/jaxb-api-2.2.2.jar:/home/user/bigdata/hadoop-2.5.1/share/hadoop/common/lib/jackson-xc-1.9.13.jar:/home/user/bigdata/hadoop-2.5.1/share/hadoop/common/lib/commons-configuration-1.6.jar:/home/user/bigdata/hadoop-2.5.1/share/hadoop/common/lib/stax-api-1.0-2.jar:/home/user/bigdata/hadoop-2.5.1/share/hadoop/common/lib/jsr305-1.3.9.jar:/home/user/bigdata/hadoop-2.5.1/share/hadoop/common/lib/jackson-jaxrs-1.9.13.jar:/home/user/bigdata/hadoop-2.5.1/share/hadoop/common/lib/log4j-1.2.17.jar:/home/user/bigdata/hadoop-2.5.1/share/hadoop/common/lib/jersey-server-1.9.jar:/home/user/bigdata/hadoop-2.5.1/share/hadoop/common/lib/java-xmlbuilder-0.4.jar:/home/user/bigdata/hadoop-2.5.1/share/hadoop/common/lib/avro-1.7.4.jar:/home/user/bigdata/hadoop-2.5.1/share/hadoop/common/lib/commons-logging-1.1.3.jar:/home/user/bigdata/hadoop-2.5.1/share/hadoop/common/lib/slf4j-api-1.7.5.jar:/home/user/bigdata/hadoop-2.5.1/share/hadoop/common/lib/httpcore-4.2.5.jar:/home/user/bigdata/hadoop-2.5.1/share/hadoop/common/lib/jaxb-impl-2.2.3-1.jar:/home/user/bigdata/hadoop-2.5.1/share/hadoop/common/lib/httpclient-4.2.5.jar:/home/user/bigdata/hadoop-2.5.1/share/hadoop/common/lib/jersey-json-1.9.jar:/home/user/bigdata/hadoop-2.5.1/share/hadoop/common/lib/commons-lang-2.6.jar:/home/user/bigdata/hadoop-2.5.1/share/hadoop/common/lib/commons-httpclient-3.1.jar:/home/user/bigdata/hadoop-2.5.1/share/hadoop/common/lib/jettison-1.1.jar:/home/user/bigdata/hadoop-2.5.1/share/hadoop/common/lib/netty-3.6.2.Final.jar:/home/user/bigdata/hadoop-2.5.1/share/hadoop/common/lib/commons-digester-1.8.jar:/home/user/bigdata/hadoop-2.5.1/share/hadoop/common/lib/apacheds-i18n-2.0.0-M15.jar:/home/user/bigdata/hadoop-2.5.1/share/hadoop/common/lib/commons-compress-1.4.1.jar:/home/user/bigdata/hadoop-2.5.1/share/hadoop/common/lib/commons-net-3.1.jar:/home/user/bigdata/hadoop-2.5.1/share/hadoop/common/lib/jsp-api-2.1.jar:/home/user/bigdata/hadoop-2.5.1/share/hadoop/common/lib/snappy-java-1.0.4.1.jar:/home/user/bigdata/hadoop-2.5.1/share/hadoop/common/lib/commons-el-1.0.jar:/home/user/bigdata/hadoop-2.5.1/share/hadoop/common/lib/hamcrest-core-1.3.jar:/home/user/bigdata/hadoop-2.5.1/share/hadoop/common/lib/xz-1.0.jar:/home/user/bigdata/hadoop-2.5.1/share/hadoop/common/lib/paranamer-2.3.jar:/home/user/bigdata/hadoop-2.5.1/share/hadoop/common/lib/commons-beanutils-core-1.8.0.jar:/home/user/bigdata/hadoop-2.5.1/share/hadoop/common/lib/commons-io-2.4.jar:/home/user/bigdata/hadoop-2.5.1/share/hadoop/common/lib/xmlenc-0.52.jar:/home/user/bigdata/hadoop-2.5.1/share/hadoop/common/lib/jasper-compiler-5.5.23.jar:/home/user/bigdata/hadoop-2.5.1/share/hadoop/common/lib/mockito-all-1.8.5.jar:/home/user/bigdata/hadoop-2.5.1/share/hadoop/common/lib/guava-11.0.2.jar:/home/user/bigdata/hadoop-2.5.1/share/hadoop/common/lib/jasper-runtime-5.5.23.jar:/home/user/bigdata/hadoop-2.5.1/share/hadoop/common/lib/commons-beanutils-1.7.0.jar:/home/user/bigdata/hadoop-2.5.1/share/hadoop/common/lib/servlet-api-2.5.jar:/home/user/bigdata/hadoop-2.5.1/share/hadoop/common/lib/jets3t-0.9.0.jar:/home/user/bigdata/hadoop-2.5.1/share/hadoop/common/lib/hadoop-annotations-2.5.1.jar:/home/user/bigdata/hadoop-2.5.1/share/hadoop/common/lib/protobuf-java-2.5.0.jar:/home/user/bigdata/hadoop-2.5.1/share/hadoop/common/lib/commons-codec-1.4.jar:/home/user/bigdata/hadoop-2.5.1/share/hadoop/common/lib/activation-1.1.jar:/home/user/bigdata/hadoop-2.5.1/share/hadoop/common/lib/jackson-mapper-asl-1.9.13.jar:/home/user/bigdata/hadoop-2.5.1/share/hadoop/common/lib/commons-cli-1.2.jar:/home/user/bigdata/hadoop-2.5.1/share/hadoop/common/lib/jsch-0.1.42.jar:/home/user/bigdata/hadoop-2.5.1/share/hadoop/common/lib/jetty-6.1.26.jar:/home/user/bigdata/hadoop-2.5.1/share/hadoop/common/lib/asm-3.2.jar:/home/user/bigdata/hadoop-2.5.1/share/hadoop/common/hadoop-nfs-2.5.1.jar:/home/user/bigdata/hadoop-2.5.1/share/hadoop/common/hadoop-common-2.5.1.jar:/home/user/bigdata/hadoop-2.5.1/share/hadoop/common/hadoop-common-2.5.1-tests.jar:/home/user/bigdata/hadoop-2.5.1/share/hadoop/hdfs:/home/user/bigdata/hadoop-2.5.1/share/hadoop/hdfs/lib/jetty-util-6.1.26.jar:/home/user/bigdata/hadoop-2.5.1/share/hadoop/hdfs/lib/jackson-core-asl-1.9.13.jar:/home/user/bigdata/hadoop-2.5.1/share/hadoop/hdfs/lib/jersey-core-1.9.jar:/home/user/bigdata/hadoop-2.5.1/share/hadoop/hdfs/lib/jsr305-1.3.9.jar:/home/user/bigdata/hadoop-2.5.1/share/hadoop/hdfs/lib/log4j-1.2.17.jar:/home/user/bigdata/hadoop-2.5.1/share/hadoop/hdfs/lib/jersey-server-1.9.jar:/home/user/bigdata/hadoop-2.5.1/share/hadoop/hdfs/lib/commons-logging-1.1.3.jar:/home/user/bigdata/hadoop-2.5.1/share/hadoop/hdfs/lib/commons-lang-2.6.jar:/home/user/bigdata/hadoop-2.5.1/share/hadoop/hdfs/lib/netty-3.6.2.Final.jar:/home/user/bigdata/hadoop-2.5.1/share/hadoop/hdfs/lib/jsp-api-2.1.jar:/home/user/bigdata/hadoop-2.5.1/share/hadoop/hdfs/lib/commons-el-1.0.jar:/home/user/bigdata/hadoop-2.5.1/share/hadoop/hdfs/lib/commons-io-2.4.jar:/home/user/bigdata/hadoop-2.5.1/share/hadoop/hdfs/lib/xmlenc-0.52.jar:/home/user/bigdata/hadoop-2.5.1/share/hadoop/hdfs/lib/guava-11.0.2.jar:/home/user/bigdata/hadoop-2.5.1/share/hadoop/hdfs/lib/jasper-runtime-5.5.23.jar:/home/user/bigdata/hadoop-2.5.1/share/hadoop/hdfs/lib/servlet-api-2.5.jar:/home/user/bigdata/hadoop-2.5.1/share/hadoop/hdfs/lib/protobuf-java-2.5.0.jar:/home/user/bigdata/hadoop-2.5.1/share/hadoop/hdfs/lib/commons-codec-1.4.jar:/home/user/bigdata/hadoop-2.5.1/share/hadoop/hdfs/lib/jackson-mapper-asl-1.9.13.jar:/home/user/bigdata/hadoop-2.5.1/share/hadoop/hdfs/lib/commons-cli-1.2.jar:/home/user/bigdata/hadoop-2.5.1/share/hadoop/hdfs/lib/jetty-6.1.26.jar:/home/user/bigdata/hadoop-2.5.1/share/hadoop/hdfs/lib/commons-daemon-1.0.13.jar:/home/user/bigdata/hadoop-2.5.1/share/hadoop/hdfs/lib/asm-3.2.jar:/home/user/bigdata/hadoop-2.5.1/share/hadoop/hdfs/hadoop-hdfs-2.5.1-tests.jar:/home/user/bigdata/hadoop-2.5.1/share/hadoop/hdfs/hadoop-hdfs-2.5.1.jar:/home/user/bigdata/hadoop-2.5.1/share/hadoop/hdfs/hadoop-hdfs-nfs-2.5.1.jar:/home/user/bigdata/hadoop-2.5.1/share/hadoop/yarn/lib/jetty-util-6.1.26.jar:/home/user/bigdata/hadoop-2.5.1/share/hadoop/yarn/lib/guice-servlet-3.0.jar:/home/user/bigdata/hadoop-2.5.1/share/hadoop/yarn/lib/commons-collections-3.2.1.jar:/home/user/bigdata/hadoop-2.5.1/share/hadoop/yarn/lib/jackson-core-asl-1.9.13.jar:/home/user/bigdata/hadoop-2.5.1/share/hadoop/yarn/lib/zookeeper-3.4.6.jar:/home/user/bigdata/hadoop-2.5.1/share/hadoop/yarn/lib/jersey-client-1.9.jar:/home/user/bigdata/hadoop-2.5.1/share/hadoop/yarn/lib/jersey-core-1.9.jar:/home/user/bigdata/hadoop-2.5.1/share/hadoop/yarn/lib/jaxb-api-2.2.2.jar:/home/user/bigdata/hadoop-2.5.1/share/hadoop/yarn/lib/aopalliance-1.0.jar:/home/user/bigdata/hadoop-2.5.1/share/hadoop/yarn/lib/jackson-xc-1.9.13.jar:/home/user/bigdata/hadoop-2.5.1/share/hadoop/yarn/lib/jersey-guice-1.9.jar:/home/user/bigdata/hadoop-2.5.1/share/hadoop/yarn/lib/stax-api-1.0-2.jar:/home/user/bigdata/hadoop-2.5.1/share/hadoop/yarn/lib/jsr305-1.3.9.jar:/home/user/bigdata/hadoop-2.5.1/share/hadoop/yarn/lib/jackson-jaxrs-1.9.13.jar:/home/user/bigdata/hadoop-2.5.1/share/hadoop/yarn/lib/log4j-1.2.17.jar:/home/user/bigdata/hadoop-2.5.1/share/hadoop/yarn/lib/jline-0.9.94.jar:/home/user/bigdata/hadoop-2.5.1/share/hadoop/yarn/lib/jersey-server-1.9.jar:/home/user/bigdata/hadoop-2.5.1/share/hadoop/yarn/lib/commons-logging-1.1.3.jar:/home/user/bigdata/hadoop-2.5.1/share/hadoop/yarn/lib/jaxb-impl-2.2.3-1.jar:/home/user/bigdata/hadoop-2.5.1/share/hadoop/yarn/lib/javax.inject-1.jar:/home/user/bigdata/hadoop-2.5.1/share/hadoop/yarn/lib/jersey-json-1.9.jar:/home/user/bigdata/hadoop-2.5.1/share/hadoop/yarn/lib/commons-lang-2.6.jar:/home/user/bigdata/hadoop-2.5.1/share/hadoop/yarn/lib/commons-httpclient-3.1.jar:/home/user/bigdata/hadoop-2.5.1/share/hadoop/yarn/lib/jettison-1.1.jar:/home/user/bigdata/hadoop-2.5.1/share/hadoop/yarn/lib/netty-3.6.2.Final.jar:/home/user/bigdata/hadoop-2.5.1/share/hadoop/yarn/lib/commons-compress-1.4.1.jar:/home/user/bigdata/hadoop-2.5.1/share/hadoop/yarn/lib/xz-1.0.jar:/home/user/bigdata/hadoop-2.5.1/share/hadoop/yarn/lib/commons-io-2.4.jar:/home/user/bigdata/hadoop-2.5.1/share/hadoop/yarn/lib/leveldbjni-all-1.8.jar:/home/user/bigdata/hadoop-2.5.1/share/hadoop/yarn/lib/guava-11.0.2.jar:/home/user/bigdata/hadoop-2.5.1/share/hadoop/yarn/lib/servlet-api-2.5.jar:/home/user/bigdata/hadoop-2.5.1/share/hadoop/yarn/lib/protobuf-java-2.5.0.jar:/home/user/bigdata/hadoop-2.5.1/share/hadoop/yarn/lib/commons-codec-1.4.jar:/home/user/bigdata/hadoop-2.5.1/share/hadoop/yarn/lib/activation-1.1.jar:/home/user/bigdata/hadoop-2.5.1/share/hadoop/yarn/lib/jackson-mapper-asl-1.9.13.jar:/home/user/bigdata/hadoop-2.5.1/share/hadoop/yarn/lib/guice-3.0.jar:/home/user/bigdata/hadoop-2.5.1/share/hadoop/yarn/lib/commons-cli-1.2.jar:/home/user/bigdata/hadoop-2.5.1/share/hadoop/yarn/lib/jetty-6.1.26.jar:/home/user/bigdata/hadoop-2.5.1/share/hadoop/yarn/lib/asm-3.2.jar:/home/user/bigdata/hadoop-2.5.1/share/hadoop/yarn/hadoop-yarn-server-web-proxy-2.5.1.jar:/home/user/bigdata/hadoop-2.5.1/share/hadoop/yarn/hadoop-yarn-applications-unmanaged-am-launcher-2.5.1.jar:/home/user/bigdata/hadoop-2.5.1/share/hadoop/yarn/hadoop-yarn-applications-distributedshell-2.5.1.jar:/home/user/bigdata/hadoop-2.5.1/share/hadoop/yarn/hadoop-yarn-server-nodemanager-2.5.1.jar:/home/user/bigdata/hadoop-2.5.1/share/hadoop/yarn/hadoop-yarn-server-tests-2.5.1.jar:/home/user/bigdata/hadoop-2.5.1/share/hadoop/yarn/hadoop-yarn-server-common-2.5.1.jar:/home/user/bigdata/hadoop-2.5.1/share/hadoop/yarn/hadoop-yarn-common-2.5.1.jar:/home/user/bigdata/hadoop-2.5.1/share/hadoop/yarn/hadoop-yarn-server-resourcemanager-2.5.1.jar:/home/user/bigdata/hadoop-2.5.1/share/hadoop/yarn/hadoop-yarn-client-2.5.1.jar:/home/user/bigdata/hadoop-2.5.1/share/hadoop/yarn/hadoop-yarn-server-applicationhistoryservice-2.5.1.jar:/home/user/bigdata/hadoop-2.5.1/share/hadoop/yarn/hadoop-yarn-api-2.5.1.jar:/home/user/bigdata/hadoop-2.5.1/share/hadoop/mapreduce/lib/guice-servlet-3.0.jar:/home/user/bigdata/hadoop-2.5.1/share/hadoop/mapreduce/lib/jackson-core-asl-1.9.13.jar:/home/user/bigdata/hadoop-2.5.1/share/hadoop/mapreduce/lib/junit-4.11.jar:/home/user/bigdata/hadoop-2.5.1/share/hadoop/mapreduce/lib/jersey-core-1.9.jar:/home/user/bigdata/hadoop-2.5.1/share/hadoop/mapreduce/lib/aopalliance-1.0.jar:/home/user/bigdata/hadoop-2.5.1/share/hadoop/mapreduce/lib/jersey-guice-1.9.jar:/home/user/bigdata/hadoop-2.5.1/share/hadoop/mapreduce/lib/log4j-1.2.17.jar:/home/user/bigdata/hadoop-2.5.1/share/hadoop/mapreduce/lib/jersey-server-1.9.jar:/home/user/bigdata/hadoop-2.5.1/share/hadoop/mapreduce/lib/avro-1.7.4.jar:/home/user/bigdata/hadoop-2.5.1/share/hadoop/mapreduce/lib/javax.inject-1.jar:/home/user/bigdata/hadoop-2.5.1/share/hadoop/mapreduce/lib/netty-3.6.2.Final.jar:/home/user/bigdata/hadoop-2.5.1/share/hadoop/mapreduce/lib/commons-compress-1.4.1.jar:/home/user/bigdata/hadoop-2.5.1/share/hadoop/mapreduce/lib/snappy-java-1.0.4.1.jar:/home/user/bigdata/hadoop-2.5.1/share/hadoop/mapreduce/lib/hamcrest-core-1.3.jar:/home/user/bigdata/hadoop-2.5.1/share/hadoop/mapreduce/lib/xz-1.0.jar:/home/user/bigdata/hadoop-2.5.1/share/hadoop/mapreduce/lib/paranamer-2.3.jar:/home/user/bigdata/hadoop-2.5.1/share/hadoop/mapreduce/lib/commons-io-2.4.jar:/home/user/bigdata/hadoop-2.5.1/share/hadoop/mapreduce/lib/leveldbjni-all-1.8.jar:/home/user/bigdata/hadoop-2.5.1/share/hadoop/mapreduce/lib/hadoop-annotations-2.5.1.jar:/home/user/bigdata/hadoop-2.5.1/share/hadoop/mapreduce/lib/protobuf-java-2.5.0.jar:/home/user/bigdata/hadoop-2.5.1/share/hadoop/mapreduce/lib/jackson-mapper-asl-1.9.13.jar:/home/user/bigdata/hadoop-2.5.1/share/hadoop/mapreduce/lib/guice-3.0.jar:/home/user/bigdata/hadoop-2.5.1/share/hadoop/mapreduce/lib/asm-3.2.jar:/home/user/bigdata/hadoop-2.5.1/share/hadoop/mapreduce/hadoop-mapreduce-client-common-2.5.1.jar:/home/user/bigdata/hadoop-2.5.1/share/hadoop/mapreduce/hadoop-mapreduce-client-hs-2.5.1.jar:/home/user/bigdata/hadoop-2.5.1/share/hadoop/mapreduce/hadoop-mapreduce-client-shuffle-2.5.1.jar:/home/user/bigdata/hadoop-2.5.1/share/hadoop/mapreduce/hadoop-mapreduce-client-core-2.5.1.jar:/home/user/bigdata/hadoop-2.5.1/share/hadoop/mapreduce/hadoop-mapreduce-client-jobclient-2.5.1.jar:/home/user/bigdata/hadoop-2.5.1/share/hadoop/mapreduce/hadoop-mapreduce-client-hs-plugins-2.5.1.jar:/home/user/bigdata/hadoop-2.5.1/share/hadoop/mapreduce/hadoop-mapreduce-client-jobclient-2.5.1-tests.jar:/home/user/bigdata/hadoop-2.5.1/share/hadoop/mapreduce/hadoop-mapreduce-examples-2.5.1.jar:/home/user/bigdata/hadoop-2.5.1/share/hadoop/mapreduce/hadoop-mapreduce-client-app-2.5.1.jar:/usr/lib/jvm/java-8-openjdk-amd64//lib/tools.jar:/home/user/bigdata/hadoop-2.5.1//contrib/capacity-scheduler/*.jar:/home/user/bigdata/hadoop-2.5.1//contrib/capacity-scheduler/*.jar:/home/user/bigdata/hadoop-2.5.1//contrib/capacity-scheduler/*.jar:/home/user/bigdata/hadoop-2.5.1/share/hadoop/yarn/hadoop-yarn-server-web-proxy-2.5.1.jar:/home/user/bigdata/hadoop-2.5.1/share/hadoop/yarn/hadoop-yarn-applications-unmanaged-am-launcher-2.5.1.jar:/home/user/bigdata/hadoop-2.5.1/share/hadoop/yarn/hadoop-yarn-applications-distributedshell-2.5.1.jar:/home/user/bigdata/hadoop-2.5.1/share/hadoop/yarn/hadoop-yarn-server-nodemanager-2.5.1.jar:/home/user/bigdata/hadoop-2.5.1/share/hadoop/yarn/hadoop-yarn-server-tests-2.5.1.jar:/home/user/bigdata/hadoop-2.5.1/share/hadoop/yarn/hadoop-yarn-server-common-2.5.1.jar:/home/user/bigdata/hadoop-2.5.1/share/hadoop/yarn/hadoop-yarn-common-2.5.1.jar:/home/user/bigdata/hadoop-2.5.1/share/hadoop/yarn/hadoop-yarn-server-resourcemanager-2.5.1.jar:/home/user/bigdata/hadoop-2.5.1/share/hadoop/yarn/hadoop-yarn-client-2.5.1.jar:/home/user/bigdata/hadoop-2.5.1/share/hadoop/yarn/hadoop-yarn-server-applicationhistoryservice-2.5.1.jar:/home/user/bigdata/hadoop-2.5.1/share/hadoop/yarn/hadoop-yarn-api-2.5.1.jar:/home/user/bigdata/hadoop-2.5.1/share/hadoop/yarn/lib/jetty-util-6.1.26.jar:/home/user/bigdata/hadoop-2.5.1/share/hadoop/yarn/lib/guice-servlet-3.0.jar:/home/user/bigdata/hadoop-2.5.1/share/hadoop/yarn/lib/commons-collections-3.2.1.jar:/home/user/bigdata/hadoop-2.5.1/share/hadoop/yarn/lib/jackson-core-asl-1.9.13.jar:/home/user/bigdata/hadoop-2.5.1/share/hadoop/yarn/lib/zookeeper-3.4.6.jar:/home/user/bigdata/hadoop-2.5.1/share/hadoop/yarn/lib/jersey-client-1.9.jar:/home/user/bigdata/hadoop-2.5.1/share/hadoop/yarn/lib/jersey-core-1.9.jar:/home/user/bigdata/hadoop-2.5.1/share/hadoop/yarn/lib/jaxb-api-2.2.2.jar:/home/user/bigdata/hadoop-2.5.1/share/hadoop/yarn/lib/aopalliance-1.0.jar:/home/user/bigdata/hadoop-2.5.1/share/hadoop/yarn/lib/jackson-xc-1.9.13.jar:/home/user/bigdata/hadoop-2.5.1/share/hadoop/yarn/lib/jersey-guice-1.9.jar:/home/user/bigdata/hadoop-2.5.1/share/hadoop/yarn/lib/stax-api-1.0-2.jar:/home/user/bigdata/hadoop-2.5.1/share/hadoop/yarn/lib/jsr305-1.3.9.jar:/home/user/bigdata/hadoop-2.5.1/share/hadoop/yarn/lib/jackson-jaxrs-1.9.13.jar:/home/user/bigdata/hadoop-2.5.1/share/hadoop/yarn/lib/log4j-1.2.17.jar:/home/user/bigdata/hadoop-2.5.1/share/hadoop/yarn/lib/jline-0.9.94.jar:/home/user/bigdata/hadoop-2.5.1/share/hadoop/yarn/lib/jersey-server-1.9.jar:/home/user/bigdata/hadoop-2.5.1/share/hadoop/yarn/lib/commons-logging-1.1.3.jar:/home/user/bigdata/hadoop-2.5.1/share/hadoop/yarn/lib/jaxb-impl-2.2.3-1.jar:/home/user/bigdata/hadoop-2.5.1/share/hadoop/yarn/lib/javax.inject-1.jar:/home/user/bigdata/hadoop-2.5.1/share/hadoop/yarn/lib/jersey-json-1.9.jar:/home/user/bigdata/hadoop-2.5.1/share/hadoop/yarn/lib/commons-lang-2.6.jar:/home/user/bigdata/hadoop-2.5.1/share/hadoop/yarn/lib/commons-httpclient-3.1.jar:/home/user/bigdata/hadoop-2.5.1/share/hadoop/yarn/lib/jettison-1.1.jar:/home/user/bigdata/hadoop-2.5.1/share/hadoop/yarn/lib/netty-3.6.2.Final.jar:/home/user/bigdata/hadoop-2.5.1/share/hadoop/yarn/lib/commons-compress-1.4.1.jar:/home/user/bigdata/hadoop-2.5.1/share/hadoop/yarn/lib/xz-1.0.jar:/home/user/bigdata/hadoop-2.5.1/share/hadoop/yarn/lib/commons-io-2.4.jar:/home/user/bigdata/hadoop-2.5.1/share/hadoop/yarn/lib/leveldbjni-all-1.8.jar:/home/user/bigdata/hadoop-2.5.1/share/hadoop/yarn/lib/guava-11.0.2.jar:/home/user/bigdata/hadoop-2.5.1/share/hadoop/yarn/lib/servlet-api-2.5.jar:/home/user/bigdata/hadoop-2.5.1/share/hadoop/yarn/lib/protobuf-java-2.5.0.jar:/home/user/bigdata/hadoop-2.5.1/share/hadoop/yarn/lib/commons-codec-1.4.jar:/home/user/bigdata/hadoop-2.5.1/share/hadoop/yarn/lib/activation-1.1.jar:/home/user/bigdata/hadoop-2.5.1/share/hadoop/yarn/lib/jackson-mapper-asl-1.9.13.jar:/home/user/bigdata/hadoop-2.5.1/share/hadoop/yarn/lib/guice-3.0.jar:/home/user/bigdata/hadoop-2.5.1/share/hadoop/yarn/lib/commons-cli-1.2.jar:/home/user/bigdata/hadoop-2.5.1/share/hadoop/yarn/lib/jetty-6.1.26.jar:/home/user/bigdata/hadoop-2.5.1/share/hadoop/yarn/lib/asm-3.2.jar:/home/user/bigdata/hadoop-2.5.1/etc/hadoop/rm-config/log4j.properties
STARTUP_MSG:   build = https://git-wip-us.apache.org/repos/asf/hadoop.git -r 2e18d179e4a8065b6a9f29cf2de9451891265cce; compiled by 'jenkins' on 2014-09-05T23:11Z
STARTUP_MSG:   java = 1.8.0_362
************************************************************/
2026-08-05 17:48:36,311 INFO org.apache.hadoop.yarn.server.resourcemanager.ResourceManager: registered UNIX signal handlers for [TERM, HUP, INT]
2026-08-05 17:48:36,452 INFO org.apache.hadoop.conf.Configuration: found resource core-site.xml at file:/home/user/bigdata/hadoop-2.5.1/etc/hadoop/core-site.xml
2026-08-05 17:48:36,475 INFO org.apache.hadoop.security.Groups: clearing userToGroupsMap cache
2026-08-05 17:48:36,478 INFO org.apache.hadoop.conf.Configuration: found resource yarn-site.xml at file:/home/user/bigdata/hadoop-2.5.1/etc/hadoop/yarn-site.xml
2026-08-05 17:48:36,510 INFO org.apache.hadoop.yarn.event.AsyncDispatcher: Registering class org.apache.hadoop.yarn.server.resourcemanager.RMFatalEventType for class org.apache.hadoop.yarn.server.resourcemanager.ResourceManager$RMFatalEventDispatcher
2026-08-05 17:48:36,581 INFO org.apache.hadoop.yarn.server.resourcemanager.security.NMTokenSecretManagerInRM: NMTokenKeyRollingInterval: 86400000ms and NMTokenKeyActivationDelay: 900000ms
2026-08-05 17:48:36,590 INFO org.apache.hadoop.yarn.server.resourcemanager.security.RMContainerTokenSecretManager: ContainerTokenKeyRollingInterval: 86400000ms and ContainerTokenKeyActivationDelay: 900000ms
2026-08-05 17:48:36,593 INFO org.apache.hadoop.yarn.server.resourcemanager.security.AMRMTokenSecretManager: Rolling master-key for amrm-tokens
2026-08-05 17:48:36,613 INFO org.apache.hadoop.yarn.event.AsyncDispatcher: Registering class org.apache.hadoop.yarn.server.resourcemanager.recovery.RMStateStoreEventType for class org.apache.hadoop.yarn.server.resourcemanager.recovery.RMStateStore$ForwardingEventHandler
2026-08-05 17:48:36,817 INFO org.apache.hadoop.yarn.event.AsyncDispatcher: Registering class org.apache.hadoop.yarn.server.resourcemanager.NodesListManagerEventType for class org.apache.hadoop.yarn.server.resourcemanager.NodesListManager
2026-08-05 17:48:36,817 INFO org.apache.hadoop.yarn.server.resourcemanager.ResourceManager: Using Scheduler: org.apache.hadoop.yarn.server.resourcemanager.scheduler.capacity.CapacityScheduler
2026-08-05 17:48:36,947 INFO org.apache.hadoop.yarn.event.AsyncDispatcher: Registering class org.apache.hadoop.yarn.server.resourcemanager.scheduler.event.SchedulerEventType for class org.apache.hadoop.yarn.server.resourcemanager.ResourceManager$SchedulerEventDispatcher
2026-08-05 17:48:36,949 INFO org.apache.hadoop.yarn.event.AsyncDispatcher: Registering class org.apache.hadoop.yarn.server.resourcemanager.rmapp.RMAppEventType for class org.apache.hadoop.yarn.server.resourcemanager.ResourceManager$ApplicationEventDispatcher
2026-08-05 17:48:36,954 INFO org.apache.hadoop.yarn.event.AsyncDispatcher: Registering class org.apache.hadoop.yarn.server.resourcemanager.rmapp.attempt.RMAppAttemptEventType for class org.apache.hadoop.yarn.server.resourcemanager.ResourceManager$ApplicationAttemptEventDispatcher
2026-08-05 17:48:36,963 INFO org.apache.hadoop.yarn.event.AsyncDispatcher: Registering class org.apache.hadoop.yarn.server.resourcemanager.rmnode.RMNodeEventType for class org.apache.hadoop.yarn.server.resourcemanager.ResourceManager$NodeEventDispatcher
2026-08-05 17:48:37,243 INFO org.apache.hadoop.metrics2.impl.MetricsConfig: loaded properties from hadoop-metrics2.properties
2026-08-05 17:48:37,378 INFO org.apache.hadoop.metrics2.impl.MetricsSystemImpl: Scheduled snapshot period at 10 second(s).
2026-08-05 17:48:37,378 INFO org.apache.hadoop.metrics2.impl.MetricsSystemImpl: ResourceManager metrics system started
2026-08-05 17:48:37,424 INFO org.apache.hadoop.yarn.event.AsyncDispatcher: Registering class org.apache.hadoop.yarn.server.resourcemanager.RMAppManagerEventType for class org.apache.hadoop.yarn.server.resourcemanager.RMAppManager
2026-08-05 17:48:37,436 INFO org.apache.hadoop.yarn.event.AsyncDispatcher: Registering class org.apache.hadoop.yarn.server.resourcemanager.amlauncher.AMLauncherEventType for class org.apache.hadoop.yarn.server.resourcemanager.amlauncher.ApplicationMasterLauncher
2026-08-05 17:48:37,440 INFO org.apache.hadoop.yarn.server.resourcemanager.RMNMInfo: Registered RMNMInfo MBean
2026-08-05 17:48:37,441 INFO org.apache.hadoop.yarn.event.AsyncDispatcher: Registering class org.apache.hadoop.yarn.server.resourcemanager.ahs.WritingHistoryEventType for class org.apache.hadoop.yarn.server.resourcemanager.ahs.RMApplicationHistoryWriter$ForwardingEventHandler
2026-08-05 17:48:37,441 INFO org.apache.hadoop.yarn.event.AsyncDispatcher: Registering class org.apache.hadoop.yarn.server.resourcemanager.ahs.WritingHistoryEventType for class org.apache.hadoop.yarn.server.resourcemanager.ahs.RMApplicationHistoryWriter$ForwardingEventHandler
2026-08-05 17:48:37,441 INFO org.apache.hadoop.yarn.event.AsyncDispatcher: Registering class org.apache.hadoop.yarn.server.resourcemanager.ahs.WritingHistoryEventType for class org.apache.hadoop.yarn.server.resourcemanager.ahs.RMApplicationHistoryWriter$ForwardingEventHandler
2026-08-05 17:48:37,441 INFO org.apache.hadoop.yarn.event.AsyncDispatcher: Registering class org.apache.hadoop.yarn.server.resourcemanager.ahs.WritingHistoryEventType for class org.apache.hadoop.yarn.server.resourcemanager.ahs.RMApplicationHistoryWriter$ForwardingEventHandler
2026-08-05 17:48:37,441 INFO org.apache.hadoop.yarn.event.AsyncDispatcher: Registering class org.apache.hadoop.yarn.server.resourcemanager.ahs.WritingHistoryEventType for class org.apache.hadoop.yarn.server.resourcemanager.ahs.RMApplicationHistoryWriter$ForwardingEventHandler
2026-08-05 17:48:37,441 INFO org.apache.hadoop.yarn.event.AsyncDispatcher: Registering class org.apache.hadoop.yarn.server.resourcemanager.ahs.WritingHistoryEventType for class org.apache.hadoop.yarn.server.resourcemanager.ahs.RMApplicationHistoryWriter$ForwardingEventHandler
2026-08-05 17:48:37,441 INFO org.apache.hadoop.yarn.event.AsyncDispatcher: Registering class org.apache.hadoop.yarn.server.resourcemanager.ahs.WritingHistoryEventType for class org.apache.hadoop.yarn.server.resourcemanager.ahs.RMApplicationHistoryWriter$ForwardingEventHandler
2026-08-05 17:48:37,441 INFO org.apache.hadoop.yarn.event.AsyncDispatcher: Registering class org.apache.hadoop.yarn.server.resourcemanager.ahs.WritingHistoryEventType for class org.apache.hadoop.yarn.server.resourcemanager.ahs.RMApplicationHistoryWriter$ForwardingEventHandler
2026-08-05 17:48:37,441 INFO org.apache.hadoop.yarn.event.AsyncDispatcher: Registering class org.apache.hadoop.yarn.server.resourcemanager.ahs.WritingHistoryEventType for class org.apache.hadoop.yarn.server.resourcemanager.ahs.RMApplicationHistoryWriter$ForwardingEventHandler
2026-08-05 17:48:37,441 INFO org.apache.hadoop.yarn.event.AsyncDispatcher: Registering class org.apache.hadoop.yarn.server.resourcemanager.ahs.WritingHistoryEventType for class org.apache.hadoop.yarn.server.resourcemanager.ahs.RMApplicationHistoryWriter$ForwardingEventHandler
2026-08-05 17:48:37,442 INFO org.apache.hadoop.util.HostsFileReader: Refreshing hosts (include/exclude) list
2026-08-05 17:48:37,450 INFO org.apache.hadoop.conf.Configuration: found resource capacity-scheduler.xml at file:/home/user/bigdata/hadoop-2.5.1/etc/hadoop/capacity-scheduler.xml
2026-08-05 17:48:37,517 INFO org.apache.hadoop.yarn.server.resourcemanager.scheduler.capacity.ParentQueue: root, capacity=1.0, asboluteCapacity=1.0, maxCapacity=1.0, asboluteMaxCapacity=1.0, state=RUNNING, acls=ADMINISTER_QUEUE:*SUBMIT_APPLICATIONS:*
2026-08-05 17:48:37,517 INFO org.apache.hadoop.yarn.server.resourcemanager.scheduler.capacity.ParentQueue: Initialized parent-queue root name=root, fullname=root
2026-08-05 17:48:37,545 INFO org.apache.hadoop.yarn.server.resourcemanager.scheduler.capacity.LeafQueue: Initializing default
capacity = 1.0 [= (float) configuredCapacity / 100 ]
asboluteCapacity = 1.0 [= parentAbsoluteCapacity * capacity ]
maxCapacity = 1.0 [= configuredMaxCapacity ]
absoluteMaxCapacity = 1.0 [= 1.0 maximumCapacity undefined, (parentAbsoluteMaxCapacity * maximumCapacity) / 100 otherwise ]
userLimit = 100 [= configuredUserLimit ]
userLimitFactor = 1.0 [= configuredUserLimitFactor ]
maxApplications = 10000 [= configuredMaximumSystemApplicationsPerQueue or (int)(configuredMaximumSystemApplications * absoluteCapacity)]
maxApplicationsPerUser = 10000 [= (int)(maxApplications * (userLimit / 100.0f) * userLimitFactor) ]
maxActiveApplications = 1 [= max((int)ceil((clusterResourceMemory / minimumAllocation) * maxAMResourcePerQueuePercent * absoluteMaxCapacity),1) ]
maxActiveAppsUsingAbsCap = 1 [= max((int)ceil((clusterResourceMemory / minimumAllocation) *maxAMResourcePercent * absoluteCapacity),1) ]
maxActiveApplicationsPerUser = 1 [= max((int)(maxActiveApplications * (userLimit / 100.0f) * userLimitFactor),1) ]
usedCapacity = 0.0 [= usedResourcesMemory / (clusterResourceMemory * absoluteCapacity)]
absoluteUsedCapacity = 0.0 [= usedResourcesMemory / clusterResourceMemory]
maxAMResourcePerQueuePercent = 0.1 [= configuredMaximumAMResourcePercent ]
minimumAllocationFactor = 0.875 [= (float)(maximumAllocationMemory - minimumAllocationMemory) / maximumAllocationMemory ]
numContainers = 0 [= currentNumContainers ]
state = RUNNING [= configuredState ]
acls = ADMINISTER_QUEUE:*SUBMIT_APPLICATIONS:* [= configuredAcls ]
nodeLocalityDelay = 40

2026-08-05 17:48:37,545 INFO org.apache.hadoop.yarn.server.resourcemanager.scheduler.capacity.CapacityScheduler: Initialized queue: default: capacity=1.0, absoluteCapacity=1.0, usedResources=<memory:0, vCores:0>, usedCapacity=0.0, absoluteUsedCapacity=0.0, numApps=0, numContainers=0
2026-08-05 17:48:37,545 INFO org.apache.hadoop.yarn.server.resourcemanager.scheduler.capacity.CapacityScheduler: Initialized queue: root: numChildQueue= 1, capacity=1.0, absoluteCapacity=1.0, usedResources=<memory:0, vCores:0>usedCapacity=0.0, numApps=0, numContainers=0
2026-08-05 17:48:37,545 INFO org.apache.hadoop.yarn.server.resourcemanager.scheduler.capacity.CapacityScheduler: Initialized root queue root: numChildQueue= 1, capacity=1.0, absoluteCapacity=1.0, usedResources=<memory:0, vCores:0>usedCapacity=0.0, numApps=0, numContainers=0
2026-08-05 17:48:37,545 INFO org.apache.hadoop.yarn.server.resourcemanager.scheduler.capacity.CapacityScheduler: Initialized CapacityScheduler with calculator=class org.apache.hadoop.yarn.util.resource.DefaultResourceCalculator, minimumAllocation=<<memory:1024, vCores:1>>, maximumAllocation=<<memory:8192, vCores:32>>, asynchronousScheduling=false, asyncScheduleInterval=5ms
2026-08-05 17:48:37,550 INFO org.apache.hadoop.yarn.server.resourcemanager.ResourceManager: Transitioning to active state
2026-08-05 17:48:37,562 INFO org.apache.hadoop.yarn.server.resourcemanager.security.RMContainerTokenSecretManager: Rolling master-key for container-tokens
2026-08-05 17:48:37,562 INFO org.apache.hadoop.yarn.server.resourcemanager.security.AMRMTokenSecretManager: Rolling master-key for amrm-tokens
2026-08-05 17:48:37,565 INFO org.apache.hadoop.yarn.server.resourcemanager.security.NMTokenSecretManagerInRM: Rolling master-key for nm-tokens
2026-08-05 17:48:37,565 INFO org.apache.hadoop.security.token.delegation.AbstractDelegationTokenSecretManager: Updating the current master key for generating delegation tokens
2026-08-05 17:48:37,565 INFO org.apache.hadoop.yarn.server.resourcemanager.security.RMDelegationTokenSecretManager: storing master key with keyID 1
2026-08-05 17:48:37,567 INFO org.apache.hadoop.security.token.delegation.AbstractDelegationTokenSecretManager: Starting expired delegation token remover thread, tokenRemoverScanInterval=60 min(s)
2026-08-05 17:48:37,567 INFO org.apache.hadoop.security.token.delegation.AbstractDelegationTokenSecretManager: Updating the current master key for generating delegation tokens
2026-08-05 17:48:37,567 INFO org.apache.hadoop.yarn.server.resourcemanager.security.RMDelegationTokenSecretManager: storing master key with keyID 2
2026-08-05 17:48:37,639 INFO org.apache.hadoop.ipc.CallQueueManager: Using callQueue class java.util.concurrent.LinkedBlockingQueue
2026-08-05 17:48:37,671 INFO org.apache.hadoop.ipc.Server: Starting Socket Reader #1 for port 8031
2026-08-05 17:48:37,684 INFO org.apache.hadoop.yarn.factories.impl.pb.RpcServerFactoryPBImpl: Adding protocol org.apache.hadoop.yarn.server.api.ResourceTrackerPB to the server
2026-08-05 17:48:37,686 INFO org.apache.hadoop.ipc.Server: IPC Server Responder: starting
2026-08-05 17:48:37,700 INFO org.apache.hadoop.ipc.Server: IPC Server listener on 8031: starting
2026-08-05 17:48:37,991 INFO org.apache.hadoop.ipc.CallQueueManager: Using callQueue class java.util.concurrent.LinkedBlockingQueue
2026-08-05 17:48:38,024 INFO org.apache.hadoop.ipc.Server: Starting Socket Reader #1 for port 8030
2026-08-05 17:48:38,053 INFO org.apache.hadoop.yarn.factories.impl.pb.RpcServerFactoryPBImpl: Adding protocol org.apache.hadoop.yarn.api.ApplicationMasterProtocolPB to the server
2026-08-05 17:48:38,060 INFO org.apache.hadoop.ipc.Server: IPC Server Responder: starting
2026-08-05 17:48:38,061 INFO org.apache.hadoop.ipc.Server: IPC Server listener on 8030: starting
2026-08-05 17:48:38,300 INFO org.apache.hadoop.ipc.CallQueueManager: Using callQueue class java.util.concurrent.LinkedBlockingQueue
2026-08-05 17:48:38,305 INFO org.apache.hadoop.ipc.Server: Starting Socket Reader #1 for port 8032
2026-08-05 17:48:38,310 INFO org.apache.hadoop.yarn.factories.impl.pb.RpcServerFactoryPBImpl: Adding protocol org.apache.hadoop.yarn.api.ApplicationClientProtocolPB to the server
2026-08-05 17:48:38,318 INFO org.apache.hadoop.ipc.Server: IPC Server listener on 8032: starting
2026-08-05 17:48:38,323 INFO org.apache.hadoop.ipc.Server: IPC Server Responder: starting
2026-08-05 17:48:38,471 INFO org.apache.hadoop.yarn.server.resourcemanager.ResourceManager: Transitioned to active state
2026-08-05 17:48:38,701 INFO org.mortbay.log: Logging to org.slf4j.impl.Log4jLoggerAdapter(org.mortbay.log) via org.mortbay.log.Slf4jLog
2026-08-05 17:48:38,716 INFO org.apache.hadoop.http.HttpRequestLog: Http request log for http.requests.resourcemanager is not defined
2026-08-05 17:48:38,739 INFO org.apache.hadoop.http.HttpServer2: Added global filter 'safety' (class=org.apache.hadoop.http.HttpServer2$QuotingInputFilter)
2026-08-05 17:48:38,750 INFO org.apache.hadoop.http.HttpServer2: Added filter YARNAuthenticationFilter (class=org.apache.hadoop.yarn.server.security.http.RMAuthenticationFilter) to context cluster
2026-08-05 17:48:38,750 INFO org.apache.hadoop.http.HttpServer2: Added filter YARNAuthenticationFilter (class=org.apache.hadoop.yarn.server.security.http.RMAuthenticationFilter) to context static
2026-08-05 17:48:38,750 INFO org.apache.hadoop.http.HttpServer2: Added filter YARNAuthenticationFilter (class=org.apache.hadoop.yarn.server.security.http.RMAuthenticationFilter) to context logs
2026-08-05 17:48:38,752 INFO org.apache.hadoop.http.HttpServer2: Added filter static_user_filter (class=org.apache.hadoop.http.lib.StaticUserWebFilter$StaticUserFilter) to context cluster
2026-08-05 17:48:38,752 INFO org.apache.hadoop.http.HttpServer2: Added filter static_user_filter (class=org.apache.hadoop.http.lib.StaticUserWebFilter$StaticUserFilter) to context static
2026-08-05 17:48:38,753 INFO org.apache.hadoop.http.HttpServer2: Added filter static_user_filter (class=org.apache.hadoop.http.lib.StaticUserWebFilter$StaticUserFilter) to context logs
2026-08-05 17:48:38,763 INFO org.apache.hadoop.http.HttpServer2: adding path spec: /cluster/*
2026-08-05 17:48:38,764 INFO org.apache.hadoop.http.HttpServer2: adding path spec: /ws/*
2026-08-05 17:48:38,787 INFO org.apache.hadoop.http.HttpServer2: Jetty bound to port 8088
2026-08-05 17:48:38,787 INFO org.mortbay.log: jetty-6.1.26
2026-08-05 17:48:38,866 INFO org.mortbay.log: Extract jar:file:/home/user/bigdata/hadoop-2.5.1/share/hadoop/yarn/hadoop-yarn-common-2.5.1.jar!/webapps/cluster to /tmp/Jetty_0_0_0_0_8088_cluster____u0rgz3/webapp
2026-08-05 17:48:39,979 WARN org.apache.hadoop.security.authentication.server.AuthenticationFilter: 'signature.secret' configuration not set, using a random value as secret
2026-08-05 17:48:40,276 WARN org.apache.hadoop.security.authentication.server.AuthenticationFilter: 'signature.secret' configuration not set, using a random value as secret
2026-08-05 17:48:40,276 WARN org.apache.hadoop.security.authentication.server.AuthenticationFilter: 'signature.secret' configuration not set, using a random value as secret
2026-08-05 17:48:40,288 INFO org.mortbay.log: Started HttpServer2$SelectChannelConnectorWithSafeStartup@0.0.0.0:8088
2026-08-05 17:48:40,288 INFO org.apache.hadoop.yarn.webapp.WebApps: Web app /cluster started at 8088
2026-08-05 17:48:41,561 INFO org.apache.hadoop.yarn.webapp.WebApps: Registered webapp guice modules
2026-08-05 17:48:41,614 INFO org.apache.hadoop.ipc.CallQueueManager: Using callQueue class java.util.concurrent.LinkedBlockingQueue
2026-08-05 17:48:41,615 INFO org.apache.hadoop.ipc.Server: Starting Socket Reader #1 for port 8033
2026-08-05 17:48:41,640 INFO org.apache.hadoop.yarn.factories.impl.pb.RpcServerFactoryPBImpl: Adding protocol org.apache.hadoop.yarn.server.api.ResourceManagerAdministrationProtocolPB to the server
2026-08-05 17:48:41,640 INFO org.apache.hadoop.ipc.Server: IPC Server Responder: starting
2026-08-05 17:48:41,641 INFO org.apache.hadoop.ipc.Server: IPC Server listener on 8033: starting
2026-08-05 17:48:43,836 INFO org.apache.hadoop.yarn.util.RackResolver: Resolved ubuntu to /default-rack
2026-08-05 17:48:43,844 INFO org.apache.hadoop.yarn.server.resourcemanager.ResourceTrackerService: NodeManager from node ubuntu(cmPort: 40259 httpPort: 8042) registered with capability: <memory:8192, vCores:8>, assigned nodeId ubuntu:40259
2026-08-05 17:48:43,851 INFO org.apache.hadoop.yarn.server.resourcemanager.rmnode.RMNodeImpl: ubuntu:40259 Node Transitioned from NEW to RUNNING
2026-08-05 17:48:43,853 INFO org.apache.hadoop.yarn.server.resourcemanager.scheduler.capacity.CapacityScheduler: Added node ubuntu:40259 clusterResource: <memory:8192, vCores:8>
2026-08-05 17:52:55,059 ERROR org.apache.hadoop.yarn.server.resourcemanager.ResourceManager: RECEIVED SIGNAL 15: SIGTERM
2026-08-05 17:52:55,119 INFO org.mortbay.log: Stopped HttpServer2$SelectChannelConnectorWithSafeStartup@0.0.0.0:8088
2026-08-05 17:52:55,124 INFO org.apache.hadoop.ipc.Server: Stopping server on 8032
2026-08-05 17:52:55,130 INFO org.apache.hadoop.ipc.Server: Stopping IPC Server listener on 8032
2026-08-05 17:52:55,138 INFO org.apache.hadoop.ipc.Server: Stopping server on 8033
2026-08-05 17:52:55,139 INFO org.apache.hadoop.ipc.Server: Stopping IPC Server Responder
2026-08-05 17:52:55,141 INFO org.apache.hadoop.ipc.Server: Stopping IPC Server listener on 8033
2026-08-05 17:52:55,142 INFO org.apache.hadoop.ipc.Server: Stopping IPC Server Responder
2026-08-05 17:52:55,143 INFO org.apache.hadoop.yarn.server.resourcemanager.ResourceManager: Transitioning to standby state
2026-08-05 17:52:55,143 INFO org.apache.hadoop.metrics2.impl.MetricsSystemImpl: Stopping ResourceManager metrics system...
2026-08-05 17:52:55,144 INFO org.apache.hadoop.metrics2.impl.MetricsSystemImpl: ResourceManager metrics system stopped.
2026-08-05 17:52:55,144 INFO org.apache.hadoop.metrics2.impl.MetricsSystemImpl: ResourceManager metrics system shutdown complete.
2026-08-05 17:52:55,144 INFO org.apache.hadoop.yarn.event.AsyncDispatcher: AsyncDispatcher is draining to stop, igonring any new events.
2026-08-05 17:52:55,147 WARN org.apache.hadoop.yarn.server.resourcemanager.amlauncher.ApplicationMasterLauncher: org.apache.hadoop.yarn.server.resourcemanager.amlauncher.ApplicationMasterLauncher$LauncherThread interrupted. Returning.
2026-08-05 17:52:55,147 INFO org.apache.hadoop.ipc.Server: Stopping server on 8030
2026-08-05 17:52:55,162 INFO org.apache.hadoop.ipc.Server: Stopping server on 8031
2026-08-05 17:52:55,164 INFO org.apache.hadoop.ipc.Server: Stopping IPC Server listener on 8030
2026-08-05 17:52:55,164 INFO org.apache.hadoop.ipc.Server: Stopping IPC Server listener on 8031
2026-08-05 17:52:55,203 INFO org.apache.hadoop.ipc.Server: Stopping IPC Server Responder
2026-08-05 17:52:55,206 INFO org.apache.hadoop.yarn.util.AbstractLivelinessMonitor: NMLivelinessMonitor thread interrupted
2026-08-05 17:52:55,206 INFO org.apache.hadoop.ipc.Server: Stopping IPC Server Responder
2026-08-05 17:52:55,206 ERROR org.apache.hadoop.yarn.server.resourcemanager.ResourceManager: Returning, interrupted : java.lang.InterruptedException
2026-08-05 17:52:55,208 INFO org.apache.hadoop.yarn.event.AsyncDispatcher: AsyncDispatcher is draining to stop, igonring any new events.
2026-08-05 17:52:55,209 INFO org.apache.hadoop.yarn.event.AsyncDispatcher: AsyncDispatcher is draining to stop, igonring any new events.
2026-08-05 17:52:55,209 INFO org.apache.hadoop.yarn.event.AsyncDispatcher: AsyncDispatcher is draining to stop, igonring any new events.
2026-08-05 17:52:55,209 INFO org.apache.hadoop.yarn.event.AsyncDispatcher: AsyncDispatcher is draining to stop, igonring any new events.
2026-08-05 17:52:55,210 INFO org.apache.hadoop.yarn.event.AsyncDispatcher: AsyncDispatcher is draining to stop, igonring any new events.
2026-08-05 17:52:55,210 INFO org.apache.hadoop.yarn.event.AsyncDispatcher: AsyncDispatcher is draining to stop, igonring any new events.
2026-08-05 17:52:55,210 INFO org.apache.hadoop.yarn.event.AsyncDispatcher: AsyncDispatcher is draining to stop, igonring any new events.
2026-08-05 17:52:55,212 INFO org.apache.hadoop.yarn.event.AsyncDispatcher: AsyncDispatcher is draining to stop, igonring any new events.
2026-08-05 17:52:55,213 INFO org.apache.hadoop.yarn.event.AsyncDispatcher: AsyncDispatcher is draining to stop, igonring any new events.
2026-08-05 17:52:55,214 INFO org.apache.hadoop.yarn.event.AsyncDispatcher: AsyncDispatcher is draining to stop, igonring any new events.
2026-08-05 17:52:55,214 INFO org.apache.hadoop.yarn.util.AbstractLivelinessMonitor: AMLivelinessMonitor thread interrupted
2026-08-05 17:52:55,215 INFO org.apache.hadoop.yarn.util.AbstractLivelinessMonitor: AMLivelinessMonitor thread interrupted
2026-08-05 17:52:55,215 INFO org.apache.hadoop.yarn.util.AbstractLivelinessMonitor: org.apache.hadoop.yarn.server.resourcemanager.rmcontainer.ContainerAllocationExpirer thread interrupted
2026-08-05 17:52:55,215 ERROR org.apache.hadoop.security.token.delegation.AbstractDelegationTokenSecretManager: ExpiredTokenRemover received java.lang.InterruptedException: sleep interrupted
2026-08-05 17:52:55,216 INFO org.apache.hadoop.yarn.server.resourcemanager.ResourceManager: Transitioned to standby state
2026-08-05 17:52:55,216 INFO org.apache.hadoop.yarn.server.resourcemanager.ResourceManager: SHUTDOWN_MSG: 
/************************************************************
SHUTDOWN_MSG: Shutting down ResourceManager at ubuntu/127.0.1.1
************************************************************/
2026-08-05 17:54:03,284 INFO org.apache.hadoop.yarn.server.resourcemanager.ResourceManager: STARTUP_MSG: 
/************************************************************
STARTUP_MSG: Starting ResourceManager
STARTUP_MSG:   host = ubuntu/127.0.1.1
STARTUP_MSG:   args = []
STARTUP_MSG:   version = 2.5.1
STARTUP_MSG:   classpath = /home/user/bigdata/hadoop-2.5.1/etc/hadoop:/home/user/bigdata/hadoop-2.5.1/etc/hadoop:/home/user/bigdata/hadoop-2.5.1/etc/hadoop:/home/user/bigdata/hadoop-2.5.1/share/hadoop/common/lib/jetty-util-6.1.26.jar:/home/user/bigdata/hadoop-2.5.1/share/hadoop/common/lib/apacheds-kerberos-codec-2.0.0-M15.jar:/home/user/bigdata/hadoop-2.5.1/share/hadoop/common/lib/commons-collections-3.2.1.jar:/home/user/bigdata/hadoop-2.5.1/share/hadoop/common/lib/jackson-core-asl-1.9.13.jar:/home/user/bigdata/hadoop-2.5.1/share/hadoop/common/lib/slf4j-log4j12-1.7.5.jar:/home/user/bigdata/hadoop-2.5.1/share/hadoop/common/lib/zookeeper-3.4.6.jar:/home/user/bigdata/hadoop-2.5.1/share/hadoop/common/lib/hadoop-auth-2.5.1.jar:/home/user/bigdata/hadoop-2.5.1/share/hadoop/common/lib/junit-4.11.jar:/home/user/bigdata/hadoop-2.5.1/share/hadoop/common/lib/api-util-1.0.0-M20.jar:/home/user/bigdata/hadoop-2.5.1/share/hadoop/common/lib/api-asn1-api-1.0.0-M20.jar:/home/user/bigdata/hadoop-2.5.1/share/hadoop/common/lib/jersey-core-1.9.jar:/home/user/bigdata/hadoop-2.5.1/share/hadoop/common/lib/commons-math3-3.1.1.jar:/home/user/bigdata/hadoop-2.5.1/share/hadoop/common/lib/jaxb-api-2.2.2.jar:/home/user/bigdata/hadoop-2.5.1/share/hadoop/common/lib/jackson-xc-1.9.13.jar:/home/user/bigdata/hadoop-2.5.1/share/hadoop/common/lib/commons-configuration-1.6.jar:/home/user/bigdata/hadoop-2.5.1/share/hadoop/common/lib/stax-api-1.0-2.jar:/home/user/bigdata/hadoop-2.5.1/share/hadoop/common/lib/jsr305-1.3.9.jar:/home/user/bigdata/hadoop-2.5.1/share/hadoop/common/lib/jackson-jaxrs-1.9.13.jar:/home/user/bigdata/hadoop-2.5.1/share/hadoop/common/lib/log4j-1.2.17.jar:/home/user/bigdata/hadoop-2.5.1/share/hadoop/common/lib/jersey-server-1.9.jar:/home/user/bigdata/hadoop-2.5.1/share/hadoop/common/lib/java-xmlbuilder-0.4.jar:/home/user/bigdata/hadoop-2.5.1/share/hadoop/common/lib/avro-1.7.4.jar:/home/user/bigdata/hadoop-2.5.1/share/hadoop/common/lib/commons-logging-1.1.3.jar:/home/user/bigdata/hadoop-2.5.1/share/hadoop/common/lib/slf4j-api-1.7.5.jar:/home/user/bigdata/hadoop-2.5.1/share/hadoop/common/lib/httpcore-4.2.5.jar:/home/user/bigdata/hadoop-2.5.1/share/hadoop/common/lib/jaxb-impl-2.2.3-1.jar:/home/user/bigdata/hadoop-2.5.1/share/hadoop/common/lib/httpclient-4.2.5.jar:/home/user/bigdata/hadoop-2.5.1/share/hadoop/common/lib/jersey-json-1.9.jar:/home/user/bigdata/hadoop-2.5.1/share/hadoop/common/lib/commons-lang-2.6.jar:/home/user/bigdata/hadoop-2.5.1/share/hadoop/common/lib/commons-httpclient-3.1.jar:/home/user/bigdata/hadoop-2.5.1/share/hadoop/common/lib/jettison-1.1.jar:/home/user/bigdata/hadoop-2.5.1/share/hadoop/common/lib/netty-3.6.2.Final.jar:/home/user/bigdata/hadoop-2.5.1/share/hadoop/common/lib/commons-digester-1.8.jar:/home/user/bigdata/hadoop-2.5.1/share/hadoop/common/lib/apacheds-i18n-2.0.0-M15.jar:/home/user/bigdata/hadoop-2.5.1/share/hadoop/common/lib/commons-compress-1.4.1.jar:/home/user/bigdata/hadoop-2.5.1/share/hadoop/common/lib/commons-net-3.1.jar:/home/user/bigdata/hadoop-2.5.1/share/hadoop/common/lib/jsp-api-2.1.jar:/home/user/bigdata/hadoop-2.5.1/share/hadoop/common/lib/snappy-java-1.0.4.1.jar:/home/user/bigdata/hadoop-2.5.1/share/hadoop/common/lib/commons-el-1.0.jar:/home/user/bigdata/hadoop-2.5.1/share/hadoop/common/lib/hamcrest-core-1.3.jar:/home/user/bigdata/hadoop-2.5.1/share/hadoop/common/lib/xz-1.0.jar:/home/user/bigdata/hadoop-2.5.1/share/hadoop/common/lib/paranamer-2.3.jar:/home/user/bigdata/hadoop-2.5.1/share/hadoop/common/lib/commons-beanutils-core-1.8.0.jar:/home/user/bigdata/hadoop-2.5.1/share/hadoop/common/lib/commons-io-2.4.jar:/home/user/bigdata/hadoop-2.5.1/share/hadoop/common/lib/xmlenc-0.52.jar:/home/user/bigdata/hadoop-2.5.1/share/hadoop/common/lib/jasper-compiler-5.5.23.jar:/home/user/bigdata/hadoop-2.5.1/share/hadoop/common/lib/mockito-all-1.8.5.jar:/home/user/bigdata/hadoop-2.5.1/share/hadoop/common/lib/guava-11.0.2.jar:/home/user/bigdata/hadoop-2.5.1/share/hadoop/common/lib/jasper-runtime-5.5.23.jar:/home/user/bigdata/hadoop-2.5.1/share/hadoop/common/lib/commons-beanutils-1.7.0.jar:/home/user/bigdata/hadoop-2.5.1/share/hadoop/common/lib/servlet-api-2.5.jar:/home/user/bigdata/hadoop-2.5.1/share/hadoop/common/lib/jets3t-0.9.0.jar:/home/user/bigdata/hadoop-2.5.1/share/hadoop/common/lib/hadoop-annotations-2.5.1.jar:/home/user/bigdata/hadoop-2.5.1/share/hadoop/common/lib/protobuf-java-2.5.0.jar:/home/user/bigdata/hadoop-2.5.1/share/hadoop/common/lib/commons-codec-1.4.jar:/home/user/bigdata/hadoop-2.5.1/share/hadoop/common/lib/activation-1.1.jar:/home/user/bigdata/hadoop-2.5.1/share/hadoop/common/lib/jackson-mapper-asl-1.9.13.jar:/home/user/bigdata/hadoop-2.5.1/share/hadoop/common/lib/commons-cli-1.2.jar:/home/user/bigdata/hadoop-2.5.1/share/hadoop/common/lib/jsch-0.1.42.jar:/home/user/bigdata/hadoop-2.5.1/share/hadoop/common/lib/jetty-6.1.26.jar:/home/user/bigdata/hadoop-2.5.1/share/hadoop/common/lib/asm-3.2.jar:/home/user/bigdata/hadoop-2.5.1/share/hadoop/common/hadoop-nfs-2.5.1.jar:/home/user/bigdata/hadoop-2.5.1/share/hadoop/common/hadoop-common-2.5.1.jar:/home/user/bigdata/hadoop-2.5.1/share/hadoop/common/hadoop-common-2.5.1-tests.jar:/home/user/bigdata/hadoop-2.5.1/share/hadoop/hdfs:/home/user/bigdata/hadoop-2.5.1/share/hadoop/hdfs/lib/jetty-util-6.1.26.jar:/home/user/bigdata/hadoop-2.5.1/share/hadoop/hdfs/lib/jackson-core-asl-1.9.13.jar:/home/user/bigdata/hadoop-2.5.1/share/hadoop/hdfs/lib/jersey-core-1.9.jar:/home/user/bigdata/hadoop-2.5.1/share/hadoop/hdfs/lib/jsr305-1.3.9.jar:/home/user/bigdata/hadoop-2.5.1/share/hadoop/hdfs/lib/log4j-1.2.17.jar:/home/user/bigdata/hadoop-2.5.1/share/hadoop/hdfs/lib/jersey-server-1.9.jar:/home/user/bigdata/hadoop-2.5.1/share/hadoop/hdfs/lib/commons-logging-1.1.3.jar:/home/user/bigdata/hadoop-2.5.1/share/hadoop/hdfs/lib/commons-lang-2.6.jar:/home/user/bigdata/hadoop-2.5.1/share/hadoop/hdfs/lib/netty-3.6.2.Final.jar:/home/user/bigdata/hadoop-2.5.1/share/hadoop/hdfs/lib/jsp-api-2.1.jar:/home/user/bigdata/hadoop-2.5.1/share/hadoop/hdfs/lib/commons-el-1.0.jar:/home/user/bigdata/hadoop-2.5.1/share/hadoop/hdfs/lib/commons-io-2.4.jar:/home/user/bigdata/hadoop-2.5.1/share/hadoop/hdfs/lib/xmlenc-0.52.jar:/home/user/bigdata/hadoop-2.5.1/share/hadoop/hdfs/lib/guava-11.0.2.jar:/home/user/bigdata/hadoop-2.5.1/share/hadoop/hdfs/lib/jasper-runtime-5.5.23.jar:/home/user/bigdata/hadoop-2.5.1/share/hadoop/hdfs/lib/servlet-api-2.5.jar:/home/user/bigdata/hadoop-2.5.1/share/hadoop/hdfs/lib/protobuf-java-2.5.0.jar:/home/user/bigdata/hadoop-2.5.1/share/hadoop/hdfs/lib/commons-codec-1.4.jar:/home/user/bigdata/hadoop-2.5.1/share/hadoop/hdfs/lib/jackson-mapper-asl-1.9.13.jar:/home/user/bigdata/hadoop-2.5.1/share/hadoop/hdfs/lib/commons-cli-1.2.jar:/home/user/bigdata/hadoop-2.5.1/share/hadoop/hdfs/lib/jetty-6.1.26.jar:/home/user/bigdata/hadoop-2.5.1/share/hadoop/hdfs/lib/commons-daemon-1.0.13.jar:/home/user/bigdata/hadoop-2.5.1/share/hadoop/hdfs/lib/asm-3.2.jar:/home/user/bigdata/hadoop-2.5.1/share/hadoop/hdfs/hadoop-hdfs-2.5.1-tests.jar:/home/user/bigdata/hadoop-2.5.1/share/hadoop/hdfs/hadoop-hdfs-2.5.1.jar:/home/user/bigdata/hadoop-2.5.1/share/hadoop/hdfs/hadoop-hdfs-nfs-2.5.1.jar:/home/user/bigdata/hadoop-2.5.1/share/hadoop/yarn/lib/jetty-util-6.1.26.jar:/home/user/bigdata/hadoop-2.5.1/share/hadoop/yarn/lib/guice-servlet-3.0.jar:/home/user/bigdata/hadoop-2.5.1/share/hadoop/yarn/lib/commons-collections-3.2.1.jar:/home/user/bigdata/hadoop-2.5.1/share/hadoop/yarn/lib/jackson-core-asl-1.9.13.jar:/home/user/bigdata/hadoop-2.5.1/share/hadoop/yarn/lib/zookeeper-3.4.6.jar:/home/user/bigdata/hadoop-2.5.1/share/hadoop/yarn/lib/jersey-client-1.9.jar:/home/user/bigdata/hadoop-2.5.1/share/hadoop/yarn/lib/jersey-core-1.9.jar:/home/user/bigdata/hadoop-2.5.1/share/hadoop/yarn/lib/jaxb-api-2.2.2.jar:/home/user/bigdata/hadoop-2.5.1/share/hadoop/yarn/lib/aopalliance-1.0.jar:/home/user/bigdata/hadoop-2.5.1/share/hadoop/yarn/lib/jackson-xc-1.9.13.jar:/home/user/bigdata/hadoop-2.5.1/share/hadoop/yarn/lib/jersey-guice-1.9.jar:/home/user/bigdata/hadoop-2.5.1/share/hadoop/yarn/lib/stax-api-1.0-2.jar:/home/user/bigdata/hadoop-2.5.1/share/hadoop/yarn/lib/jsr305-1.3.9.jar:/home/user/bigdata/hadoop-2.5.1/share/hadoop/yarn/lib/jackson-jaxrs-1.9.13.jar:/home/user/bigdata/hadoop-2.5.1/share/hadoop/yarn/lib/log4j-1.2.17.jar:/home/user/bigdata/hadoop-2.5.1/share/hadoop/yarn/lib/jline-0.9.94.jar:/home/user/bigdata/hadoop-2.5.1/share/hadoop/yarn/lib/jersey-server-1.9.jar:/home/user/bigdata/hadoop-2.5.1/share/hadoop/yarn/lib/commons-logging-1.1.3.jar:/home/user/bigdata/hadoop-2.5.1/share/hadoop/yarn/lib/jaxb-impl-2.2.3-1.jar:/home/user/bigdata/hadoop-2.5.1/share/hadoop/yarn/lib/javax.inject-1.jar:/home/user/bigdata/hadoop-2.5.1/share/hadoop/yarn/lib/jersey-json-1.9.jar:/home/user/bigdata/hadoop-2.5.1/share/hadoop/yarn/lib/commons-lang-2.6.jar:/home/user/bigdata/hadoop-2.5.1/share/hadoop/yarn/lib/commons-httpclient-3.1.jar:/home/user/bigdata/hadoop-2.5.1/share/hadoop/yarn/lib/jettison-1.1.jar:/home/user/bigdata/hadoop-2.5.1/share/hadoop/yarn/lib/netty-3.6.2.Final.jar:/home/user/bigdata/hadoop-2.5.1/share/hadoop/yarn/lib/commons-compress-1.4.1.jar:/home/user/bigdata/hadoop-2.5.1/share/hadoop/yarn/lib/xz-1.0.jar:/home/user/bigdata/hadoop-2.5.1/share/hadoop/yarn/lib/commons-io-2.4.jar:/home/user/bigdata/hadoop-2.5.1/share/hadoop/yarn/lib/leveldbjni-all-1.8.jar:/home/user/bigdata/hadoop-2.5.1/share/hadoop/yarn/lib/guava-11.0.2.jar:/home/user/bigdata/hadoop-2.5.1/share/hadoop/yarn/lib/servlet-api-2.5.jar:/home/user/bigdata/hadoop-2.5.1/share/hadoop/yarn/lib/protobuf-java-2.5.0.jar:/home/user/bigdata/hadoop-2.5.1/share/hadoop/yarn/lib/commons-codec-1.4.jar:/home/user/bigdata/hadoop-2.5.1/share/hadoop/yarn/lib/activation-1.1.jar:/home/user/bigdata/hadoop-2.5.1/share/hadoop/yarn/lib/jackson-mapper-asl-1.9.13.jar:/home/user/bigdata/hadoop-2.5.1/share/hadoop/yarn/lib/guice-3.0.jar:/home/user/bigdata/hadoop-2.5.1/share/hadoop/yarn/lib/commons-cli-1.2.jar:/home/user/bigdata/hadoop-2.5.1/share/hadoop/yarn/lib/jetty-6.1.26.jar:/home/user/bigdata/hadoop-2.5.1/share/hadoop/yarn/lib/asm-3.2.jar:/home/user/bigdata/hadoop-2.5.1/share/hadoop/yarn/hadoop-yarn-server-web-proxy-2.5.1.jar:/home/user/bigdata/hadoop-2.5.1/share/hadoop/yarn/hadoop-yarn-applications-unmanaged-am-launcher-2.5.1.jar:/home/user/bigdata/hadoop-2.5.1/share/hadoop/yarn/hadoop-yarn-applications-distributedshell-2.5.1.jar:/home/user/bigdata/hadoop-2.5.1/share/hadoop/yarn/hadoop-yarn-server-nodemanager-2.5.1.jar:/home/user/bigdata/hadoop-2.5.1/share/hadoop/yarn/hadoop-yarn-server-tests-2.5.1.jar:/home/user/bigdata/hadoop-2.5.1/share/hadoop/yarn/hadoop-yarn-server-common-2.5.1.jar:/home/user/bigdata/hadoop-2.5.1/share/hadoop/yarn/hadoop-yarn-common-2.5.1.jar:/home/user/bigdata/hadoop-2.5.1/share/hadoop/yarn/hadoop-yarn-server-resourcemanager-2.5.1.jar:/home/user/bigdata/hadoop-2.5.1/share/hadoop/yarn/hadoop-yarn-client-2.5.1.jar:/home/user/bigdata/hadoop-2.5.1/share/hadoop/yarn/hadoop-yarn-server-applicationhistoryservice-2.5.1.jar:/home/user/bigdata/hadoop-2.5.1/share/hadoop/yarn/hadoop-yarn-api-2.5.1.jar:/home/user/bigdata/hadoop-2.5.1/share/hadoop/mapreduce/lib/guice-servlet-3.0.jar:/home/user/bigdata/hadoop-2.5.1/share/hadoop/mapreduce/lib/jackson-core-asl-1.9.13.jar:/home/user/bigdata/hadoop-2.5.1/share/hadoop/mapreduce/lib/junit-4.11.jar:/home/user/bigdata/hadoop-2.5.1/share/hadoop/mapreduce/lib/jersey-core-1.9.jar:/home/user/bigdata/hadoop-2.5.1/share/hadoop/mapreduce/lib/aopalliance-1.0.jar:/home/user/bigdata/hadoop-2.5.1/share/hadoop/mapreduce/lib/jersey-guice-1.9.jar:/home/user/bigdata/hadoop-2.5.1/share/hadoop/mapreduce/lib/log4j-1.2.17.jar:/home/user/bigdata/hadoop-2.5.1/share/hadoop/mapreduce/lib/jersey-server-1.9.jar:/home/user/bigdata/hadoop-2.5.1/share/hadoop/mapreduce/lib/avro-1.7.4.jar:/home/user/bigdata/hadoop-2.5.1/share/hadoop/mapreduce/lib/javax.inject-1.jar:/home/user/bigdata/hadoop-2.5.1/share/hadoop/mapreduce/lib/netty-3.6.2.Final.jar:/home/user/bigdata/hadoop-2.5.1/share/hadoop/mapreduce/lib/commons-compress-1.4.1.jar:/home/user/bigdata/hadoop-2.5.1/share/hadoop/mapreduce/lib/snappy-java-1.0.4.1.jar:/home/user/bigdata/hadoop-2.5.1/share/hadoop/mapreduce/lib/hamcrest-core-1.3.jar:/home/user/bigdata/hadoop-2.5.1/share/hadoop/mapreduce/lib/xz-1.0.jar:/home/user/bigdata/hadoop-2.5.1/share/hadoop/mapreduce/lib/paranamer-2.3.jar:/home/user/bigdata/hadoop-2.5.1/share/hadoop/mapreduce/lib/commons-io-2.4.jar:/home/user/bigdata/hadoop-2.5.1/share/hadoop/mapreduce/lib/leveldbjni-all-1.8.jar:/home/user/bigdata/hadoop-2.5.1/share/hadoop/mapreduce/lib/hadoop-annotations-2.5.1.jar:/home/user/bigdata/hadoop-2.5.1/share/hadoop/mapreduce/lib/protobuf-java-2.5.0.jar:/home/user/bigdata/hadoop-2.5.1/share/hadoop/mapreduce/lib/jackson-mapper-asl-1.9.13.jar:/home/user/bigdata/hadoop-2.5.1/share/hadoop/mapreduce/lib/guice-3.0.jar:/home/user/bigdata/hadoop-2.5.1/share/hadoop/mapreduce/lib/asm-3.2.jar:/home/user/bigdata/hadoop-2.5.1/share/hadoop/mapreduce/hadoop-mapreduce-client-common-2.5.1.jar:/home/user/bigdata/hadoop-2.5.1/share/hadoop/mapreduce/hadoop-mapreduce-client-hs-2.5.1.jar:/home/user/bigdata/hadoop-2.5.1/share/hadoop/mapreduce/hadoop-mapreduce-client-shuffle-2.5.1.jar:/home/user/bigdata/hadoop-2.5.1/share/hadoop/mapreduce/hadoop-mapreduce-client-core-2.5.1.jar:/home/user/bigdata/hadoop-2.5.1/share/hadoop/mapreduce/hadoop-mapreduce-client-jobclient-2.5.1.jar:/home/user/bigdata/hadoop-2.5.1/share/hadoop/mapreduce/hadoop-mapreduce-client-hs-plugins-2.5.1.jar:/home/user/bigdata/hadoop-2.5.1/share/hadoop/mapreduce/hadoop-mapreduce-client-jobclient-2.5.1-tests.jar:/home/user/bigdata/hadoop-2.5.1/share/hadoop/mapreduce/hadoop-mapreduce-examples-2.5.1.jar:/home/user/bigdata/hadoop-2.5.1/share/hadoop/mapreduce/hadoop-mapreduce-client-app-2.5.1.jar:/usr/lib/jvm/java-8-openjdk-amd64//lib/tools.jar:/home/user/bigdata/hadoop-2.5.1//contrib/capacity-scheduler/*.jar:/home/user/bigdata/hadoop-2.5.1//contrib/capacity-scheduler/*.jar:/home/user/bigdata/hadoop-2.5.1//contrib/capacity-scheduler/*.jar:/home/user/bigdata/hadoop-2.5.1/share/hadoop/yarn/hadoop-yarn-server-web-proxy-2.5.1.jar:/home/user/bigdata/hadoop-2.5.1/share/hadoop/yarn/hadoop-yarn-applications-unmanaged-am-launcher-2.5.1.jar:/home/user/bigdata/hadoop-2.5.1/share/hadoop/yarn/hadoop-yarn-applications-distributedshell-2.5.1.jar:/home/user/bigdata/hadoop-2.5.1/share/hadoop/yarn/hadoop-yarn-server-nodemanager-2.5.1.jar:/home/user/bigdata/hadoop-2.5.1/share/hadoop/yarn/hadoop-yarn-server-tests-2.5.1.jar:/home/user/bigdata/hadoop-2.5.1/share/hadoop/yarn/hadoop-yarn-server-common-2.5.1.jar:/home/user/bigdata/hadoop-2.5.1/share/hadoop/yarn/hadoop-yarn-common-2.5.1.jar:/home/user/bigdata/hadoop-2.5.1/share/hadoop/yarn/hadoop-yarn-server-resourcemanager-2.5.1.jar:/home/user/bigdata/hadoop-2.5.1/share/hadoop/yarn/hadoop-yarn-client-2.5.1.jar:/home/user/bigdata/hadoop-2.5.1/share/hadoop/yarn/hadoop-yarn-server-applicationhistoryservice-2.5.1.jar:/home/user/bigdata/hadoop-2.5.1/share/hadoop/yarn/hadoop-yarn-api-2.5.1.jar:/home/user/bigdata/hadoop-2.5.1/share/hadoop/yarn/lib/jetty-util-6.1.26.jar:/home/user/bigdata/hadoop-2.5.1/share/hadoop/yarn/lib/guice-servlet-3.0.jar:/home/user/bigdata/hadoop-2.5.1/share/hadoop/yarn/lib/commons-collections-3.2.1.jar:/home/user/bigdata/hadoop-2.5.1/share/hadoop/yarn/lib/jackson-core-asl-1.9.13.jar:/home/user/bigdata/hadoop-2.5.1/share/hadoop/yarn/lib/zookeeper-3.4.6.jar:/home/user/bigdata/hadoop-2.5.1/share/hadoop/yarn/lib/jersey-client-1.9.jar:/home/user/bigdata/hadoop-2.5.1/share/hadoop/yarn/lib/jersey-core-1.9.jar:/home/user/bigdata/hadoop-2.5.1/share/hadoop/yarn/lib/jaxb-api-2.2.2.jar:/home/user/bigdata/hadoop-2.5.1/share/hadoop/yarn/lib/aopalliance-1.0.jar:/home/user/bigdata/hadoop-2.5.1/share/hadoop/yarn/lib/jackson-xc-1.9.13.jar:/home/user/bigdata/hadoop-2.5.1/share/hadoop/yarn/lib/jersey-guice-1.9.jar:/home/user/bigdata/hadoop-2.5.1/share/hadoop/yarn/lib/stax-api-1.0-2.jar:/home/user/bigdata/hadoop-2.5.1/share/hadoop/yarn/lib/jsr305-1.3.9.jar:/home/user/bigdata/hadoop-2.5.1/share/hadoop/yarn/lib/jackson-jaxrs-1.9.13.jar:/home/user/bigdata/hadoop-2.5.1/share/hadoop/yarn/lib/log4j-1.2.17.jar:/home/user/bigdata/hadoop-2.5.1/share/hadoop/yarn/lib/jline-0.9.94.jar:/home/user/bigdata/hadoop-2.5.1/share/hadoop/yarn/lib/jersey-server-1.9.jar:/home/user/bigdata/hadoop-2.5.1/share/hadoop/yarn/lib/commons-logging-1.1.3.jar:/home/user/bigdata/hadoop-2.5.1/share/hadoop/yarn/lib/jaxb-impl-2.2.3-1.jar:/home/user/bigdata/hadoop-2.5.1/share/hadoop/yarn/lib/javax.inject-1.jar:/home/user/bigdata/hadoop-2.5.1/share/hadoop/yarn/lib/jersey-json-1.9.jar:/home/user/bigdata/hadoop-2.5.1/share/hadoop/yarn/lib/commons-lang-2.6.jar:/home/user/bigdata/hadoop-2.5.1/share/hadoop/yarn/lib/commons-httpclient-3.1.jar:/home/user/bigdata/hadoop-2.5.1/share/hadoop/yarn/lib/jettison-1.1.jar:/home/user/bigdata/hadoop-2.5.1/share/hadoop/yarn/lib/netty-3.6.2.Final.jar:/home/user/bigdata/hadoop-2.5.1/share/hadoop/yarn/lib/commons-compress-1.4.1.jar:/home/user/bigdata/hadoop-2.5.1/share/hadoop/yarn/lib/xz-1.0.jar:/home/user/bigdata/hadoop-2.5.1/share/hadoop/yarn/lib/commons-io-2.4.jar:/home/user/bigdata/hadoop-2.5.1/share/hadoop/yarn/lib/leveldbjni-all-1.8.jar:/home/user/bigdata/hadoop-2.5.1/share/hadoop/yarn/lib/guava-11.0.2.jar:/home/user/bigdata/hadoop-2.5.1/share/hadoop/yarn/lib/servlet-api-2.5.jar:/home/user/bigdata/hadoop-2.5.1/share/hadoop/yarn/lib/protobuf-java-2.5.0.jar:/home/user/bigdata/hadoop-2.5.1/share/hadoop/yarn/lib/commons-codec-1.4.jar:/home/user/bigdata/hadoop-2.5.1/share/hadoop/yarn/lib/activation-1.1.jar:/home/user/bigdata/hadoop-2.5.1/share/hadoop/yarn/lib/jackson-mapper-asl-1.9.13.jar:/home/user/bigdata/hadoop-2.5.1/share/hadoop/yarn/lib/guice-3.0.jar:/home/user/bigdata/hadoop-2.5.1/share/hadoop/yarn/lib/commons-cli-1.2.jar:/home/user/bigdata/hadoop-2.5.1/share/hadoop/yarn/lib/jetty-6.1.26.jar:/home/user/bigdata/hadoop-2.5.1/share/hadoop/yarn/lib/asm-3.2.jar:/home/user/bigdata/hadoop-2.5.1/etc/hadoop/rm-config/log4j.properties
STARTUP_MSG:   build = https://git-wip-us.apache.org/repos/asf/hadoop.git -r 2e18d179e4a8065b6a9f29cf2de9451891265cce; compiled by 'jenkins' on 2014-09-05T23:11Z
STARTUP_MSG:   java = 1.8.0_362
************************************************************/
2026-08-05 17:54:03,291 INFO org.apache.hadoop.yarn.server.resourcemanager.ResourceManager: registered UNIX signal handlers for [TERM, HUP, INT]
2026-08-05 17:54:03,438 INFO org.apache.hadoop.conf.Configuration: found resource core-site.xml at file:/home/user/bigdata/hadoop-2.5.1/etc/hadoop/core-site.xml
2026-08-05 17:54:03,464 INFO org.apache.hadoop.security.Groups: clearing userToGroupsMap cache
2026-08-05 17:54:03,467 INFO org.apache.hadoop.conf.Configuration: found resource yarn-site.xml at file:/home/user/bigdata/hadoop-2.5.1/etc/hadoop/yarn-site.xml
2026-08-05 17:54:03,497 INFO org.apache.hadoop.yarn.event.AsyncDispatcher: Registering class org.apache.hadoop.yarn.server.resourcemanager.RMFatalEventType for class org.apache.hadoop.yarn.server.resourcemanager.ResourceManager$RMFatalEventDispatcher
2026-08-05 17:54:03,542 INFO org.apache.hadoop.yarn.server.resourcemanager.security.NMTokenSecretManagerInRM: NMTokenKeyRollingInterval: 86400000ms and NMTokenKeyActivationDelay: 900000ms
2026-08-05 17:54:03,546 INFO org.apache.hadoop.yarn.server.resourcemanager.security.RMContainerTokenSecretManager: ContainerTokenKeyRollingInterval: 86400000ms and ContainerTokenKeyActivationDelay: 900000ms
2026-08-05 17:54:03,549 INFO org.apache.hadoop.yarn.server.resourcemanager.security.AMRMTokenSecretManager: Rolling master-key for amrm-tokens
2026-08-05 17:54:03,583 INFO org.apache.hadoop.yarn.event.AsyncDispatcher: Registering class org.apache.hadoop.yarn.server.resourcemanager.recovery.RMStateStoreEventType for class org.apache.hadoop.yarn.server.resourcemanager.recovery.RMStateStore$ForwardingEventHandler
2026-08-05 17:54:03,692 INFO org.apache.hadoop.yarn.event.AsyncDispatcher: Registering class org.apache.hadoop.yarn.server.resourcemanager.NodesListManagerEventType for class org.apache.hadoop.yarn.server.resourcemanager.NodesListManager
2026-08-05 17:54:03,693 INFO org.apache.hadoop.yarn.server.resourcemanager.ResourceManager: Using Scheduler: org.apache.hadoop.yarn.server.resourcemanager.scheduler.capacity.CapacityScheduler
2026-08-05 17:54:03,727 INFO org.apache.hadoop.yarn.event.AsyncDispatcher: Registering class org.apache.hadoop.yarn.server.resourcemanager.scheduler.event.SchedulerEventType for class org.apache.hadoop.yarn.server.resourcemanager.ResourceManager$SchedulerEventDispatcher
2026-08-05 17:54:03,728 INFO org.apache.hadoop.yarn.event.AsyncDispatcher: Registering class org.apache.hadoop.yarn.server.resourcemanager.rmapp.RMAppEventType for class org.apache.hadoop.yarn.server.resourcemanager.ResourceManager$ApplicationEventDispatcher
2026-08-05 17:54:03,729 INFO org.apache.hadoop.yarn.event.AsyncDispatcher: Registering class org.apache.hadoop.yarn.server.resourcemanager.rmapp.attempt.RMAppAttemptEventType for class org.apache.hadoop.yarn.server.resourcemanager.ResourceManager$ApplicationAttemptEventDispatcher
2026-08-05 17:54:03,729 INFO org.apache.hadoop.yarn.event.AsyncDispatcher: Registering class org.apache.hadoop.yarn.server.resourcemanager.rmnode.RMNodeEventType for class org.apache.hadoop.yarn.server.resourcemanager.ResourceManager$NodeEventDispatcher
2026-08-05 17:54:03,786 INFO org.apache.hadoop.metrics2.impl.MetricsConfig: loaded properties from hadoop-metrics2.properties
2026-08-05 17:54:03,865 INFO org.apache.hadoop.metrics2.impl.MetricsSystemImpl: Scheduled snapshot period at 10 second(s).
2026-08-05 17:54:03,865 INFO org.apache.hadoop.metrics2.impl.MetricsSystemImpl: ResourceManager metrics system started
2026-08-05 17:54:03,890 INFO org.apache.hadoop.yarn.event.AsyncDispatcher: Registering class org.apache.hadoop.yarn.server.resourcemanager.RMAppManagerEventType for class org.apache.hadoop.yarn.server.resourcemanager.RMAppManager
2026-08-05 17:54:03,897 INFO org.apache.hadoop.yarn.event.AsyncDispatcher: Registering class org.apache.hadoop.yarn.server.resourcemanager.amlauncher.AMLauncherEventType for class org.apache.hadoop.yarn.server.resourcemanager.amlauncher.ApplicationMasterLauncher
2026-08-05 17:54:03,899 INFO org.apache.hadoop.yarn.server.resourcemanager.RMNMInfo: Registered RMNMInfo MBean
2026-08-05 17:54:03,903 INFO org.apache.hadoop.yarn.event.AsyncDispatcher: Registering class org.apache.hadoop.yarn.server.resourcemanager.ahs.WritingHistoryEventType for class org.apache.hadoop.yarn.server.resourcemanager.ahs.RMApplicationHistoryWriter$ForwardingEventHandler
2026-08-05 17:54:03,903 INFO org.apache.hadoop.yarn.event.AsyncDispatcher: Registering class org.apache.hadoop.yarn.server.resourcemanager.ahs.WritingHistoryEventType for class org.apache.hadoop.yarn.server.resourcemanager.ahs.RMApplicationHistoryWriter$ForwardingEventHandler
2026-08-05 17:54:03,903 INFO org.apache.hadoop.yarn.event.AsyncDispatcher: Registering class org.apache.hadoop.yarn.server.resourcemanager.ahs.WritingHistoryEventType for class org.apache.hadoop.yarn.server.resourcemanager.ahs.RMApplicationHistoryWriter$ForwardingEventHandler
2026-08-05 17:54:03,903 INFO org.apache.hadoop.yarn.event.AsyncDispatcher: Registering class org.apache.hadoop.yarn.server.resourcemanager.ahs.WritingHistoryEventType for class org.apache.hadoop.yarn.server.resourcemanager.ahs.RMApplicationHistoryWriter$ForwardingEventHandler
2026-08-05 17:54:03,903 INFO org.apache.hadoop.yarn.event.AsyncDispatcher: Registering class org.apache.hadoop.yarn.server.resourcemanager.ahs.WritingHistoryEventType for class org.apache.hadoop.yarn.server.resourcemanager.ahs.RMApplicationHistoryWriter$ForwardingEventHandler
2026-08-05 17:54:03,903 INFO org.apache.hadoop.yarn.event.AsyncDispatcher: Registering class org.apache.hadoop.yarn.server.resourcemanager.ahs.WritingHistoryEventType for class org.apache.hadoop.yarn.server.resourcemanager.ahs.RMApplicationHistoryWriter$ForwardingEventHandler
2026-08-05 17:54:03,903 INFO org.apache.hadoop.yarn.event.AsyncDispatcher: Registering class org.apache.hadoop.yarn.server.resourcemanager.ahs.WritingHistoryEventType for class org.apache.hadoop.yarn.server.resourcemanager.ahs.RMApplicationHistoryWriter$ForwardingEventHandler
2026-08-05 17:54:03,905 INFO org.apache.hadoop.yarn.event.AsyncDispatcher: Registering class org.apache.hadoop.yarn.server.resourcemanager.ahs.WritingHistoryEventType for class org.apache.hadoop.yarn.server.resourcemanager.ahs.RMApplicationHistoryWriter$ForwardingEventHandler
2026-08-05 17:54:03,905 INFO org.apache.hadoop.yarn.event.AsyncDispatcher: Registering class org.apache.hadoop.yarn.server.resourcemanager.ahs.WritingHistoryEventType for class org.apache.hadoop.yarn.server.resourcemanager.ahs.RMApplicationHistoryWriter$ForwardingEventHandler
2026-08-05 17:54:03,905 INFO org.apache.hadoop.yarn.event.AsyncDispatcher: Registering class org.apache.hadoop.yarn.server.resourcemanager.ahs.WritingHistoryEventType for class org.apache.hadoop.yarn.server.resourcemanager.ahs.RMApplicationHistoryWriter$ForwardingEventHandler
2026-08-05 17:54:03,907 INFO org.apache.hadoop.util.HostsFileReader: Refreshing hosts (include/exclude) list
2026-08-05 17:54:03,909 INFO org.apache.hadoop.conf.Configuration: found resource capacity-scheduler.xml at file:/home/user/bigdata/hadoop-2.5.1/etc/hadoop/capacity-scheduler.xml
2026-08-05 17:54:03,948 INFO org.apache.hadoop.yarn.server.resourcemanager.scheduler.capacity.ParentQueue: root, capacity=1.0, asboluteCapacity=1.0, maxCapacity=1.0, asboluteMaxCapacity=1.0, state=RUNNING, acls=ADMINISTER_QUEUE:*SUBMIT_APPLICATIONS:*
2026-08-05 17:54:03,948 INFO org.apache.hadoop.yarn.server.resourcemanager.scheduler.capacity.ParentQueue: Initialized parent-queue root name=root, fullname=root
2026-08-05 17:54:03,953 INFO org.apache.hadoop.yarn.server.resourcemanager.scheduler.capacity.LeafQueue: Initializing default
capacity = 1.0 [= (float) configuredCapacity / 100 ]
asboluteCapacity = 1.0 [= parentAbsoluteCapacity * capacity ]
maxCapacity = 1.0 [= configuredMaxCapacity ]
absoluteMaxCapacity = 1.0 [= 1.0 maximumCapacity undefined, (parentAbsoluteMaxCapacity * maximumCapacity) / 100 otherwise ]
userLimit = 100 [= configuredUserLimit ]
userLimitFactor = 1.0 [= configuredUserLimitFactor ]
maxApplications = 10000 [= configuredMaximumSystemApplicationsPerQueue or (int)(configuredMaximumSystemApplications * absoluteCapacity)]
maxApplicationsPerUser = 10000 [= (int)(maxApplications * (userLimit / 100.0f) * userLimitFactor) ]
maxActiveApplications = 1 [= max((int)ceil((clusterResourceMemory / minimumAllocation) * maxAMResourcePerQueuePercent * absoluteMaxCapacity),1) ]
maxActiveAppsUsingAbsCap = 1 [= max((int)ceil((clusterResourceMemory / minimumAllocation) *maxAMResourcePercent * absoluteCapacity),1) ]
maxActiveApplicationsPerUser = 1 [= max((int)(maxActiveApplications * (userLimit / 100.0f) * userLimitFactor),1) ]
usedCapacity = 0.0 [= usedResourcesMemory / (clusterResourceMemory * absoluteCapacity)]
absoluteUsedCapacity = 0.0 [= usedResourcesMemory / clusterResourceMemory]
maxAMResourcePerQueuePercent = 0.1 [= configuredMaximumAMResourcePercent ]
minimumAllocationFactor = 0.875 [= (float)(maximumAllocationMemory - minimumAllocationMemory) / maximumAllocationMemory ]
numContainers = 0 [= currentNumContainers ]
state = RUNNING [= configuredState ]
acls = ADMINISTER_QUEUE:*SUBMIT_APPLICATIONS:* [= configuredAcls ]
nodeLocalityDelay = 40

2026-08-05 17:54:03,953 INFO org.apache.hadoop.yarn.server.resourcemanager.scheduler.capacity.CapacityScheduler: Initialized queue: default: capacity=1.0, absoluteCapacity=1.0, usedResources=<memory:0, vCores:0>, usedCapacity=0.0, absoluteUsedCapacity=0.0, numApps=0, numContainers=0
2026-08-05 17:54:03,953 INFO org.apache.hadoop.yarn.server.resourcemanager.scheduler.capacity.CapacityScheduler: Initialized queue: root: numChildQueue= 1, capacity=1.0, absoluteCapacity=1.0, usedResources=<memory:0, vCores:0>usedCapacity=0.0, numApps=0, numContainers=0
2026-08-05 17:54:03,953 INFO org.apache.hadoop.yarn.server.resourcemanager.scheduler.capacity.CapacityScheduler: Initialized root queue root: numChildQueue= 1, capacity=1.0, absoluteCapacity=1.0, usedResources=<memory:0, vCores:0>usedCapacity=0.0, numApps=0, numContainers=0
2026-08-05 17:54:03,954 INFO org.apache.hadoop.yarn.server.resourcemanager.scheduler.capacity.CapacityScheduler: Initialized CapacityScheduler with calculator=class org.apache.hadoop.yarn.util.resource.DefaultResourceCalculator, minimumAllocation=<<memory:1024, vCores:1>>, maximumAllocation=<<memory:8192, vCores:32>>, asynchronousScheduling=false, asyncScheduleInterval=5ms
2026-08-05 17:54:03,961 INFO org.apache.hadoop.yarn.server.resourcemanager.ResourceManager: Transitioning to active state
2026-08-05 17:54:03,970 INFO org.apache.hadoop.yarn.server.resourcemanager.security.AMRMTokenSecretManager: Rolling master-key for amrm-tokens
2026-08-05 17:54:03,970 INFO org.apache.hadoop.yarn.server.resourcemanager.security.RMContainerTokenSecretManager: Rolling master-key for container-tokens
2026-08-05 17:54:03,971 INFO org.apache.hadoop.yarn.server.resourcemanager.security.NMTokenSecretManagerInRM: Rolling master-key for nm-tokens
2026-08-05 17:54:03,971 INFO org.apache.hadoop.security.token.delegation.AbstractDelegationTokenSecretManager: Updating the current master key for generating delegation tokens
2026-08-05 17:54:03,972 INFO org.apache.hadoop.yarn.server.resourcemanager.security.RMDelegationTokenSecretManager: storing master key with keyID 1
2026-08-05 17:54:03,977 INFO org.apache.hadoop.security.token.delegation.AbstractDelegationTokenSecretManager: Starting expired delegation token remover thread, tokenRemoverScanInterval=60 min(s)
2026-08-05 17:54:03,977 INFO org.apache.hadoop.security.token.delegation.AbstractDelegationTokenSecretManager: Updating the current master key for generating delegation tokens
2026-08-05 17:54:03,977 INFO org.apache.hadoop.yarn.server.resourcemanager.security.RMDelegationTokenSecretManager: storing master key with keyID 2
2026-08-05 17:54:04,009 INFO org.apache.hadoop.ipc.CallQueueManager: Using callQueue class java.util.concurrent.LinkedBlockingQueue
2026-08-05 17:54:04,016 INFO org.apache.hadoop.ipc.Server: Starting Socket Reader #1 for port 8031
2026-08-05 17:54:04,024 INFO org.apache.hadoop.yarn.factories.impl.pb.RpcServerFactoryPBImpl: Adding protocol org.apache.hadoop.yarn.server.api.ResourceTrackerPB to the server
2026-08-05 17:54:04,024 INFO org.apache.hadoop.ipc.Server: IPC Server Responder: starting
2026-08-05 17:54:04,026 INFO org.apache.hadoop.ipc.Server: IPC Server listener on 8031: starting
2026-08-05 17:54:04,156 INFO org.apache.hadoop.ipc.CallQueueManager: Using callQueue class java.util.concurrent.LinkedBlockingQueue
2026-08-05 17:54:04,175 INFO org.apache.hadoop.ipc.Server: Starting Socket Reader #1 for port 8030
2026-08-05 17:54:04,186 INFO org.apache.hadoop.yarn.factories.impl.pb.RpcServerFactoryPBImpl: Adding protocol org.apache.hadoop.yarn.api.ApplicationMasterProtocolPB to the server
2026-08-05 17:54:04,191 INFO org.apache.hadoop.ipc.Server: IPC Server Responder: starting
2026-08-05 17:54:04,195 INFO org.apache.hadoop.ipc.Server: IPC Server listener on 8030: starting
2026-08-05 17:54:04,254 INFO org.apache.hadoop.ipc.CallQueueManager: Using callQueue class java.util.concurrent.LinkedBlockingQueue
2026-08-05 17:54:04,256 INFO org.apache.hadoop.ipc.Server: Starting Socket Reader #1 for port 8032
2026-08-05 17:54:04,263 INFO org.apache.hadoop.yarn.factories.impl.pb.RpcServerFactoryPBImpl: Adding protocol org.apache.hadoop.yarn.api.ApplicationClientProtocolPB to the server
2026-08-05 17:54:04,272 INFO org.apache.hadoop.ipc.Server: IPC Server Responder: starting
2026-08-05 17:54:04,278 INFO org.apache.hadoop.ipc.Server: IPC Server listener on 8032: starting
2026-08-05 17:54:04,326 INFO org.apache.hadoop.yarn.server.resourcemanager.ResourceManager: Transitioned to active state
2026-08-05 17:54:04,400 INFO org.mortbay.log: Logging to org.slf4j.impl.Log4jLoggerAdapter(org.mortbay.log) via org.mortbay.log.Slf4jLog
2026-08-05 17:54:04,403 INFO org.apache.hadoop.http.HttpRequestLog: Http request log for http.requests.resourcemanager is not defined
2026-08-05 17:54:04,425 INFO org.apache.hadoop.http.HttpServer2: Added global filter 'safety' (class=org.apache.hadoop.http.HttpServer2$QuotingInputFilter)
2026-08-05 17:54:04,429 INFO org.apache.hadoop.http.HttpServer2: Added filter YARNAuthenticationFilter (class=org.apache.hadoop.yarn.server.security.http.RMAuthenticationFilter) to context cluster
2026-08-05 17:54:04,430 INFO org.apache.hadoop.http.HttpServer2: Added filter YARNAuthenticationFilter (class=org.apache.hadoop.yarn.server.security.http.RMAuthenticationFilter) to context static
2026-08-05 17:54:04,430 INFO org.apache.hadoop.http.HttpServer2: Added filter YARNAuthenticationFilter (class=org.apache.hadoop.yarn.server.security.http.RMAuthenticationFilter) to context logs
2026-08-05 17:54:04,430 INFO org.apache.hadoop.http.HttpServer2: Added filter static_user_filter (class=org.apache.hadoop.http.lib.StaticUserWebFilter$StaticUserFilter) to context cluster
2026-08-05 17:54:04,430 INFO org.apache.hadoop.http.HttpServer2: Added filter static_user_filter (class=org.apache.hadoop.http.lib.StaticUserWebFilter$StaticUserFilter) to context static
2026-08-05 17:54:04,430 INFO org.apache.hadoop.http.HttpServer2: Added filter static_user_filter (class=org.apache.hadoop.http.lib.StaticUserWebFilter$StaticUserFilter) to context logs
2026-08-05 17:54:04,438 INFO org.apache.hadoop.http.HttpServer2: adding path spec: /cluster/*
2026-08-05 17:54:04,438 INFO org.apache.hadoop.http.HttpServer2: adding path spec: /ws/*
2026-08-05 17:54:04,453 INFO org.apache.hadoop.http.HttpServer2: Jetty bound to port 8088
2026-08-05 17:54:04,453 INFO org.mortbay.log: jetty-6.1.26
2026-08-05 17:54:04,494 INFO org.mortbay.log: Extract jar:file:/home/user/bigdata/hadoop-2.5.1/share/hadoop/yarn/hadoop-yarn-common-2.5.1.jar!/webapps/cluster to /tmp/Jetty_0_0_0_0_8088_cluster____u0rgz3/webapp
2026-08-05 17:54:04,751 WARN org.apache.hadoop.security.authentication.server.AuthenticationFilter: 'signature.secret' configuration not set, using a random value as secret
2026-08-05 17:54:04,836 WARN org.apache.hadoop.security.authentication.server.AuthenticationFilter: 'signature.secret' configuration not set, using a random value as secret
2026-08-05 17:54:04,836 WARN org.apache.hadoop.security.authentication.server.AuthenticationFilter: 'signature.secret' configuration not set, using a random value as secret
2026-08-05 17:54:04,839 INFO org.mortbay.log: Started HttpServer2$SelectChannelConnectorWithSafeStartup@0.0.0.0:8088
2026-08-05 17:54:04,839 INFO org.apache.hadoop.yarn.webapp.WebApps: Web app /cluster started at 8088
2026-08-05 17:54:05,310 INFO org.apache.hadoop.yarn.webapp.WebApps: Registered webapp guice modules
2026-08-05 17:54:05,324 INFO org.apache.hadoop.ipc.CallQueueManager: Using callQueue class java.util.concurrent.LinkedBlockingQueue
2026-08-05 17:54:05,325 INFO org.apache.hadoop.ipc.Server: Starting Socket Reader #1 for port 8033
2026-08-05 17:54:05,326 INFO org.apache.hadoop.yarn.factories.impl.pb.RpcServerFactoryPBImpl: Adding protocol org.apache.hadoop.yarn.server.api.ResourceManagerAdministrationProtocolPB to the server
2026-08-05 17:54:05,326 INFO org.apache.hadoop.ipc.Server: IPC Server Responder: starting
2026-08-05 17:54:05,327 INFO org.apache.hadoop.ipc.Server: IPC Server listener on 8033: starting
2026-08-05 17:54:06,738 INFO org.apache.hadoop.yarn.util.RackResolver: Resolved ubuntu to /default-rack
2026-08-05 17:54:06,743 INFO org.apache.hadoop.yarn.server.resourcemanager.ResourceTrackerService: NodeManager from node ubuntu(cmPort: 33729 httpPort: 8042) registered with capability: <memory:8192, vCores:8>, assigned nodeId ubuntu:33729
2026-08-05 17:54:06,745 INFO org.apache.hadoop.yarn.server.resourcemanager.rmnode.RMNodeImpl: ubuntu:33729 Node Transitioned from NEW to RUNNING
2026-08-05 17:54:06,746 INFO org.apache.hadoop.yarn.server.resourcemanager.scheduler.capacity.CapacityScheduler: Added node ubuntu:33729 clusterResource: <memory:8192, vCores:8>
2026-08-05 17:55:02,637 ERROR org.apache.hadoop.yarn.server.resourcemanager.ResourceManager: RECEIVED SIGNAL 15: SIGTERM
2026-08-05 17:55:02,644 INFO org.mortbay.log: Stopped HttpServer2$SelectChannelConnectorWithSafeStartup@0.0.0.0:8088
2026-08-05 17:55:02,645 INFO org.apache.hadoop.ipc.Server: Stopping server on 8032
2026-08-05 17:55:02,649 INFO org.apache.hadoop.ipc.Server: Stopping server on 8033
2026-08-05 17:55:02,650 INFO org.apache.hadoop.ipc.Server: Stopping IPC Server Responder
2026-08-05 17:55:02,652 INFO org.apache.hadoop.ipc.Server: Stopping IPC Server listener on 8032
2026-08-05 17:55:02,653 INFO org.apache.hadoop.ipc.Server: Stopping IPC Server listener on 8033
2026-08-05 17:55:02,653 INFO org.apache.hadoop.ipc.Server: Stopping IPC Server Responder
2026-08-05 17:55:02,653 INFO org.apache.hadoop.yarn.server.resourcemanager.ResourceManager: Transitioning to standby state
2026-08-05 17:55:02,654 INFO org.apache.hadoop.metrics2.impl.MetricsSystemImpl: Stopping ResourceManager metrics system...
2026-08-05 17:55:02,654 INFO org.apache.hadoop.metrics2.impl.MetricsSystemImpl: ResourceManager metrics system stopped.
2026-08-05 17:55:02,655 INFO org.apache.hadoop.metrics2.impl.MetricsSystemImpl: ResourceManager metrics system shutdown complete.
2026-08-05 17:55:02,655 INFO org.apache.hadoop.yarn.event.AsyncDispatcher: AsyncDispatcher is draining to stop, igonring any new events.
2026-08-05 17:55:02,655 WARN org.apache.hadoop.yarn.server.resourcemanager.amlauncher.ApplicationMasterLauncher: org.apache.hadoop.yarn.server.resourcemanager.amlauncher.ApplicationMasterLauncher$LauncherThread interrupted. Returning.
2026-08-05 17:55:02,655 INFO org.apache.hadoop.ipc.Server: Stopping server on 8030
2026-08-05 17:55:02,661 INFO org.apache.hadoop.ipc.Server: Stopping IPC Server listener on 8030
2026-08-05 17:55:02,665 INFO org.apache.hadoop.ipc.Server: Stopping server on 8031
2026-08-05 17:55:02,665 INFO org.apache.hadoop.ipc.Server: Stopping IPC Server Responder
2026-08-05 17:55:02,669 INFO org.apache.hadoop.ipc.Server: Stopping IPC Server listener on 8031
2026-08-05 17:55:02,672 INFO org.apache.hadoop.ipc.Server: Stopping IPC Server Responder
2026-08-05 17:55:02,672 INFO org.apache.hadoop.yarn.util.AbstractLivelinessMonitor: NMLivelinessMonitor thread interrupted
2026-08-05 17:55:02,673 ERROR org.apache.hadoop.yarn.server.resourcemanager.ResourceManager: Returning, interrupted : java.lang.InterruptedException
2026-08-05 17:55:02,674 INFO org.apache.hadoop.yarn.event.AsyncDispatcher: AsyncDispatcher is draining to stop, igonring any new events.
2026-08-05 17:55:02,674 INFO org.apache.hadoop.yarn.event.AsyncDispatcher: AsyncDispatcher is draining to stop, igonring any new events.
2026-08-05 17:55:02,674 INFO org.apache.hadoop.yarn.event.AsyncDispatcher: AsyncDispatcher is draining to stop, igonring any new events.
2026-08-05 17:55:02,675 INFO org.apache.hadoop.yarn.event.AsyncDispatcher: AsyncDispatcher is draining to stop, igonring any new events.
2026-08-05 17:55:02,676 INFO org.apache.hadoop.yarn.event.AsyncDispatcher: AsyncDispatcher is draining to stop, igonring any new events.
2026-08-05 17:55:02,676 INFO org.apache.hadoop.yarn.event.AsyncDispatcher: AsyncDispatcher is draining to stop, igonring any new events.
2026-08-05 17:55:02,677 INFO org.apache.hadoop.yarn.event.AsyncDispatcher: AsyncDispatcher is draining to stop, igonring any new events.
2026-08-05 17:55:02,677 INFO org.apache.hadoop.yarn.event.AsyncDispatcher: AsyncDispatcher is draining to stop, igonring any new events.
2026-08-05 17:55:02,678 INFO org.apache.hadoop.yarn.event.AsyncDispatcher: AsyncDispatcher is draining to stop, igonring any new events.
2026-08-05 17:55:02,679 INFO org.apache.hadoop.yarn.event.AsyncDispatcher: AsyncDispatcher is draining to stop, igonring any new events.
2026-08-05 17:55:02,680 INFO org.apache.hadoop.yarn.util.AbstractLivelinessMonitor: org.apache.hadoop.yarn.server.resourcemanager.rmcontainer.ContainerAllocationExpirer thread interrupted
2026-08-05 17:55:02,680 ERROR org.apache.hadoop.security.token.delegation.AbstractDelegationTokenSecretManager: ExpiredTokenRemover received java.lang.InterruptedException: sleep interrupted
2026-08-05 17:55:02,680 INFO org.apache.hadoop.yarn.util.AbstractLivelinessMonitor: AMLivelinessMonitor thread interrupted
2026-08-05 17:55:02,681 INFO org.apache.hadoop.yarn.server.resourcemanager.ResourceManager: Transitioned to standby state
2026-08-05 17:55:02,681 INFO org.apache.hadoop.yarn.server.resourcemanager.ResourceManager: SHUTDOWN_MSG: 
/************************************************************
SHUTDOWN_MSG: Shutting down ResourceManager at ubuntu/127.0.1.1
************************************************************/
2026-08-05 17:55:02,681 INFO org.apache.hadoop.yarn.util.AbstractLivelinessMonitor: AMLivelinessMonitor thread interrupted
2026-08-05 17:55:55,400 INFO org.apache.hadoop.yarn.server.resourcemanager.ResourceManager: STARTUP_MSG: 
/************************************************************
STARTUP_MSG: Starting ResourceManager
STARTUP_MSG:   host = ubuntu/127.0.1.1
STARTUP_MSG:   args = []
STARTUP_MSG:   version = 2.5.1
STARTUP_MSG:   classpath = /home/user/bigdata/hadoop-2.5.1/etc/hadoop:/home/user/bigdata/hadoop-2.5.1/etc/hadoop:/home/user/bigdata/hadoop-2.5.1/etc/hadoop:/home/user/bigdata/hadoop-2.5.1/share/hadoop/common/lib/jetty-util-6.1.26.jar:/home/user/bigdata/hadoop-2.5.1/share/hadoop/common/lib/apacheds-kerberos-codec-2.0.0-M15.jar:/home/user/bigdata/hadoop-2.5.1/share/hadoop/common/lib/commons-collections-3.2.1.jar:/home/user/bigdata/hadoop-2.5.1/share/hadoop/common/lib/jackson-core-asl-1.9.13.jar:/home/user/bigdata/hadoop-2.5.1/share/hadoop/common/lib/slf4j-log4j12-1.7.5.jar:/home/user/bigdata/hadoop-2.5.1/share/hadoop/common/lib/zookeeper-3.4.6.jar:/home/user/bigdata/hadoop-2.5.1/share/hadoop/common/lib/hadoop-auth-2.5.1.jar:/home/user/bigdata/hadoop-2.5.1/share/hadoop/common/lib/junit-4.11.jar:/home/user/bigdata/hadoop-2.5.1/share/hadoop/common/lib/api-util-1.0.0-M20.jar:/home/user/bigdata/hadoop-2.5.1/share/hadoop/common/lib/api-asn1-api-1.0.0-M20.jar:/home/user/bigdata/hadoop-2.5.1/share/hadoop/common/lib/jersey-core-1.9.jar:/home/user/bigdata/hadoop-2.5.1/share/hadoop/common/lib/commons-math3-3.1.1.jar:/home/user/bigdata/hadoop-2.5.1/share/hadoop/common/lib/jaxb-api-2.2.2.jar:/home/user/bigdata/hadoop-2.5.1/share/hadoop/common/lib/jackson-xc-1.9.13.jar:/home/user/bigdata/hadoop-2.5.1/share/hadoop/common/lib/commons-configuration-1.6.jar:/home/user/bigdata/hadoop-2.5.1/share/hadoop/common/lib/stax-api-1.0-2.jar:/home/user/bigdata/hadoop-2.5.1/share/hadoop/common/lib/jsr305-1.3.9.jar:/home/user/bigdata/hadoop-2.5.1/share/hadoop/common/lib/jackson-jaxrs-1.9.13.jar:/home/user/bigdata/hadoop-2.5.1/share/hadoop/common/lib/log4j-1.2.17.jar:/home/user/bigdata/hadoop-2.5.1/share/hadoop/common/lib/jersey-server-1.9.jar:/home/user/bigdata/hadoop-2.5.1/share/hadoop/common/lib/java-xmlbuilder-0.4.jar:/home/user/bigdata/hadoop-2.5.1/share/hadoop/common/lib/avro-1.7.4.jar:/home/user/bigdata/hadoop-2.5.1/share/hadoop/common/lib/commons-logging-1.1.3.jar:/home/user/bigdata/hadoop-2.5.1/share/hadoop/common/lib/slf4j-api-1.7.5.jar:/home/user/bigdata/hadoop-2.5.1/share/hadoop/common/lib/httpcore-4.2.5.jar:/home/user/bigdata/hadoop-2.5.1/share/hadoop/common/lib/jaxb-impl-2.2.3-1.jar:/home/user/bigdata/hadoop-2.5.1/share/hadoop/common/lib/httpclient-4.2.5.jar:/home/user/bigdata/hadoop-2.5.1/share/hadoop/common/lib/jersey-json-1.9.jar:/home/user/bigdata/hadoop-2.5.1/share/hadoop/common/lib/commons-lang-2.6.jar:/home/user/bigdata/hadoop-2.5.1/share/hadoop/common/lib/commons-httpclient-3.1.jar:/home/user/bigdata/hadoop-2.5.1/share/hadoop/common/lib/jettison-1.1.jar:/home/user/bigdata/hadoop-2.5.1/share/hadoop/common/lib/netty-3.6.2.Final.jar:/home/user/bigdata/hadoop-2.5.1/share/hadoop/common/lib/commons-digester-1.8.jar:/home/user/bigdata/hadoop-2.5.1/share/hadoop/common/lib/apacheds-i18n-2.0.0-M15.jar:/home/user/bigdata/hadoop-2.5.1/share/hadoop/common/lib/commons-compress-1.4.1.jar:/home/user/bigdata/hadoop-2.5.1/share/hadoop/common/lib/commons-net-3.1.jar:/home/user/bigdata/hadoop-2.5.1/share/hadoop/common/lib/jsp-api-2.1.jar:/home/user/bigdata/hadoop-2.5.1/share/hadoop/common/lib/snappy-java-1.0.4.1.jar:/home/user/bigdata/hadoop-2.5.1/share/hadoop/common/lib/commons-el-1.0.jar:/home/user/bigdata/hadoop-2.5.1/share/hadoop/common/lib/hamcrest-core-1.3.jar:/home/user/bigdata/hadoop-2.5.1/share/hadoop/common/lib/xz-1.0.jar:/home/user/bigdata/hadoop-2.5.1/share/hadoop/common/lib/paranamer-2.3.jar:/home/user/bigdata/hadoop-2.5.1/share/hadoop/common/lib/commons-beanutils-core-1.8.0.jar:/home/user/bigdata/hadoop-2.5.1/share/hadoop/common/lib/commons-io-2.4.jar:/home/user/bigdata/hadoop-2.5.1/share/hadoop/common/lib/xmlenc-0.52.jar:/home/user/bigdata/hadoop-2.5.1/share/hadoop/common/lib/jasper-compiler-5.5.23.jar:/home/user/bigdata/hadoop-2.5.1/share/hadoop/common/lib/mockito-all-1.8.5.jar:/home/user/bigdata/hadoop-2.5.1/share/hadoop/common/lib/guava-11.0.2.jar:/home/user/bigdata/hadoop-2.5.1/share/hadoop/common/lib/jasper-runtime-5.5.23.jar:/home/user/bigdata/hadoop-2.5.1/share/hadoop/common/lib/commons-beanutils-1.7.0.jar:/home/user/bigdata/hadoop-2.5.1/share/hadoop/common/lib/servlet-api-2.5.jar:/home/user/bigdata/hadoop-2.5.1/share/hadoop/common/lib/jets3t-0.9.0.jar:/home/user/bigdata/hadoop-2.5.1/share/hadoop/common/lib/hadoop-annotations-2.5.1.jar:/home/user/bigdata/hadoop-2.5.1/share/hadoop/common/lib/protobuf-java-2.5.0.jar:/home/user/bigdata/hadoop-2.5.1/share/hadoop/common/lib/commons-codec-1.4.jar:/home/user/bigdata/hadoop-2.5.1/share/hadoop/common/lib/activation-1.1.jar:/home/user/bigdata/hadoop-2.5.1/share/hadoop/common/lib/jackson-mapper-asl-1.9.13.jar:/home/user/bigdata/hadoop-2.5.1/share/hadoop/common/lib/commons-cli-1.2.jar:/home/user/bigdata/hadoop-2.5.1/share/hadoop/common/lib/jsch-0.1.42.jar:/home/user/bigdata/hadoop-2.5.1/share/hadoop/common/lib/jetty-6.1.26.jar:/home/user/bigdata/hadoop-2.5.1/share/hadoop/common/lib/asm-3.2.jar:/home/user/bigdata/hadoop-2.5.1/share/hadoop/common/hadoop-nfs-2.5.1.jar:/home/user/bigdata/hadoop-2.5.1/share/hadoop/common/hadoop-common-2.5.1.jar:/home/user/bigdata/hadoop-2.5.1/share/hadoop/common/hadoop-common-2.5.1-tests.jar:/home/user/bigdata/hadoop-2.5.1/share/hadoop/hdfs:/home/user/bigdata/hadoop-2.5.1/share/hadoop/hdfs/lib/jetty-util-6.1.26.jar:/home/user/bigdata/hadoop-2.5.1/share/hadoop/hdfs/lib/jackson-core-asl-1.9.13.jar:/home/user/bigdata/hadoop-2.5.1/share/hadoop/hdfs/lib/jersey-core-1.9.jar:/home/user/bigdata/hadoop-2.5.1/share/hadoop/hdfs/lib/jsr305-1.3.9.jar:/home/user/bigdata/hadoop-2.5.1/share/hadoop/hdfs/lib/log4j-1.2.17.jar:/home/user/bigdata/hadoop-2.5.1/share/hadoop/hdfs/lib/jersey-server-1.9.jar:/home/user/bigdata/hadoop-2.5.1/share/hadoop/hdfs/lib/commons-logging-1.1.3.jar:/home/user/bigdata/hadoop-2.5.1/share/hadoop/hdfs/lib/commons-lang-2.6.jar:/home/user/bigdata/hadoop-2.5.1/share/hadoop/hdfs/lib/netty-3.6.2.Final.jar:/home/user/bigdata/hadoop-2.5.1/share/hadoop/hdfs/lib/jsp-api-2.1.jar:/home/user/bigdata/hadoop-2.5.1/share/hadoop/hdfs/lib/commons-el-1.0.jar:/home/user/bigdata/hadoop-2.5.1/share/hadoop/hdfs/lib/commons-io-2.4.jar:/home/user/bigdata/hadoop-2.5.1/share/hadoop/hdfs/lib/xmlenc-0.52.jar:/home/user/bigdata/hadoop-2.5.1/share/hadoop/hdfs/lib/guava-11.0.2.jar:/home/user/bigdata/hadoop-2.5.1/share/hadoop/hdfs/lib/jasper-runtime-5.5.23.jar:/home/user/bigdata/hadoop-2.5.1/share/hadoop/hdfs/lib/servlet-api-2.5.jar:/home/user/bigdata/hadoop-2.5.1/share/hadoop/hdfs/lib/protobuf-java-2.5.0.jar:/home/user/bigdata/hadoop-2.5.1/share/hadoop/hdfs/lib/commons-codec-1.4.jar:/home/user/bigdata/hadoop-2.5.1/share/hadoop/hdfs/lib/jackson-mapper-asl-1.9.13.jar:/home/user/bigdata/hadoop-2.5.1/share/hadoop/hdfs/lib/commons-cli-1.2.jar:/home/user/bigdata/hadoop-2.5.1/share/hadoop/hdfs/lib/jetty-6.1.26.jar:/home/user/bigdata/hadoop-2.5.1/share/hadoop/hdfs/lib/commons-daemon-1.0.13.jar:/home/user/bigdata/hadoop-2.5.1/share/hadoop/hdfs/lib/asm-3.2.jar:/home/user/bigdata/hadoop-2.5.1/share/hadoop/hdfs/hadoop-hdfs-2.5.1-tests.jar:/home/user/bigdata/hadoop-2.5.1/share/hadoop/hdfs/hadoop-hdfs-2.5.1.jar:/home/user/bigdata/hadoop-2.5.1/share/hadoop/hdfs/hadoop-hdfs-nfs-2.5.1.jar:/home/user/bigdata/hadoop-2.5.1/share/hadoop/yarn/lib/jetty-util-6.1.26.jar:/home/user/bigdata/hadoop-2.5.1/share/hadoop/yarn/lib/guice-servlet-3.0.jar:/home/user/bigdata/hadoop-2.5.1/share/hadoop/yarn/lib/commons-collections-3.2.1.jar:/home/user/bigdata/hadoop-2.5.1/share/hadoop/yarn/lib/jackson-core-asl-1.9.13.jar:/home/user/bigdata/hadoop-2.5.1/share/hadoop/yarn/lib/zookeeper-3.4.6.jar:/home/user/bigdata/hadoop-2.5.1/share/hadoop/yarn/lib/jersey-client-1.9.jar:/home/user/bigdata/hadoop-2.5.1/share/hadoop/yarn/lib/jersey-core-1.9.jar:/home/user/bigdata/hadoop-2.5.1/share/hadoop/yarn/lib/jaxb-api-2.2.2.jar:/home/user/bigdata/hadoop-2.5.1/share/hadoop/yarn/lib/aopalliance-1.0.jar:/home/user/bigdata/hadoop-2.5.1/share/hadoop/yarn/lib/jackson-xc-1.9.13.jar:/home/user/bigdata/hadoop-2.5.1/share/hadoop/yarn/lib/jersey-guice-1.9.jar:/home/user/bigdata/hadoop-2.5.1/share/hadoop/yarn/lib/stax-api-1.0-2.jar:/home/user/bigdata/hadoop-2.5.1/share/hadoop/yarn/lib/jsr305-1.3.9.jar:/home/user/bigdata/hadoop-2.5.1/share/hadoop/yarn/lib/jackson-jaxrs-1.9.13.jar:/home/user/bigdata/hadoop-2.5.1/share/hadoop/yarn/lib/log4j-1.2.17.jar:/home/user/bigdata/hadoop-2.5.1/share/hadoop/yarn/lib/jline-0.9.94.jar:/home/user/bigdata/hadoop-2.5.1/share/hadoop/yarn/lib/jersey-server-1.9.jar:/home/user/bigdata/hadoop-2.5.1/share/hadoop/yarn/lib/commons-logging-1.1.3.jar:/home/user/bigdata/hadoop-2.5.1/share/hadoop/yarn/lib/jaxb-impl-2.2.3-1.jar:/home/user/bigdata/hadoop-2.5.1/share/hadoop/yarn/lib/javax.inject-1.jar:/home/user/bigdata/hadoop-2.5.1/share/hadoop/yarn/lib/jersey-json-1.9.jar:/home/user/bigdata/hadoop-2.5.1/share/hadoop/yarn/lib/commons-lang-2.6.jar:/home/user/bigdata/hadoop-2.5.1/share/hadoop/yarn/lib/commons-httpclient-3.1.jar:/home/user/bigdata/hadoop-2.5.1/share/hadoop/yarn/lib/jettison-1.1.jar:/home/user/bigdata/hadoop-2.5.1/share/hadoop/yarn/lib/netty-3.6.2.Final.jar:/home/user/bigdata/hadoop-2.5.1/share/hadoop/yarn/lib/commons-compress-1.4.1.jar:/home/user/bigdata/hadoop-2.5.1/share/hadoop/yarn/lib/xz-1.0.jar:/home/user/bigdata/hadoop-2.5.1/share/hadoop/yarn/lib/commons-io-2.4.jar:/home/user/bigdata/hadoop-2.5.1/share/hadoop/yarn/lib/leveldbjni-all-1.8.jar:/home/user/bigdata/hadoop-2.5.1/share/hadoop/yarn/lib/guava-11.0.2.jar:/home/user/bigdata/hadoop-2.5.1/share/hadoop/yarn/lib/servlet-api-2.5.jar:/home/user/bigdata/hadoop-2.5.1/share/hadoop/yarn/lib/protobuf-java-2.5.0.jar:/home/user/bigdata/hadoop-2.5.1/share/hadoop/yarn/lib/commons-codec-1.4.jar:/home/user/bigdata/hadoop-2.5.1/share/hadoop/yarn/lib/activation-1.1.jar:/home/user/bigdata/hadoop-2.5.1/share/hadoop/yarn/lib/jackson-mapper-asl-1.9.13.jar:/home/user/bigdata/hadoop-2.5.1/share/hadoop/yarn/lib/guice-3.0.jar:/home/user/bigdata/hadoop-2.5.1/share/hadoop/yarn/lib/commons-cli-1.2.jar:/home/user/bigdata/hadoop-2.5.1/share/hadoop/yarn/lib/jetty-6.1.26.jar:/home/user/bigdata/hadoop-2.5.1/share/hadoop/yarn/lib/asm-3.2.jar:/home/user/bigdata/hadoop-2.5.1/share/hadoop/yarn/hadoop-yarn-server-web-proxy-2.5.1.jar:/home/user/bigdata/hadoop-2.5.1/share/hadoop/yarn/hadoop-yarn-applications-unmanaged-am-launcher-2.5.1.jar:/home/user/bigdata/hadoop-2.5.1/share/hadoop/yarn/hadoop-yarn-applications-distributedshell-2.5.1.jar:/home/user/bigdata/hadoop-2.5.1/share/hadoop/yarn/hadoop-yarn-server-nodemanager-2.5.1.jar:/home/user/bigdata/hadoop-2.5.1/share/hadoop/yarn/hadoop-yarn-server-tests-2.5.1.jar:/home/user/bigdata/hadoop-2.5.1/share/hadoop/yarn/hadoop-yarn-server-common-2.5.1.jar:/home/user/bigdata/hadoop-2.5.1/share/hadoop/yarn/hadoop-yarn-common-2.5.1.jar:/home/user/bigdata/hadoop-2.5.1/share/hadoop/yarn/hadoop-yarn-server-resourcemanager-2.5.1.jar:/home/user/bigdata/hadoop-2.5.1/share/hadoop/yarn/hadoop-yarn-client-2.5.1.jar:/home/user/bigdata/hadoop-2.5.1/share/hadoop/yarn/hadoop-yarn-server-applicationhistoryservice-2.5.1.jar:/home/user/bigdata/hadoop-2.5.1/share/hadoop/yarn/hadoop-yarn-api-2.5.1.jar:/home/user/bigdata/hadoop-2.5.1/share/hadoop/mapreduce/lib/guice-servlet-3.0.jar:/home/user/bigdata/hadoop-2.5.1/share/hadoop/mapreduce/lib/jackson-core-asl-1.9.13.jar:/home/user/bigdata/hadoop-2.5.1/share/hadoop/mapreduce/lib/junit-4.11.jar:/home/user/bigdata/hadoop-2.5.1/share/hadoop/mapreduce/lib/jersey-core-1.9.jar:/home/user/bigdata/hadoop-2.5.1/share/hadoop/mapreduce/lib/aopalliance-1.0.jar:/home/user/bigdata/hadoop-2.5.1/share/hadoop/mapreduce/lib/jersey-guice-1.9.jar:/home/user/bigdata/hadoop-2.5.1/share/hadoop/mapreduce/lib/log4j-1.2.17.jar:/home/user/bigdata/hadoop-2.5.1/share/hadoop/mapreduce/lib/jersey-server-1.9.jar:/home/user/bigdata/hadoop-2.5.1/share/hadoop/mapreduce/lib/avro-1.7.4.jar:/home/user/bigdata/hadoop-2.5.1/share/hadoop/mapreduce/lib/javax.inject-1.jar:/home/user/bigdata/hadoop-2.5.1/share/hadoop/mapreduce/lib/netty-3.6.2.Final.jar:/home/user/bigdata/hadoop-2.5.1/share/hadoop/mapreduce/lib/commons-compress-1.4.1.jar:/home/user/bigdata/hadoop-2.5.1/share/hadoop/mapreduce/lib/snappy-java-1.0.4.1.jar:/home/user/bigdata/hadoop-2.5.1/share/hadoop/mapreduce/lib/hamcrest-core-1.3.jar:/home/user/bigdata/hadoop-2.5.1/share/hadoop/mapreduce/lib/xz-1.0.jar:/home/user/bigdata/hadoop-2.5.1/share/hadoop/mapreduce/lib/paranamer-2.3.jar:/home/user/bigdata/hadoop-2.5.1/share/hadoop/mapreduce/lib/commons-io-2.4.jar:/home/user/bigdata/hadoop-2.5.1/share/hadoop/mapreduce/lib/leveldbjni-all-1.8.jar:/home/user/bigdata/hadoop-2.5.1/share/hadoop/mapreduce/lib/hadoop-annotations-2.5.1.jar:/home/user/bigdata/hadoop-2.5.1/share/hadoop/mapreduce/lib/protobuf-java-2.5.0.jar:/home/user/bigdata/hadoop-2.5.1/share/hadoop/mapreduce/lib/jackson-mapper-asl-1.9.13.jar:/home/user/bigdata/hadoop-2.5.1/share/hadoop/mapreduce/lib/guice-3.0.jar:/home/user/bigdata/hadoop-2.5.1/share/hadoop/mapreduce/lib/asm-3.2.jar:/home/user/bigdata/hadoop-2.5.1/share/hadoop/mapreduce/hadoop-mapreduce-client-common-2.5.1.jar:/home/user/bigdata/hadoop-2.5.1/share/hadoop/mapreduce/hadoop-mapreduce-client-hs-2.5.1.jar:/home/user/bigdata/hadoop-2.5.1/share/hadoop/mapreduce/hadoop-mapreduce-client-shuffle-2.5.1.jar:/home/user/bigdata/hadoop-2.5.1/share/hadoop/mapreduce/hadoop-mapreduce-client-core-2.5.1.jar:/home/user/bigdata/hadoop-2.5.1/share/hadoop/mapreduce/hadoop-mapreduce-client-jobclient-2.5.1.jar:/home/user/bigdata/hadoop-2.5.1/share/hadoop/mapreduce/hadoop-mapreduce-client-hs-plugins-2.5.1.jar:/home/user/bigdata/hadoop-2.5.1/share/hadoop/mapreduce/hadoop-mapreduce-client-jobclient-2.5.1-tests.jar:/home/user/bigdata/hadoop-2.5.1/share/hadoop/mapreduce/hadoop-mapreduce-examples-2.5.1.jar:/home/user/bigdata/hadoop-2.5.1/share/hadoop/mapreduce/hadoop-mapreduce-client-app-2.5.1.jar:/usr/lib/jvm/java-8-openjdk-amd64//lib/tools.jar:/home/user/bigdata/hadoop-2.5.1//contrib/capacity-scheduler/*.jar:/home/user/bigdata/hadoop-2.5.1//contrib/capacity-scheduler/*.jar:/home/user/bigdata/hadoop-2.5.1//contrib/capacity-scheduler/*.jar:/home/user/bigdata/hadoop-2.5.1/share/hadoop/yarn/hadoop-yarn-server-web-proxy-2.5.1.jar:/home/user/bigdata/hadoop-2.5.1/share/hadoop/yarn/hadoop-yarn-applications-unmanaged-am-launcher-2.5.1.jar:/home/user/bigdata/hadoop-2.5.1/share/hadoop/yarn/hadoop-yarn-applications-distributedshell-2.5.1.jar:/home/user/bigdata/hadoop-2.5.1/share/hadoop/yarn/hadoop-yarn-server-nodemanager-2.5.1.jar:/home/user/bigdata/hadoop-2.5.1/share/hadoop/yarn/hadoop-yarn-server-tests-2.5.1.jar:/home/user/bigdata/hadoop-2.5.1/share/hadoop/yarn/hadoop-yarn-server-common-2.5.1.jar:/home/user/bigdata/hadoop-2.5.1/share/hadoop/yarn/hadoop-yarn-common-2.5.1.jar:/home/user/bigdata/hadoop-2.5.1/share/hadoop/yarn/hadoop-yarn-server-resourcemanager-2.5.1.jar:/home/user/bigdata/hadoop-2.5.1/share/hadoop/yarn/hadoop-yarn-client-2.5.1.jar:/home/user/bigdata/hadoop-2.5.1/share/hadoop/yarn/hadoop-yarn-server-applicationhistoryservice-2.5.1.jar:/home/user/bigdata/hadoop-2.5.1/share/hadoop/yarn/hadoop-yarn-api-2.5.1.jar:/home/user/bigdata/hadoop-2.5.1/share/hadoop/yarn/lib/jetty-util-6.1.26.jar:/home/user/bigdata/hadoop-2.5.1/share/hadoop/yarn/lib/guice-servlet-3.0.jar:/home/user/bigdata/hadoop-2.5.1/share/hadoop/yarn/lib/commons-collections-3.2.1.jar:/home/user/bigdata/hadoop-2.5.1/share/hadoop/yarn/lib/jackson-core-asl-1.9.13.jar:/home/user/bigdata/hadoop-2.5.1/share/hadoop/yarn/lib/zookeeper-3.4.6.jar:/home/user/bigdata/hadoop-2.5.1/share/hadoop/yarn/lib/jersey-client-1.9.jar:/home/user/bigdata/hadoop-2.5.1/share/hadoop/yarn/lib/jersey-core-1.9.jar:/home/user/bigdata/hadoop-2.5.1/share/hadoop/yarn/lib/jaxb-api-2.2.2.jar:/home/user/bigdata/hadoop-2.5.1/share/hadoop/yarn/lib/aopalliance-1.0.jar:/home/user/bigdata/hadoop-2.5.1/share/hadoop/yarn/lib/jackson-xc-1.9.13.jar:/home/user/bigdata/hadoop-2.5.1/share/hadoop/yarn/lib/jersey-guice-1.9.jar:/home/user/bigdata/hadoop-2.5.1/share/hadoop/yarn/lib/stax-api-1.0-2.jar:/home/user/bigdata/hadoop-2.5.1/share/hadoop/yarn/lib/jsr305-1.3.9.jar:/home/user/bigdata/hadoop-2.5.1/share/hadoop/yarn/lib/jackson-jaxrs-1.9.13.jar:/home/user/bigdata/hadoop-2.5.1/share/hadoop/yarn/lib/log4j-1.2.17.jar:/home/user/bigdata/hadoop-2.5.1/share/hadoop/yarn/lib/jline-0.9.94.jar:/home/user/bigdata/hadoop-2.5.1/share/hadoop/yarn/lib/jersey-server-1.9.jar:/home/user/bigdata/hadoop-2.5.1/share/hadoop/yarn/lib/commons-logging-1.1.3.jar:/home/user/bigdata/hadoop-2.5.1/share/hadoop/yarn/lib/jaxb-impl-2.2.3-1.jar:/home/user/bigdata/hadoop-2.5.1/share/hadoop/yarn/lib/javax.inject-1.jar:/home/user/bigdata/hadoop-2.5.1/share/hadoop/yarn/lib/jersey-json-1.9.jar:/home/user/bigdata/hadoop-2.5.1/share/hadoop/yarn/lib/commons-lang-2.6.jar:/home/user/bigdata/hadoop-2.5.1/share/hadoop/yarn/lib/commons-httpclient-3.1.jar:/home/user/bigdata/hadoop-2.5.1/share/hadoop/yarn/lib/jettison-1.1.jar:/home/user/bigdata/hadoop-2.5.1/share/hadoop/yarn/lib/netty-3.6.2.Final.jar:/home/user/bigdata/hadoop-2.5.1/share/hadoop/yarn/lib/commons-compress-1.4.1.jar:/home/user/bigdata/hadoop-2.5.1/share/hadoop/yarn/lib/xz-1.0.jar:/home/user/bigdata/hadoop-2.5.1/share/hadoop/yarn/lib/commons-io-2.4.jar:/home/user/bigdata/hadoop-2.5.1/share/hadoop/yarn/lib/leveldbjni-all-1.8.jar:/home/user/bigdata/hadoop-2.5.1/share/hadoop/yarn/lib/guava-11.0.2.jar:/home/user/bigdata/hadoop-2.5.1/share/hadoop/yarn/lib/servlet-api-2.5.jar:/home/user/bigdata/hadoop-2.5.1/share/hadoop/yarn/lib/protobuf-java-2.5.0.jar:/home/user/bigdata/hadoop-2.5.1/share/hadoop/yarn/lib/commons-codec-1.4.jar:/home/user/bigdata/hadoop-2.5.1/share/hadoop/yarn/lib/activation-1.1.jar:/home/user/bigdata/hadoop-2.5.1/share/hadoop/yarn/lib/jackson-mapper-asl-1.9.13.jar:/home/user/bigdata/hadoop-2.5.1/share/hadoop/yarn/lib/guice-3.0.jar:/home/user/bigdata/hadoop-2.5.1/share/hadoop/yarn/lib/commons-cli-1.2.jar:/home/user/bigdata/hadoop-2.5.1/share/hadoop/yarn/lib/jetty-6.1.26.jar:/home/user/bigdata/hadoop-2.5.1/share/hadoop/yarn/lib/asm-3.2.jar:/home/user/bigdata/hadoop-2.5.1/etc/hadoop/rm-config/log4j.properties
STARTUP_MSG:   build = https://git-wip-us.apache.org/repos/asf/hadoop.git -r 2e18d179e4a8065b6a9f29cf2de9451891265cce; compiled by 'jenkins' on 2014-09-05T23:11Z
STARTUP_MSG:   java = 1.8.0_362
************************************************************/
2026-08-05 17:55:55,406 INFO org.apache.hadoop.yarn.server.resourcemanager.ResourceManager: registered UNIX signal handlers for [TERM, HUP, INT]
2026-08-05 17:55:55,558 INFO org.apache.hadoop.conf.Configuration: found resource core-site.xml at file:/home/user/bigdata/hadoop-2.5.1/etc/hadoop/core-site.xml
2026-08-05 17:55:55,609 INFO org.apache.hadoop.security.Groups: clearing userToGroupsMap cache
2026-08-05 17:55:55,615 INFO org.apache.hadoop.conf.Configuration: found resource yarn-site.xml at file:/home/user/bigdata/hadoop-2.5.1/etc/hadoop/yarn-site.xml
2026-08-05 17:55:55,651 INFO org.apache.hadoop.yarn.event.AsyncDispatcher: Registering class org.apache.hadoop.yarn.server.resourcemanager.RMFatalEventType for class org.apache.hadoop.yarn.server.resourcemanager.ResourceManager$RMFatalEventDispatcher
2026-08-05 17:55:55,708 INFO org.apache.hadoop.yarn.server.resourcemanager.security.NMTokenSecretManagerInRM: NMTokenKeyRollingInterval: 86400000ms and NMTokenKeyActivationDelay: 900000ms
2026-08-05 17:55:55,714 INFO org.apache.hadoop.yarn.server.resourcemanager.security.RMContainerTokenSecretManager: ContainerTokenKeyRollingInterval: 86400000ms and ContainerTokenKeyActivationDelay: 900000ms
2026-08-05 17:55:55,715 INFO org.apache.hadoop.yarn.server.resourcemanager.security.AMRMTokenSecretManager: Rolling master-key for amrm-tokens
2026-08-05 17:55:55,734 INFO org.apache.hadoop.yarn.event.AsyncDispatcher: Registering class org.apache.hadoop.yarn.server.resourcemanager.recovery.RMStateStoreEventType for class org.apache.hadoop.yarn.server.resourcemanager.recovery.RMStateStore$ForwardingEventHandler
2026-08-05 17:55:55,822 INFO org.apache.hadoop.yarn.event.AsyncDispatcher: Registering class org.apache.hadoop.yarn.server.resourcemanager.NodesListManagerEventType for class org.apache.hadoop.yarn.server.resourcemanager.NodesListManager
2026-08-05 17:55:55,823 INFO org.apache.hadoop.yarn.server.resourcemanager.ResourceManager: Using Scheduler: org.apache.hadoop.yarn.server.resourcemanager.scheduler.capacity.CapacityScheduler
2026-08-05 17:55:55,844 INFO org.apache.hadoop.yarn.event.AsyncDispatcher: Registering class org.apache.hadoop.yarn.server.resourcemanager.scheduler.event.SchedulerEventType for class org.apache.hadoop.yarn.server.resourcemanager.ResourceManager$SchedulerEventDispatcher
2026-08-05 17:55:55,845 INFO org.apache.hadoop.yarn.event.AsyncDispatcher: Registering class org.apache.hadoop.yarn.server.resourcemanager.rmapp.RMAppEventType for class org.apache.hadoop.yarn.server.resourcemanager.ResourceManager$ApplicationEventDispatcher
2026-08-05 17:55:55,845 INFO org.apache.hadoop.yarn.event.AsyncDispatcher: Registering class org.apache.hadoop.yarn.server.resourcemanager.rmapp.attempt.RMAppAttemptEventType for class org.apache.hadoop.yarn.server.resourcemanager.ResourceManager$ApplicationAttemptEventDispatcher
2026-08-05 17:55:55,846 INFO org.apache.hadoop.yarn.event.AsyncDispatcher: Registering class org.apache.hadoop.yarn.server.resourcemanager.rmnode.RMNodeEventType for class org.apache.hadoop.yarn.server.resourcemanager.ResourceManager$NodeEventDispatcher
2026-08-05 17:55:55,888 INFO org.apache.hadoop.metrics2.impl.MetricsConfig: loaded properties from hadoop-metrics2.properties
2026-08-05 17:55:55,952 INFO org.apache.hadoop.metrics2.impl.MetricsSystemImpl: Scheduled snapshot period at 10 second(s).
2026-08-05 17:55:55,952 INFO org.apache.hadoop.metrics2.impl.MetricsSystemImpl: ResourceManager metrics system started
2026-08-05 17:55:55,984 INFO org.apache.hadoop.yarn.event.AsyncDispatcher: Registering class org.apache.hadoop.yarn.server.resourcemanager.RMAppManagerEventType for class org.apache.hadoop.yarn.server.resourcemanager.RMAppManager
2026-08-05 17:55:55,990 INFO org.apache.hadoop.yarn.event.AsyncDispatcher: Registering class org.apache.hadoop.yarn.server.resourcemanager.amlauncher.AMLauncherEventType for class org.apache.hadoop.yarn.server.resourcemanager.amlauncher.ApplicationMasterLauncher
2026-08-05 17:55:55,991 INFO org.apache.hadoop.yarn.server.resourcemanager.RMNMInfo: Registered RMNMInfo MBean
2026-08-05 17:55:55,992 INFO org.apache.hadoop.yarn.event.AsyncDispatcher: Registering class org.apache.hadoop.yarn.server.resourcemanager.ahs.WritingHistoryEventType for class org.apache.hadoop.yarn.server.resourcemanager.ahs.RMApplicationHistoryWriter$ForwardingEventHandler
2026-08-05 17:55:55,992 INFO org.apache.hadoop.yarn.event.AsyncDispatcher: Registering class org.apache.hadoop.yarn.server.resourcemanager.ahs.WritingHistoryEventType for class org.apache.hadoop.yarn.server.resourcemanager.ahs.RMApplicationHistoryWriter$ForwardingEventHandler
2026-08-05 17:55:55,992 INFO org.apache.hadoop.yarn.event.AsyncDispatcher: Registering class org.apache.hadoop.yarn.server.resourcemanager.ahs.WritingHistoryEventType for class org.apache.hadoop.yarn.server.resourcemanager.ahs.RMApplicationHistoryWriter$ForwardingEventHandler
2026-08-05 17:55:55,992 INFO org.apache.hadoop.yarn.event.AsyncDispatcher: Registering class org.apache.hadoop.yarn.server.resourcemanager.ahs.WritingHistoryEventType for class org.apache.hadoop.yarn.server.resourcemanager.ahs.RMApplicationHistoryWriter$ForwardingEventHandler
2026-08-05 17:55:55,992 INFO org.apache.hadoop.yarn.event.AsyncDispatcher: Registering class org.apache.hadoop.yarn.server.resourcemanager.ahs.WritingHistoryEventType for class org.apache.hadoop.yarn.server.resourcemanager.ahs.RMApplicationHistoryWriter$ForwardingEventHandler
2026-08-05 17:55:55,992 INFO org.apache.hadoop.yarn.event.AsyncDispatcher: Registering class org.apache.hadoop.yarn.server.resourcemanager.ahs.WritingHistoryEventType for class org.apache.hadoop.yarn.server.resourcemanager.ahs.RMApplicationHistoryWriter$ForwardingEventHandler
2026-08-05 17:55:55,992 INFO org.apache.hadoop.yarn.event.AsyncDispatcher: Registering class org.apache.hadoop.yarn.server.resourcemanager.ahs.WritingHistoryEventType for class org.apache.hadoop.yarn.server.resourcemanager.ahs.RMApplicationHistoryWriter$ForwardingEventHandler
2026-08-05 17:55:55,992 INFO org.apache.hadoop.yarn.event.AsyncDispatcher: Registering class org.apache.hadoop.yarn.server.resourcemanager.ahs.WritingHistoryEventType for class org.apache.hadoop.yarn.server.resourcemanager.ahs.RMApplicationHistoryWriter$ForwardingEventHandler
2026-08-05 17:55:55,992 INFO org.apache.hadoop.yarn.event.AsyncDispatcher: Registering class org.apache.hadoop.yarn.server.resourcemanager.ahs.WritingHistoryEventType for class org.apache.hadoop.yarn.server.resourcemanager.ahs.RMApplicationHistoryWriter$ForwardingEventHandler
2026-08-05 17:55:55,992 INFO org.apache.hadoop.yarn.event.AsyncDispatcher: Registering class org.apache.hadoop.yarn.server.resourcemanager.ahs.WritingHistoryEventType for class org.apache.hadoop.yarn.server.resourcemanager.ahs.RMApplicationHistoryWriter$ForwardingEventHandler
2026-08-05 17:55:55,993 INFO org.apache.hadoop.util.HostsFileReader: Refreshing hosts (include/exclude) list
2026-08-05 17:55:55,994 INFO org.apache.hadoop.conf.Configuration: found resource capacity-scheduler.xml at file:/home/user/bigdata/hadoop-2.5.1/etc/hadoop/capacity-scheduler.xml
2026-08-05 17:55:56,020 INFO org.apache.hadoop.yarn.server.resourcemanager.scheduler.capacity.ParentQueue: root, capacity=1.0, asboluteCapacity=1.0, maxCapacity=1.0, asboluteMaxCapacity=1.0, state=RUNNING, acls=ADMINISTER_QUEUE:*SUBMIT_APPLICATIONS:*
2026-08-05 17:55:56,020 INFO org.apache.hadoop.yarn.server.resourcemanager.scheduler.capacity.ParentQueue: Initialized parent-queue root name=root, fullname=root
2026-08-05 17:55:56,024 INFO org.apache.hadoop.yarn.server.resourcemanager.scheduler.capacity.LeafQueue: Initializing default
capacity = 1.0 [= (float) configuredCapacity / 100 ]
asboluteCapacity = 1.0 [= parentAbsoluteCapacity * capacity ]
maxCapacity = 1.0 [= configuredMaxCapacity ]
absoluteMaxCapacity = 1.0 [= 1.0 maximumCapacity undefined, (parentAbsoluteMaxCapacity * maximumCapacity) / 100 otherwise ]
userLimit = 100 [= configuredUserLimit ]
userLimitFactor = 1.0 [= configuredUserLimitFactor ]
maxApplications = 10000 [= configuredMaximumSystemApplicationsPerQueue or (int)(configuredMaximumSystemApplications * absoluteCapacity)]
maxApplicationsPerUser = 10000 [= (int)(maxApplications * (userLimit / 100.0f) * userLimitFactor) ]
maxActiveApplications = 1 [= max((int)ceil((clusterResourceMemory / minimumAllocation) * maxAMResourcePerQueuePercent * absoluteMaxCapacity),1) ]
maxActiveAppsUsingAbsCap = 1 [= max((int)ceil((clusterResourceMemory / minimumAllocation) *maxAMResourcePercent * absoluteCapacity),1) ]
maxActiveApplicationsPerUser = 1 [= max((int)(maxActiveApplications * (userLimit / 100.0f) * userLimitFactor),1) ]
usedCapacity = 0.0 [= usedResourcesMemory / (clusterResourceMemory * absoluteCapacity)]
absoluteUsedCapacity = 0.0 [= usedResourcesMemory / clusterResourceMemory]
maxAMResourcePerQueuePercent = 0.1 [= configuredMaximumAMResourcePercent ]
minimumAllocationFactor = 0.875 [= (float)(maximumAllocationMemory - minimumAllocationMemory) / maximumAllocationMemory ]
numContainers = 0 [= currentNumContainers ]
state = RUNNING [= configuredState ]
acls = ADMINISTER_QUEUE:*SUBMIT_APPLICATIONS:* [= configuredAcls ]
nodeLocalityDelay = 40

2026-08-05 17:55:56,024 INFO org.apache.hadoop.yarn.server.resourcemanager.scheduler.capacity.CapacityScheduler: Initialized queue: default: capacity=1.0, absoluteCapacity=1.0, usedResources=<memory:0, vCores:0>, usedCapacity=0.0, absoluteUsedCapacity=0.0, numApps=0, numContainers=0
2026-08-05 17:55:56,024 INFO org.apache.hadoop.yarn.server.resourcemanager.scheduler.capacity.CapacityScheduler: Initialized queue: root: numChildQueue= 1, capacity=1.0, absoluteCapacity=1.0, usedResources=<memory:0, vCores:0>usedCapacity=0.0, numApps=0, numContainers=0
2026-08-05 17:55:56,024 INFO org.apache.hadoop.yarn.server.resourcemanager.scheduler.capacity.CapacityScheduler: Initialized root queue root: numChildQueue= 1, capacity=1.0, absoluteCapacity=1.0, usedResources=<memory:0, vCores:0>usedCapacity=0.0, numApps=0, numContainers=0
2026-08-05 17:55:56,024 INFO org.apache.hadoop.yarn.server.resourcemanager.scheduler.capacity.CapacityScheduler: Initialized CapacityScheduler with calculator=class org.apache.hadoop.yarn.util.resource.DefaultResourceCalculator, minimumAllocation=<<memory:1024, vCores:1>>, maximumAllocation=<<memory:8192, vCores:32>>, asynchronousScheduling=false, asyncScheduleInterval=5ms
2026-08-05 17:55:56,033 INFO org.apache.hadoop.yarn.server.resourcemanager.ResourceManager: Transitioning to active state
2026-08-05 17:55:56,035 INFO org.apache.hadoop.yarn.server.resourcemanager.security.RMContainerTokenSecretManager: Rolling master-key for container-tokens
2026-08-05 17:55:56,035 INFO org.apache.hadoop.yarn.server.resourcemanager.security.AMRMTokenSecretManager: Rolling master-key for amrm-tokens
2026-08-05 17:55:56,036 INFO org.apache.hadoop.yarn.server.resourcemanager.security.NMTokenSecretManagerInRM: Rolling master-key for nm-tokens
2026-08-05 17:55:56,036 INFO org.apache.hadoop.security.token.delegation.AbstractDelegationTokenSecretManager: Updating the current master key for generating delegation tokens
2026-08-05 17:55:56,037 INFO org.apache.hadoop.yarn.server.resourcemanager.security.RMDelegationTokenSecretManager: storing master key with keyID 1
2026-08-05 17:55:56,038 INFO org.apache.hadoop.security.token.delegation.AbstractDelegationTokenSecretManager: Starting expired delegation token remover thread, tokenRemoverScanInterval=60 min(s)
2026-08-05 17:55:56,039 INFO org.apache.hadoop.security.token.delegation.AbstractDelegationTokenSecretManager: Updating the current master key for generating delegation tokens
2026-08-05 17:55:56,039 INFO org.apache.hadoop.yarn.server.resourcemanager.security.RMDelegationTokenSecretManager: storing master key with keyID 2
2026-08-05 17:55:56,072 INFO org.apache.hadoop.ipc.CallQueueManager: Using callQueue class java.util.concurrent.LinkedBlockingQueue
2026-08-05 17:55:56,089 INFO org.apache.hadoop.ipc.Server: Starting Socket Reader #1 for port 8031
2026-08-05 17:55:56,105 INFO org.apache.hadoop.yarn.factories.impl.pb.RpcServerFactoryPBImpl: Adding protocol org.apache.hadoop.yarn.server.api.ResourceTrackerPB to the server
2026-08-05 17:55:56,107 INFO org.apache.hadoop.ipc.Server: IPC Server Responder: starting
2026-08-05 17:55:56,108 INFO org.apache.hadoop.ipc.Server: IPC Server listener on 8031: starting
2026-08-05 17:55:56,167 INFO org.apache.hadoop.ipc.CallQueueManager: Using callQueue class java.util.concurrent.LinkedBlockingQueue
2026-08-05 17:55:56,171 INFO org.apache.hadoop.ipc.Server: Starting Socket Reader #1 for port 8030
2026-08-05 17:55:56,175 INFO org.apache.hadoop.yarn.factories.impl.pb.RpcServerFactoryPBImpl: Adding protocol org.apache.hadoop.yarn.api.ApplicationMasterProtocolPB to the server
2026-08-05 17:55:56,178 INFO org.apache.hadoop.ipc.Server: IPC Server Responder: starting
2026-08-05 17:55:56,179 INFO org.apache.hadoop.ipc.Server: IPC Server listener on 8030: starting
2026-08-05 17:55:56,259 INFO org.apache.hadoop.ipc.CallQueueManager: Using callQueue class java.util.concurrent.LinkedBlockingQueue
2026-08-05 17:55:56,263 INFO org.apache.hadoop.ipc.Server: Starting Socket Reader #1 for port 8032
2026-08-05 17:55:56,264 INFO org.apache.hadoop.yarn.factories.impl.pb.RpcServerFactoryPBImpl: Adding protocol org.apache.hadoop.yarn.api.ApplicationClientProtocolPB to the server
2026-08-05 17:55:56,265 INFO org.apache.hadoop.ipc.Server: IPC Server Responder: starting
2026-08-05 17:55:56,266 INFO org.apache.hadoop.ipc.Server: IPC Server listener on 8032: starting
2026-08-05 17:55:56,282 INFO org.apache.hadoop.yarn.server.resourcemanager.ResourceManager: Transitioned to active state
2026-08-05 17:55:56,356 INFO org.mortbay.log: Logging to org.slf4j.impl.Log4jLoggerAdapter(org.mortbay.log) via org.mortbay.log.Slf4jLog
2026-08-05 17:55:56,360 INFO org.apache.hadoop.http.HttpRequestLog: Http request log for http.requests.resourcemanager is not defined
2026-08-05 17:55:56,366 INFO org.apache.hadoop.http.HttpServer2: Added global filter 'safety' (class=org.apache.hadoop.http.HttpServer2$QuotingInputFilter)
2026-08-05 17:55:56,370 INFO org.apache.hadoop.http.HttpServer2: Added filter YARNAuthenticationFilter (class=org.apache.hadoop.yarn.server.security.http.RMAuthenticationFilter) to context cluster
2026-08-05 17:55:56,370 INFO org.apache.hadoop.http.HttpServer2: Added filter YARNAuthenticationFilter (class=org.apache.hadoop.yarn.server.security.http.RMAuthenticationFilter) to context static
2026-08-05 17:55:56,370 INFO org.apache.hadoop.http.HttpServer2: Added filter YARNAuthenticationFilter (class=org.apache.hadoop.yarn.server.security.http.RMAuthenticationFilter) to context logs
2026-08-05 17:55:56,371 INFO org.apache.hadoop.http.HttpServer2: Added filter static_user_filter (class=org.apache.hadoop.http.lib.StaticUserWebFilter$StaticUserFilter) to context cluster
2026-08-05 17:55:56,371 INFO org.apache.hadoop.http.HttpServer2: Added filter static_user_filter (class=org.apache.hadoop.http.lib.StaticUserWebFilter$StaticUserFilter) to context static
2026-08-05 17:55:56,371 INFO org.apache.hadoop.http.HttpServer2: Added filter static_user_filter (class=org.apache.hadoop.http.lib.StaticUserWebFilter$StaticUserFilter) to context logs
2026-08-05 17:55:56,373 INFO org.apache.hadoop.http.HttpServer2: adding path spec: /cluster/*
2026-08-05 17:55:56,373 INFO org.apache.hadoop.http.HttpServer2: adding path spec: /ws/*
2026-08-05 17:55:56,391 INFO org.apache.hadoop.http.HttpServer2: Jetty bound to port 8088
2026-08-05 17:55:56,391 INFO org.mortbay.log: jetty-6.1.26
2026-08-05 17:55:56,410 INFO org.mortbay.log: Extract jar:file:/home/user/bigdata/hadoop-2.5.1/share/hadoop/yarn/hadoop-yarn-common-2.5.1.jar!/webapps/cluster to /tmp/Jetty_0_0_0_0_8088_cluster____u0rgz3/webapp
2026-08-05 17:55:56,576 WARN org.apache.hadoop.security.authentication.server.AuthenticationFilter: 'signature.secret' configuration not set, using a random value as secret
2026-08-05 17:55:56,610 WARN org.apache.hadoop.security.authentication.server.AuthenticationFilter: 'signature.secret' configuration not set, using a random value as secret
2026-08-05 17:55:56,610 WARN org.apache.hadoop.security.authentication.server.AuthenticationFilter: 'signature.secret' configuration not set, using a random value as secret
2026-08-05 17:55:56,612 INFO org.mortbay.log: Started HttpServer2$SelectChannelConnectorWithSafeStartup@0.0.0.0:8088
2026-08-05 17:55:56,612 INFO org.apache.hadoop.yarn.webapp.WebApps: Web app /cluster started at 8088
2026-08-05 17:55:56,996 INFO org.apache.hadoop.yarn.webapp.WebApps: Registered webapp guice modules
2026-08-05 17:55:57,024 INFO org.apache.hadoop.ipc.CallQueueManager: Using callQueue class java.util.concurrent.LinkedBlockingQueue
2026-08-05 17:55:57,024 INFO org.apache.hadoop.ipc.Server: Starting Socket Reader #1 for port 8033
2026-08-05 17:55:57,026 INFO org.apache.hadoop.yarn.factories.impl.pb.RpcServerFactoryPBImpl: Adding protocol org.apache.hadoop.yarn.server.api.ResourceManagerAdministrationProtocolPB to the server
2026-08-05 17:55:57,026 INFO org.apache.hadoop.ipc.Server: IPC Server Responder: starting
2026-08-05 17:55:57,029 INFO org.apache.hadoop.ipc.Server: IPC Server listener on 8033: starting
2026-08-05 17:55:58,498 INFO org.apache.hadoop.yarn.util.RackResolver: Resolved ubuntu to /default-rack
2026-08-05 17:55:58,502 INFO org.apache.hadoop.yarn.server.resourcemanager.rmnode.RMNodeImpl: ubuntu:40545 Node Transitioned from NEW to RUNNING
2026-08-05 17:55:58,503 INFO org.apache.hadoop.yarn.server.resourcemanager.scheduler.capacity.CapacityScheduler: Added node ubuntu:40545 clusterResource: <memory:8192, vCores:8>
2026-08-05 17:55:58,503 INFO org.apache.hadoop.yarn.server.resourcemanager.ResourceTrackerService: NodeManager from node ubuntu(cmPort: 40545 httpPort: 8042) registered with capability: <memory:8192, vCores:8>, assigned nodeId ubuntu:40545
2026-08-06 00:38:45,084 ERROR org.apache.hadoop.yarn.server.resourcemanager.ResourceManager: RECEIVED SIGNAL 15: SIGTERM
2026-08-06 00:38:45,166 INFO org.mortbay.log: Stopped HttpServer2$SelectChannelConnectorWithSafeStartup@0.0.0.0:8088
2026-08-06 00:38:45,269 INFO org.apache.hadoop.ipc.Server: Stopping server on 8032
2026-08-06 00:38:45,279 INFO org.apache.hadoop.ipc.Server: Stopping IPC Server Responder
2026-08-06 00:38:45,280 INFO org.apache.hadoop.ipc.Server: Stopping IPC Server listener on 8032
2026-08-06 00:38:45,280 INFO org.apache.hadoop.ipc.Server: Stopping server on 8033
2026-08-06 00:38:45,281 INFO org.apache.hadoop.ipc.Server: Stopping IPC Server listener on 8033
2026-08-06 00:38:45,282 INFO org.apache.hadoop.ipc.Server: Stopping IPC Server Responder
2026-08-06 00:38:45,282 INFO org.apache.hadoop.yarn.server.resourcemanager.ResourceManager: Transitioning to standby state
2026-08-06 00:38:45,291 INFO org.apache.hadoop.metrics2.impl.MetricsSystemImpl: Stopping ResourceManager metrics system...
2026-08-06 00:38:45,300 INFO org.apache.hadoop.metrics2.impl.MetricsSystemImpl: ResourceManager metrics system stopped.
2026-08-06 00:38:45,300 INFO org.apache.hadoop.metrics2.impl.MetricsSystemImpl: ResourceManager metrics system shutdown complete.
2026-08-06 00:38:45,300 INFO org.apache.hadoop.yarn.event.AsyncDispatcher: AsyncDispatcher is draining to stop, igonring any new events.
2026-08-06 00:38:45,301 WARN org.apache.hadoop.yarn.server.resourcemanager.amlauncher.ApplicationMasterLauncher: org.apache.hadoop.yarn.server.resourcemanager.amlauncher.ApplicationMasterLauncher$LauncherThread interrupted. Returning.
2026-08-06 00:38:45,302 INFO org.apache.hadoop.ipc.Server: Stopping server on 8030
2026-08-06 00:38:45,316 INFO org.apache.hadoop.ipc.Server: Stopping IPC Server listener on 8030
2026-08-06 00:38:45,316 INFO org.apache.hadoop.ipc.Server: Stopping server on 8031
2026-08-06 00:38:45,322 INFO org.apache.hadoop.ipc.Server: Stopping IPC Server Responder
2026-08-06 00:38:45,322 INFO org.apache.hadoop.yarn.util.AbstractLivelinessMonitor: NMLivelinessMonitor thread interrupted
2026-08-06 00:38:45,323 INFO org.apache.hadoop.ipc.Server: Stopping IPC Server listener on 8031
2026-08-06 00:38:45,322 ERROR org.apache.hadoop.yarn.server.resourcemanager.ResourceManager: Returning, interrupted : java.lang.InterruptedException
2026-08-06 00:38:45,322 INFO org.apache.hadoop.ipc.Server: Stopping IPC Server Responder
2026-08-06 00:38:45,325 INFO org.apache.hadoop.yarn.event.AsyncDispatcher: AsyncDispatcher is draining to stop, igonring any new events.
2026-08-06 00:38:45,330 INFO org.apache.hadoop.yarn.event.AsyncDispatcher: AsyncDispatcher is draining to stop, igonring any new events.
2026-08-06 00:38:45,333 INFO org.apache.hadoop.yarn.event.AsyncDispatcher: AsyncDispatcher is draining to stop, igonring any new events.
2026-08-06 00:38:45,336 INFO org.apache.hadoop.yarn.event.AsyncDispatcher: AsyncDispatcher is draining to stop, igonring any new events.
2026-08-06 00:38:45,340 INFO org.apache.hadoop.yarn.event.AsyncDispatcher: AsyncDispatcher is draining to stop, igonring any new events.
2026-08-06 00:38:45,343 INFO org.apache.hadoop.yarn.event.AsyncDispatcher: AsyncDispatcher is draining to stop, igonring any new events.
2026-08-06 00:38:45,344 INFO org.apache.hadoop.yarn.event.AsyncDispatcher: AsyncDispatcher is draining to stop, igonring any new events.
2026-08-06 00:38:45,344 INFO org.apache.hadoop.yarn.event.AsyncDispatcher: AsyncDispatcher is draining to stop, igonring any new events.
2026-08-06 00:38:45,345 INFO org.apache.hadoop.yarn.event.AsyncDispatcher: AsyncDispatcher is draining to stop, igonring any new events.
2026-08-06 00:38:45,345 INFO org.apache.hadoop.yarn.event.AsyncDispatcher: AsyncDispatcher is draining to stop, igonring any new events.
2026-08-06 00:38:45,346 INFO org.apache.hadoop.yarn.util.AbstractLivelinessMonitor: AMLivelinessMonitor thread interrupted
2026-08-06 00:38:45,346 INFO org.apache.hadoop.yarn.util.AbstractLivelinessMonitor: AMLivelinessMonitor thread interrupted
2026-08-06 00:38:45,347 INFO org.apache.hadoop.yarn.util.AbstractLivelinessMonitor: org.apache.hadoop.yarn.server.resourcemanager.rmcontainer.ContainerAllocationExpirer thread interrupted
2026-08-06 00:38:45,348 ERROR org.apache.hadoop.security.token.delegation.AbstractDelegationTokenSecretManager: ExpiredTokenRemover received java.lang.InterruptedException: sleep interrupted
2026-08-06 00:38:45,350 INFO org.apache.hadoop.yarn.server.resourcemanager.ResourceManager: Transitioned to standby state
2026-08-06 00:38:45,350 INFO org.apache.hadoop.yarn.server.resourcemanager.ResourceManager: SHUTDOWN_MSG: 
/************************************************************
SHUTDOWN_MSG: Shutting down ResourceManager at ubuntu/127.0.1.1
************************************************************/
2026-08-06 17:23:18,703 INFO org.apache.hadoop.yarn.server.resourcemanager.ResourceManager: STARTUP_MSG: 
/************************************************************
STARTUP_MSG: Starting ResourceManager
STARTUP_MSG:   host = ubuntu/127.0.1.1
STARTUP_MSG:   args = []
STARTUP_MSG:   version = 2.5.1
STARTUP_MSG:   classpath = /home/user/bigdata/hadoop-2.5.1/etc/hadoop:/home/user/bigdata/hadoop-2.5.1/etc/hadoop:/home/user/bigdata/hadoop-2.5.1/etc/hadoop:/home/user/bigdata/hadoop-2.5.1/share/hadoop/common/lib/jetty-util-6.1.26.jar:/home/user/bigdata/hadoop-2.5.1/share/hadoop/common/lib/apacheds-kerberos-codec-2.0.0-M15.jar:/home/user/bigdata/hadoop-2.5.1/share/hadoop/common/lib/commons-collections-3.2.1.jar:/home/user/bigdata/hadoop-2.5.1/share/hadoop/common/lib/jackson-core-asl-1.9.13.jar:/home/user/bigdata/hadoop-2.5.1/share/hadoop/common/lib/slf4j-log4j12-1.7.5.jar:/home/user/bigdata/hadoop-2.5.1/share/hadoop/common/lib/zookeeper-3.4.6.jar:/home/user/bigdata/hadoop-2.5.1/share/hadoop/common/lib/hadoop-auth-2.5.1.jar:/home/user/bigdata/hadoop-2.5.1/share/hadoop/common/lib/junit-4.11.jar:/home/user/bigdata/hadoop-2.5.1/share/hadoop/common/lib/api-util-1.0.0-M20.jar:/home/user/bigdata/hadoop-2.5.1/share/hadoop/common/lib/api-asn1-api-1.0.0-M20.jar:/home/user/bigdata/hadoop-2.5.1/share/hadoop/common/lib/jersey-core-1.9.jar:/home/user/bigdata/hadoop-2.5.1/share/hadoop/common/lib/commons-math3-3.1.1.jar:/home/user/bigdata/hadoop-2.5.1/share/hadoop/common/lib/jaxb-api-2.2.2.jar:/home/user/bigdata/hadoop-2.5.1/share/hadoop/common/lib/jackson-xc-1.9.13.jar:/home/user/bigdata/hadoop-2.5.1/share/hadoop/common/lib/junit.jar:/home/user/bigdata/hadoop-2.5.1/share/hadoop/common/lib/commons-configuration-1.6.jar:/home/user/bigdata/hadoop-2.5.1/share/hadoop/common/lib/stax-api-1.0-2.jar:/home/user/bigdata/hadoop-2.5.1/share/hadoop/common/lib/jsr305-1.3.9.jar:/home/user/bigdata/hadoop-2.5.1/share/hadoop/common/lib/jackson-jaxrs-1.9.13.jar:/home/user/bigdata/hadoop-2.5.1/share/hadoop/common/lib/log4j-1.2.17.jar:/home/user/bigdata/hadoop-2.5.1/share/hadoop/common/lib/jersey-server-1.9.jar:/home/user/bigdata/hadoop-2.5.1/share/hadoop/common/lib/java-xmlbuilder-0.4.jar:/home/user/bigdata/hadoop-2.5.1/share/hadoop/common/lib/avro-1.7.4.jar:/home/user/bigdata/hadoop-2.5.1/share/hadoop/common/lib/commons-logging-1.1.3.jar:/home/user/bigdata/hadoop-2.5.1/share/hadoop/common/lib/slf4j-api-1.7.5.jar:/home/user/bigdata/hadoop-2.5.1/share/hadoop/common/lib/httpcore-4.2.5.jar:/home/user/bigdata/hadoop-2.5.1/share/hadoop/common/lib/jaxb-impl-2.2.3-1.jar:/home/user/bigdata/hadoop-2.5.1/share/hadoop/common/lib/httpclient-4.2.5.jar:/home/user/bigdata/hadoop-2.5.1/share/hadoop/common/lib/jersey-json-1.9.jar:/home/user/bigdata/hadoop-2.5.1/share/hadoop/common/lib/commons-lang-2.6.jar:/home/user/bigdata/hadoop-2.5.1/share/hadoop/common/lib/commons-httpclient-3.1.jar:/home/user/bigdata/hadoop-2.5.1/share/hadoop/common/lib/jettison-1.1.jar:/home/user/bigdata/hadoop-2.5.1/share/hadoop/common/lib/netty-3.6.2.Final.jar:/home/user/bigdata/hadoop-2.5.1/share/hadoop/common/lib/commons-digester-1.8.jar:/home/user/bigdata/hadoop-2.5.1/share/hadoop/common/lib/apacheds-i18n-2.0.0-M15.jar:/home/user/bigdata/hadoop-2.5.1/share/hadoop/common/lib/commons-compress-1.4.1.jar:/home/user/bigdata/hadoop-2.5.1/share/hadoop/common/lib/commons-net-3.1.jar:/home/user/bigdata/hadoop-2.5.1/share/hadoop/common/lib/jsp-api-2.1.jar:/home/user/bigdata/hadoop-2.5.1/share/hadoop/common/lib/snappy-java-1.0.4.1.jar:/home/user/bigdata/hadoop-2.5.1/share/hadoop/common/lib/commons-el-1.0.jar:/home/user/bigdata/hadoop-2.5.1/share/hadoop/common/lib/hamcrest-core-1.3.jar:/home/user/bigdata/hadoop-2.5.1/share/hadoop/common/lib/xz-1.0.jar:/home/user/bigdata/hadoop-2.5.1/share/hadoop/common/lib/paranamer-2.3.jar:/home/user/bigdata/hadoop-2.5.1/share/hadoop/common/lib/commons-beanutils-core-1.8.0.jar:/home/user/bigdata/hadoop-2.5.1/share/hadoop/common/lib/commons-io-2.4.jar:/home/user/bigdata/hadoop-2.5.1/share/hadoop/common/lib/xmlenc-0.52.jar:/home/user/bigdata/hadoop-2.5.1/share/hadoop/common/lib/jasper-compiler-5.5.23.jar:/home/user/bigdata/hadoop-2.5.1/share/hadoop/common/lib/hamcrest-all-1.3.jar:/home/user/bigdata/hadoop-2.5.1/share/hadoop/common/lib/mockito-all-1.8.5.jar:/home/user/bigdata/hadoop-2.5.1/share/hadoop/common/lib/guava-11.0.2.jar:/home/user/bigdata/hadoop-2.5.1/share/hadoop/common/lib/jasper-runtime-5.5.23.jar:/home/user/bigdata/hadoop-2.5.1/share/hadoop/common/lib/commons-beanutils-1.7.0.jar:/home/user/bigdata/hadoop-2.5.1/share/hadoop/common/lib/servlet-api-2.5.jar:/home/user/bigdata/hadoop-2.5.1/share/hadoop/common/lib/jets3t-0.9.0.jar:/home/user/bigdata/hadoop-2.5.1/share/hadoop/common/lib/hadoop-annotations-2.5.1.jar:/home/user/bigdata/hadoop-2.5.1/share/hadoop/common/lib/protobuf-java-2.5.0.jar:/home/user/bigdata/hadoop-2.5.1/share/hadoop/common/lib/commons-codec-1.4.jar:/home/user/bigdata/hadoop-2.5.1/share/hadoop/common/lib/activation-1.1.jar:/home/user/bigdata/hadoop-2.5.1/share/hadoop/common/lib/jackson-mapper-asl-1.9.13.jar:/home/user/bigdata/hadoop-2.5.1/share/hadoop/common/lib/commons-cli-1.2.jar:/home/user/bigdata/hadoop-2.5.1/share/hadoop/common/lib/jsch-0.1.42.jar:/home/user/bigdata/hadoop-2.5.1/share/hadoop/common/lib/jetty-6.1.26.jar:/home/user/bigdata/hadoop-2.5.1/share/hadoop/common/lib/asm-3.2.jar:/home/user/bigdata/hadoop-2.5.1/share/hadoop/common/hadoop-nfs-2.5.1.jar:/home/user/bigdata/hadoop-2.5.1/share/hadoop/common/hadoop-common-2.5.1.jar:/home/user/bigdata/hadoop-2.5.1/share/hadoop/common/hadoop-common-2.5.1-tests.jar:/home/user/bigdata/hadoop-2.5.1/share/hadoop/hdfs:/home/user/bigdata/hadoop-2.5.1/share/hadoop/hdfs/lib/jetty-util-6.1.26.jar:/home/user/bigdata/hadoop-2.5.1/share/hadoop/hdfs/lib/jackson-core-asl-1.9.13.jar:/home/user/bigdata/hadoop-2.5.1/share/hadoop/hdfs/lib/jersey-core-1.9.jar:/home/user/bigdata/hadoop-2.5.1/share/hadoop/hdfs/lib/jsr305-1.3.9.jar:/home/user/bigdata/hadoop-2.5.1/share/hadoop/hdfs/lib/log4j-1.2.17.jar:/home/user/bigdata/hadoop-2.5.1/share/hadoop/hdfs/lib/jersey-server-1.9.jar:/home/user/bigdata/hadoop-2.5.1/share/hadoop/hdfs/lib/commons-logging-1.1.3.jar:/home/user/bigdata/hadoop-2.5.1/share/hadoop/hdfs/lib/commons-lang-2.6.jar:/home/user/bigdata/hadoop-2.5.1/share/hadoop/hdfs/lib/netty-3.6.2.Final.jar:/home/user/bigdata/hadoop-2.5.1/share/hadoop/hdfs/lib/jsp-api-2.1.jar:/home/user/bigdata/hadoop-2.5.1/share/hadoop/hdfs/lib/commons-el-1.0.jar:/home/user/bigdata/hadoop-2.5.1/share/hadoop/hdfs/lib/commons-io-2.4.jar:/home/user/bigdata/hadoop-2.5.1/share/hadoop/hdfs/lib/xmlenc-0.52.jar:/home/user/bigdata/hadoop-2.5.1/share/hadoop/hdfs/lib/guava-11.0.2.jar:/home/user/bigdata/hadoop-2.5.1/share/hadoop/hdfs/lib/jasper-runtime-5.5.23.jar:/home/user/bigdata/hadoop-2.5.1/share/hadoop/hdfs/lib/servlet-api-2.5.jar:/home/user/bigdata/hadoop-2.5.1/share/hadoop/hdfs/lib/protobuf-java-2.5.0.jar:/home/user/bigdata/hadoop-2.5.1/share/hadoop/hdfs/lib/commons-codec-1.4.jar:/home/user/bigdata/hadoop-2.5.1/share/hadoop/hdfs/lib/jackson-mapper-asl-1.9.13.jar:/home/user/bigdata/hadoop-2.5.1/share/hadoop/hdfs/lib/commons-cli-1.2.jar:/home/user/bigdata/hadoop-2.5.1/share/hadoop/hdfs/lib/jetty-6.1.26.jar:/home/user/bigdata/hadoop-2.5.1/share/hadoop/hdfs/lib/commons-daemon-1.0.13.jar:/home/user/bigdata/hadoop-2.5.1/share/hadoop/hdfs/lib/asm-3.2.jar:/home/user/bigdata/hadoop-2.5.1/share/hadoop/hdfs/hadoop-hdfs-2.5.1-tests.jar:/home/user/bigdata/hadoop-2.5.1/share/hadoop/hdfs/hadoop-hdfs-2.5.1.jar:/home/user/bigdata/hadoop-2.5.1/share/hadoop/hdfs/hadoop-hdfs-nfs-2.5.1.jar:/home/user/bigdata/hadoop-2.5.1/share/hadoop/yarn/lib/jetty-util-6.1.26.jar:/home/user/bigdata/hadoop-2.5.1/share/hadoop/yarn/lib/guice-servlet-3.0.jar:/home/user/bigdata/hadoop-2.5.1/share/hadoop/yarn/lib/commons-collections-3.2.1.jar:/home/user/bigdata/hadoop-2.5.1/share/hadoop/yarn/lib/jackson-core-asl-1.9.13.jar:/home/user/bigdata/hadoop-2.5.1/share/hadoop/yarn/lib/zookeeper-3.4.6.jar:/home/user/bigdata/hadoop-2.5.1/share/hadoop/yarn/lib/jersey-client-1.9.jar:/home/user/bigdata/hadoop-2.5.1/share/hadoop/yarn/lib/jersey-core-1.9.jar:/home/user/bigdata/hadoop-2.5.1/share/hadoop/yarn/lib/jaxb-api-2.2.2.jar:/home/user/bigdata/hadoop-2.5.1/share/hadoop/yarn/lib/aopalliance-1.0.jar:/home/user/bigdata/hadoop-2.5.1/share/hadoop/yarn/lib/jackson-xc-1.9.13.jar:/home/user/bigdata/hadoop-2.5.1/share/hadoop/yarn/lib/jersey-guice-1.9.jar:/home/user/bigdata/hadoop-2.5.1/share/hadoop/yarn/lib/stax-api-1.0-2.jar:/home/user/bigdata/hadoop-2.5.1/share/hadoop/yarn/lib/jsr305-1.3.9.jar:/home/user/bigdata/hadoop-2.5.1/share/hadoop/yarn/lib/jackson-jaxrs-1.9.13.jar:/home/user/bigdata/hadoop-2.5.1/share/hadoop/yarn/lib/log4j-1.2.17.jar:/home/user/bigdata/hadoop-2.5.1/share/hadoop/yarn/lib/jline-0.9.94.jar:/home/user/bigdata/hadoop-2.5.1/share/hadoop/yarn/lib/jersey-server-1.9.jar:/home/user/bigdata/hadoop-2.5.1/share/hadoop/yarn/lib/commons-logging-1.1.3.jar:/home/user/bigdata/hadoop-2.5.1/share/hadoop/yarn/lib/jaxb-impl-2.2.3-1.jar:/home/user/bigdata/hadoop-2.5.1/share/hadoop/yarn/lib/javax.inject-1.jar:/home/user/bigdata/hadoop-2.5.1/share/hadoop/yarn/lib/jersey-json-1.9.jar:/home/user/bigdata/hadoop-2.5.1/share/hadoop/yarn/lib/commons-lang-2.6.jar:/home/user/bigdata/hadoop-2.5.1/share/hadoop/yarn/lib/commons-httpclient-3.1.jar:/home/user/bigdata/hadoop-2.5.1/share/hadoop/yarn/lib/jettison-1.1.jar:/home/user/bigdata/hadoop-2.5.1/share/hadoop/yarn/lib/netty-3.6.2.Final.jar:/home/user/bigdata/hadoop-2.5.1/share/hadoop/yarn/lib/commons-compress-1.4.1.jar:/home/user/bigdata/hadoop-2.5.1/share/hadoop/yarn/lib/xz-1.0.jar:/home/user/bigdata/hadoop-2.5.1/share/hadoop/yarn/lib/commons-io-2.4.jar:/home/user/bigdata/hadoop-2.5.1/share/hadoop/yarn/lib/leveldbjni-all-1.8.jar:/home/user/bigdata/hadoop-2.5.1/share/hadoop/yarn/lib/guava-11.0.2.jar:/home/user/bigdata/hadoop-2.5.1/share/hadoop/yarn/lib/servlet-api-2.5.jar:/home/user/bigdata/hadoop-2.5.1/share/hadoop/yarn/lib/protobuf-java-2.5.0.jar:/home/user/bigdata/hadoop-2.5.1/share/hadoop/yarn/lib/commons-codec-1.4.jar:/home/user/bigdata/hadoop-2.5.1/share/hadoop/yarn/lib/activation-1.1.jar:/home/user/bigdata/hadoop-2.5.1/share/hadoop/yarn/lib/jackson-mapper-asl-1.9.13.jar:/home/user/bigdata/hadoop-2.5.1/share/hadoop/yarn/lib/guice-3.0.jar:/home/user/bigdata/hadoop-2.5.1/share/hadoop/yarn/lib/commons-cli-1.2.jar:/home/user/bigdata/hadoop-2.5.1/share/hadoop/yarn/lib/jetty-6.1.26.jar:/home/user/bigdata/hadoop-2.5.1/share/hadoop/yarn/lib/asm-3.2.jar:/home/user/bigdata/hadoop-2.5.1/share/hadoop/yarn/hadoop-yarn-server-web-proxy-2.5.1.jar:/home/user/bigdata/hadoop-2.5.1/share/hadoop/yarn/hadoop-yarn-applications-unmanaged-am-launcher-2.5.1.jar:/home/user/bigdata/hadoop-2.5.1/share/hadoop/yarn/hadoop-yarn-applications-distributedshell-2.5.1.jar:/home/user/bigdata/hadoop-2.5.1/share/hadoop/yarn/hadoop-yarn-server-nodemanager-2.5.1.jar:/home/user/bigdata/hadoop-2.5.1/share/hadoop/yarn/hadoop-yarn-server-tests-2.5.1.jar:/home/user/bigdata/hadoop-2.5.1/share/hadoop/yarn/hadoop-yarn-server-common-2.5.1.jar:/home/user/bigdata/hadoop-2.5.1/share/hadoop/yarn/hadoop-yarn-common-2.5.1.jar:/home/user/bigdata/hadoop-2.5.1/share/hadoop/yarn/hadoop-yarn-server-resourcemanager-2.5.1.jar:/home/user/bigdata/hadoop-2.5.1/share/hadoop/yarn/hadoop-yarn-client-2.5.1.jar:/home/user/bigdata/hadoop-2.5.1/share/hadoop/yarn/hadoop-yarn-server-applicationhistoryservice-2.5.1.jar:/home/user/bigdata/hadoop-2.5.1/share/hadoop/yarn/hadoop-yarn-api-2.5.1.jar:/home/user/bigdata/hadoop-2.5.1/share/hadoop/mapreduce/lib/guice-servlet-3.0.jar:/home/user/bigdata/hadoop-2.5.1/share/hadoop/mapreduce/lib/jackson-core-asl-1.9.13.jar:/home/user/bigdata/hadoop-2.5.1/share/hadoop/mapreduce/lib/junit-4.11.jar:/home/user/bigdata/hadoop-2.5.1/share/hadoop/mapreduce/lib/jersey-core-1.9.jar:/home/user/bigdata/hadoop-2.5.1/share/hadoop/mapreduce/lib/aopalliance-1.0.jar:/home/user/bigdata/hadoop-2.5.1/share/hadoop/mapreduce/lib/jersey-guice-1.9.jar:/home/user/bigdata/hadoop-2.5.1/share/hadoop/mapreduce/lib/log4j-1.2.17.jar:/home/user/bigdata/hadoop-2.5.1/share/hadoop/mapreduce/lib/jersey-server-1.9.jar:/home/user/bigdata/hadoop-2.5.1/share/hadoop/mapreduce/lib/avro-1.7.4.jar:/home/user/bigdata/hadoop-2.5.1/share/hadoop/mapreduce/lib/javax.inject-1.jar:/home/user/bigdata/hadoop-2.5.1/share/hadoop/mapreduce/lib/netty-3.6.2.Final.jar:/home/user/bigdata/hadoop-2.5.1/share/hadoop/mapreduce/lib/commons-compress-1.4.1.jar:/home/user/bigdata/hadoop-2.5.1/share/hadoop/mapreduce/lib/snappy-java-1.0.4.1.jar:/home/user/bigdata/hadoop-2.5.1/share/hadoop/mapreduce/lib/hamcrest-core-1.3.jar:/home/user/bigdata/hadoop-2.5.1/share/hadoop/mapreduce/lib/xz-1.0.jar:/home/user/bigdata/hadoop-2.5.1/share/hadoop/mapreduce/lib/paranamer-2.3.jar:/home/user/bigdata/hadoop-2.5.1/share/hadoop/mapreduce/lib/commons-io-2.4.jar:/home/user/bigdata/hadoop-2.5.1/share/hadoop/mapreduce/lib/leveldbjni-all-1.8.jar:/home/user/bigdata/hadoop-2.5.1/share/hadoop/mapreduce/lib/hadoop-annotations-2.5.1.jar:/home/user/bigdata/hadoop-2.5.1/share/hadoop/mapreduce/lib/protobuf-java-2.5.0.jar:/home/user/bigdata/hadoop-2.5.1/share/hadoop/mapreduce/lib/jackson-mapper-asl-1.9.13.jar:/home/user/bigdata/hadoop-2.5.1/share/hadoop/mapreduce/lib/guice-3.0.jar:/home/user/bigdata/hadoop-2.5.1/share/hadoop/mapreduce/lib/asm-3.2.jar:/home/user/bigdata/hadoop-2.5.1/share/hadoop/mapreduce/hadoop-mapreduce-client-common-2.5.1.jar:/home/user/bigdata/hadoop-2.5.1/share/hadoop/mapreduce/hadoop-mapreduce-client-hs-2.5.1.jar:/home/user/bigdata/hadoop-2.5.1/share/hadoop/mapreduce/hadoop-mapreduce-client-shuffle-2.5.1.jar:/home/user/bigdata/hadoop-2.5.1/share/hadoop/mapreduce/hadoop-mapreduce-client-core-2.5.1.jar:/home/user/bigdata/hadoop-2.5.1/share/hadoop/mapreduce/hadoop-mapreduce-client-jobclient-2.5.1.jar:/home/user/bigdata/hadoop-2.5.1/share/hadoop/mapreduce/hadoop-mapreduce-client-hs-plugins-2.5.1.jar:/home/user/bigdata/hadoop-2.5.1/share/hadoop/mapreduce/hadoop-mapreduce-client-jobclient-2.5.1-tests.jar:/home/user/bigdata/hadoop-2.5.1/share/hadoop/mapreduce/hadoop-mapreduce-examples-2.5.1.jar:/home/user/bigdata/hadoop-2.5.1/share/hadoop/mapreduce/hadoop-mapreduce-client-app-2.5.1.jar:/usr/lib/jvm/java-8-openjdk-amd64//lib/tools.jar:/home/user/bigdata/hadoop-2.5.1//contrib/capacity-scheduler/*.jar:/home/user/bigdata/hadoop-2.5.1//contrib/capacity-scheduler/*.jar:/home/user/bigdata/hadoop-2.5.1//contrib/capacity-scheduler/*.jar:/home/user/bigdata/hadoop-2.5.1/share/hadoop/yarn/hadoop-yarn-server-web-proxy-2.5.1.jar:/home/user/bigdata/hadoop-2.5.1/share/hadoop/yarn/hadoop-yarn-applications-unmanaged-am-launcher-2.5.1.jar:/home/user/bigdata/hadoop-2.5.1/share/hadoop/yarn/hadoop-yarn-applications-distributedshell-2.5.1.jar:/home/user/bigdata/hadoop-2.5.1/share/hadoop/yarn/hadoop-yarn-server-nodemanager-2.5.1.jar:/home/user/bigdata/hadoop-2.5.1/share/hadoop/yarn/hadoop-yarn-server-tests-2.5.1.jar:/home/user/bigdata/hadoop-2.5.1/share/hadoop/yarn/hadoop-yarn-server-common-2.5.1.jar:/home/user/bigdata/hadoop-2.5.1/share/hadoop/yarn/hadoop-yarn-common-2.5.1.jar:/home/user/bigdata/hadoop-2.5.1/share/hadoop/yarn/hadoop-yarn-server-resourcemanager-2.5.1.jar:/home/user/bigdata/hadoop-2.5.1/share/hadoop/yarn/hadoop-yarn-client-2.5.1.jar:/home/user/bigdata/hadoop-2.5.1/share/hadoop/yarn/hadoop-yarn-server-applicationhistoryservice-2.5.1.jar:/home/user/bigdata/hadoop-2.5.1/share/hadoop/yarn/hadoop-yarn-api-2.5.1.jar:/home/user/bigdata/hadoop-2.5.1/share/hadoop/yarn/lib/jetty-util-6.1.26.jar:/home/user/bigdata/hadoop-2.5.1/share/hadoop/yarn/lib/guice-servlet-3.0.jar:/home/user/bigdata/hadoop-2.5.1/share/hadoop/yarn/lib/commons-collections-3.2.1.jar:/home/user/bigdata/hadoop-2.5.1/share/hadoop/yarn/lib/jackson-core-asl-1.9.13.jar:/home/user/bigdata/hadoop-2.5.1/share/hadoop/yarn/lib/zookeeper-3.4.6.jar:/home/user/bigdata/hadoop-2.5.1/share/hadoop/yarn/lib/jersey-client-1.9.jar:/home/user/bigdata/hadoop-2.5.1/share/hadoop/yarn/lib/jersey-core-1.9.jar:/home/user/bigdata/hadoop-2.5.1/share/hadoop/yarn/lib/jaxb-api-2.2.2.jar:/home/user/bigdata/hadoop-2.5.1/share/hadoop/yarn/lib/aopalliance-1.0.jar:/home/user/bigdata/hadoop-2.5.1/share/hadoop/yarn/lib/jackson-xc-1.9.13.jar:/home/user/bigdata/hadoop-2.5.1/share/hadoop/yarn/lib/jersey-guice-1.9.jar:/home/user/bigdata/hadoop-2.5.1/share/hadoop/yarn/lib/stax-api-1.0-2.jar:/home/user/bigdata/hadoop-2.5.1/share/hadoop/yarn/lib/jsr305-1.3.9.jar:/home/user/bigdata/hadoop-2.5.1/share/hadoop/yarn/lib/jackson-jaxrs-1.9.13.jar:/home/user/bigdata/hadoop-2.5.1/share/hadoop/yarn/lib/log4j-1.2.17.jar:/home/user/bigdata/hadoop-2.5.1/share/hadoop/yarn/lib/jline-0.9.94.jar:/home/user/bigdata/hadoop-2.5.1/share/hadoop/yarn/lib/jersey-server-1.9.jar:/home/user/bigdata/hadoop-2.5.1/share/hadoop/yarn/lib/commons-logging-1.1.3.jar:/home/user/bigdata/hadoop-2.5.1/share/hadoop/yarn/lib/jaxb-impl-2.2.3-1.jar:/home/user/bigdata/hadoop-2.5.1/share/hadoop/yarn/lib/javax.inject-1.jar:/home/user/bigdata/hadoop-2.5.1/share/hadoop/yarn/lib/jersey-json-1.9.jar:/home/user/bigdata/hadoop-2.5.1/share/hadoop/yarn/lib/commons-lang-2.6.jar:/home/user/bigdata/hadoop-2.5.1/share/hadoop/yarn/lib/commons-httpclient-3.1.jar:/home/user/bigdata/hadoop-2.5.1/share/hadoop/yarn/lib/jettison-1.1.jar:/home/user/bigdata/hadoop-2.5.1/share/hadoop/yarn/lib/netty-3.6.2.Final.jar:/home/user/bigdata/hadoop-2.5.1/share/hadoop/yarn/lib/commons-compress-1.4.1.jar:/home/user/bigdata/hadoop-2.5.1/share/hadoop/yarn/lib/xz-1.0.jar:/home/user/bigdata/hadoop-2.5.1/share/hadoop/yarn/lib/commons-io-2.4.jar:/home/user/bigdata/hadoop-2.5.1/share/hadoop/yarn/lib/leveldbjni-all-1.8.jar:/home/user/bigdata/hadoop-2.5.1/share/hadoop/yarn/lib/guava-11.0.2.jar:/home/user/bigdata/hadoop-2.5.1/share/hadoop/yarn/lib/servlet-api-2.5.jar:/home/user/bigdata/hadoop-2.5.1/share/hadoop/yarn/lib/protobuf-java-2.5.0.jar:/home/user/bigdata/hadoop-2.5.1/share/hadoop/yarn/lib/commons-codec-1.4.jar:/home/user/bigdata/hadoop-2.5.1/share/hadoop/yarn/lib/activation-1.1.jar:/home/user/bigdata/hadoop-2.5.1/share/hadoop/yarn/lib/jackson-mapper-asl-1.9.13.jar:/home/user/bigdata/hadoop-2.5.1/share/hadoop/yarn/lib/guice-3.0.jar:/home/user/bigdata/hadoop-2.5.1/share/hadoop/yarn/lib/commons-cli-1.2.jar:/home/user/bigdata/hadoop-2.5.1/share/hadoop/yarn/lib/jetty-6.1.26.jar:/home/user/bigdata/hadoop-2.5.1/share/hadoop/yarn/lib/asm-3.2.jar:/home/user/bigdata/hadoop-2.5.1/etc/hadoop/rm-config/log4j.properties
STARTUP_MSG:   build = https://git-wip-us.apache.org/repos/asf/hadoop.git -r 2e18d179e4a8065b6a9f29cf2de9451891265cce; compiled by 'jenkins' on 2014-09-05T23:11Z
STARTUP_MSG:   java = 1.8.0_362
************************************************************/
2026-08-06 17:23:18,719 INFO org.apache.hadoop.yarn.server.resourcemanager.ResourceManager: registered UNIX signal handlers for [TERM, HUP, INT]
2026-08-06 17:23:18,836 INFO org.apache.hadoop.conf.Configuration: found resource core-site.xml at file:/home/user/bigdata/hadoop-2.5.1/etc/hadoop/core-site.xml
2026-08-06 17:23:18,864 INFO org.apache.hadoop.security.Groups: clearing userToGroupsMap cache
2026-08-06 17:23:18,867 INFO org.apache.hadoop.conf.Configuration: found resource yarn-site.xml at file:/home/user/bigdata/hadoop-2.5.1/etc/hadoop/yarn-site.xml
2026-08-06 17:23:18,916 INFO org.apache.hadoop.yarn.event.AsyncDispatcher: Registering class org.apache.hadoop.yarn.server.resourcemanager.RMFatalEventType for class org.apache.hadoop.yarn.server.resourcemanager.ResourceManager$RMFatalEventDispatcher
2026-08-06 17:23:18,996 INFO org.apache.hadoop.yarn.server.resourcemanager.security.NMTokenSecretManagerInRM: NMTokenKeyRollingInterval: 86400000ms and NMTokenKeyActivationDelay: 900000ms
2026-08-06 17:23:19,008 INFO org.apache.hadoop.yarn.server.resourcemanager.security.RMContainerTokenSecretManager: ContainerTokenKeyRollingInterval: 86400000ms and ContainerTokenKeyActivationDelay: 900000ms
2026-08-06 17:23:19,011 INFO org.apache.hadoop.yarn.server.resourcemanager.security.AMRMTokenSecretManager: Rolling master-key for amrm-tokens
2026-08-06 17:23:19,041 INFO org.apache.hadoop.yarn.event.AsyncDispatcher: Registering class org.apache.hadoop.yarn.server.resourcemanager.recovery.RMStateStoreEventType for class org.apache.hadoop.yarn.server.resourcemanager.recovery.RMStateStore$ForwardingEventHandler
2026-08-06 17:23:19,196 INFO org.apache.hadoop.yarn.event.AsyncDispatcher: Registering class org.apache.hadoop.yarn.server.resourcemanager.NodesListManagerEventType for class org.apache.hadoop.yarn.server.resourcemanager.NodesListManager
2026-08-06 17:23:19,196 INFO org.apache.hadoop.yarn.server.resourcemanager.ResourceManager: Using Scheduler: org.apache.hadoop.yarn.server.resourcemanager.scheduler.capacity.CapacityScheduler
2026-08-06 17:23:19,263 INFO org.apache.hadoop.yarn.event.AsyncDispatcher: Registering class org.apache.hadoop.yarn.server.resourcemanager.scheduler.event.SchedulerEventType for class org.apache.hadoop.yarn.server.resourcemanager.ResourceManager$SchedulerEventDispatcher
2026-08-06 17:23:19,264 INFO org.apache.hadoop.yarn.event.AsyncDispatcher: Registering class org.apache.hadoop.yarn.server.resourcemanager.rmapp.RMAppEventType for class org.apache.hadoop.yarn.server.resourcemanager.ResourceManager$ApplicationEventDispatcher
2026-08-06 17:23:19,265 INFO org.apache.hadoop.yarn.event.AsyncDispatcher: Registering class org.apache.hadoop.yarn.server.resourcemanager.rmapp.attempt.RMAppAttemptEventType for class org.apache.hadoop.yarn.server.resourcemanager.ResourceManager$ApplicationAttemptEventDispatcher
2026-08-06 17:23:19,266 INFO org.apache.hadoop.yarn.event.AsyncDispatcher: Registering class org.apache.hadoop.yarn.server.resourcemanager.rmnode.RMNodeEventType for class org.apache.hadoop.yarn.server.resourcemanager.ResourceManager$NodeEventDispatcher
2026-08-06 17:23:19,366 INFO org.apache.hadoop.metrics2.impl.MetricsConfig: loaded properties from hadoop-metrics2.properties
2026-08-06 17:23:19,458 INFO org.apache.hadoop.metrics2.impl.MetricsSystemImpl: Scheduled snapshot period at 10 second(s).
2026-08-06 17:23:19,458 INFO org.apache.hadoop.metrics2.impl.MetricsSystemImpl: ResourceManager metrics system started
2026-08-06 17:23:19,605 INFO org.apache.hadoop.yarn.event.AsyncDispatcher: Registering class org.apache.hadoop.yarn.server.resourcemanager.RMAppManagerEventType for class org.apache.hadoop.yarn.server.resourcemanager.RMAppManager
2026-08-06 17:23:19,623 INFO org.apache.hadoop.yarn.event.AsyncDispatcher: Registering class org.apache.hadoop.yarn.server.resourcemanager.amlauncher.AMLauncherEventType for class org.apache.hadoop.yarn.server.resourcemanager.amlauncher.ApplicationMasterLauncher
2026-08-06 17:23:19,625 INFO org.apache.hadoop.yarn.server.resourcemanager.RMNMInfo: Registered RMNMInfo MBean
2026-08-06 17:23:19,627 INFO org.apache.hadoop.yarn.event.AsyncDispatcher: Registering class org.apache.hadoop.yarn.server.resourcemanager.ahs.WritingHistoryEventType for class org.apache.hadoop.yarn.server.resourcemanager.ahs.RMApplicationHistoryWriter$ForwardingEventHandler
2026-08-06 17:23:19,627 INFO org.apache.hadoop.yarn.event.AsyncDispatcher: Registering class org.apache.hadoop.yarn.server.resourcemanager.ahs.WritingHistoryEventType for class org.apache.hadoop.yarn.server.resourcemanager.ahs.RMApplicationHistoryWriter$ForwardingEventHandler
2026-08-06 17:23:19,627 INFO org.apache.hadoop.yarn.event.AsyncDispatcher: Registering class org.apache.hadoop.yarn.server.resourcemanager.ahs.WritingHistoryEventType for class org.apache.hadoop.yarn.server.resourcemanager.ahs.RMApplicationHistoryWriter$ForwardingEventHandler
2026-08-06 17:23:19,627 INFO org.apache.hadoop.yarn.event.AsyncDispatcher: Registering class org.apache.hadoop.yarn.server.resourcemanager.ahs.WritingHistoryEventType for class org.apache.hadoop.yarn.server.resourcemanager.ahs.RMApplicationHistoryWriter$ForwardingEventHandler
2026-08-06 17:23:19,627 INFO org.apache.hadoop.yarn.event.AsyncDispatcher: Registering class org.apache.hadoop.yarn.server.resourcemanager.ahs.WritingHistoryEventType for class org.apache.hadoop.yarn.server.resourcemanager.ahs.RMApplicationHistoryWriter$ForwardingEventHandler
2026-08-06 17:23:19,627 INFO org.apache.hadoop.yarn.event.AsyncDispatcher: Registering class org.apache.hadoop.yarn.server.resourcemanager.ahs.WritingHistoryEventType for class org.apache.hadoop.yarn.server.resourcemanager.ahs.RMApplicationHistoryWriter$ForwardingEventHandler
2026-08-06 17:23:19,627 INFO org.apache.hadoop.yarn.event.AsyncDispatcher: Registering class org.apache.hadoop.yarn.server.resourcemanager.ahs.WritingHistoryEventType for class org.apache.hadoop.yarn.server.resourcemanager.ahs.RMApplicationHistoryWriter$ForwardingEventHandler
2026-08-06 17:23:19,629 INFO org.apache.hadoop.yarn.event.AsyncDispatcher: Registering class org.apache.hadoop.yarn.server.resourcemanager.ahs.WritingHistoryEventType for class org.apache.hadoop.yarn.server.resourcemanager.ahs.RMApplicationHistoryWriter$ForwardingEventHandler
2026-08-06 17:23:19,629 INFO org.apache.hadoop.yarn.event.AsyncDispatcher: Registering class org.apache.hadoop.yarn.server.resourcemanager.ahs.WritingHistoryEventType for class org.apache.hadoop.yarn.server.resourcemanager.ahs.RMApplicationHistoryWriter$ForwardingEventHandler
2026-08-06 17:23:19,629 INFO org.apache.hadoop.yarn.event.AsyncDispatcher: Registering class org.apache.hadoop.yarn.server.resourcemanager.ahs.WritingHistoryEventType for class org.apache.hadoop.yarn.server.resourcemanager.ahs.RMApplicationHistoryWriter$ForwardingEventHandler
2026-08-06 17:23:19,630 INFO org.apache.hadoop.util.HostsFileReader: Refreshing hosts (include/exclude) list
2026-08-06 17:23:19,633 INFO org.apache.hadoop.conf.Configuration: found resource capacity-scheduler.xml at file:/home/user/bigdata/hadoop-2.5.1/etc/hadoop/capacity-scheduler.xml
2026-08-06 17:23:19,690 INFO org.apache.hadoop.yarn.server.resourcemanager.scheduler.capacity.ParentQueue: root, capacity=1.0, asboluteCapacity=1.0, maxCapacity=1.0, asboluteMaxCapacity=1.0, state=RUNNING, acls=ADMINISTER_QUEUE:*SUBMIT_APPLICATIONS:*
2026-08-06 17:23:19,690 INFO org.apache.hadoop.yarn.server.resourcemanager.scheduler.capacity.ParentQueue: Initialized parent-queue root name=root, fullname=root
2026-08-06 17:23:19,700 INFO org.apache.hadoop.yarn.server.resourcemanager.scheduler.capacity.LeafQueue: Initializing default
capacity = 1.0 [= (float) configuredCapacity / 100 ]
asboluteCapacity = 1.0 [= parentAbsoluteCapacity * capacity ]
maxCapacity = 1.0 [= configuredMaxCapacity ]
absoluteMaxCapacity = 1.0 [= 1.0 maximumCapacity undefined, (parentAbsoluteMaxCapacity * maximumCapacity) / 100 otherwise ]
userLimit = 100 [= configuredUserLimit ]
userLimitFactor = 1.0 [= configuredUserLimitFactor ]
maxApplications = 10000 [= configuredMaximumSystemApplicationsPerQueue or (int)(configuredMaximumSystemApplications * absoluteCapacity)]
maxApplicationsPerUser = 10000 [= (int)(maxApplications * (userLimit / 100.0f) * userLimitFactor) ]
maxActiveApplications = 1 [= max((int)ceil((clusterResourceMemory / minimumAllocation) * maxAMResourcePerQueuePercent * absoluteMaxCapacity),1) ]
maxActiveAppsUsingAbsCap = 1 [= max((int)ceil((clusterResourceMemory / minimumAllocation) *maxAMResourcePercent * absoluteCapacity),1) ]
maxActiveApplicationsPerUser = 1 [= max((int)(maxActiveApplications * (userLimit / 100.0f) * userLimitFactor),1) ]
usedCapacity = 0.0 [= usedResourcesMemory / (clusterResourceMemory * absoluteCapacity)]
absoluteUsedCapacity = 0.0 [= usedResourcesMemory / clusterResourceMemory]
maxAMResourcePerQueuePercent = 0.1 [= configuredMaximumAMResourcePercent ]
minimumAllocationFactor = 0.875 [= (float)(maximumAllocationMemory - minimumAllocationMemory) / maximumAllocationMemory ]
numContainers = 0 [= currentNumContainers ]
state = RUNNING [= configuredState ]
acls = ADMINISTER_QUEUE:*SUBMIT_APPLICATIONS:* [= configuredAcls ]
nodeLocalityDelay = 40

2026-08-06 17:23:19,700 INFO org.apache.hadoop.yarn.server.resourcemanager.scheduler.capacity.CapacityScheduler: Initialized queue: default: capacity=1.0, absoluteCapacity=1.0, usedResources=<memory:0, vCores:0>, usedCapacity=0.0, absoluteUsedCapacity=0.0, numApps=0, numContainers=0
2026-08-06 17:23:19,700 INFO org.apache.hadoop.yarn.server.resourcemanager.scheduler.capacity.CapacityScheduler: Initialized queue: root: numChildQueue= 1, capacity=1.0, absoluteCapacity=1.0, usedResources=<memory:0, vCores:0>usedCapacity=0.0, numApps=0, numContainers=0
2026-08-06 17:23:19,700 INFO org.apache.hadoop.yarn.server.resourcemanager.scheduler.capacity.CapacityScheduler: Initialized root queue root: numChildQueue= 1, capacity=1.0, absoluteCapacity=1.0, usedResources=<memory:0, vCores:0>usedCapacity=0.0, numApps=0, numContainers=0
2026-08-06 17:23:19,701 INFO org.apache.hadoop.yarn.server.resourcemanager.scheduler.capacity.CapacityScheduler: Initialized CapacityScheduler with calculator=class org.apache.hadoop.yarn.util.resource.DefaultResourceCalculator, minimumAllocation=<<memory:1024, vCores:1>>, maximumAllocation=<<memory:8192, vCores:32>>, asynchronousScheduling=false, asyncScheduleInterval=5ms
2026-08-06 17:23:19,705 INFO org.apache.hadoop.yarn.server.resourcemanager.ResourceManager: Transitioning to active state
2026-08-06 17:23:19,708 INFO org.apache.hadoop.yarn.server.resourcemanager.security.RMContainerTokenSecretManager: Rolling master-key for container-tokens
2026-08-06 17:23:19,709 INFO org.apache.hadoop.yarn.server.resourcemanager.security.AMRMTokenSecretManager: Rolling master-key for amrm-tokens
2026-08-06 17:23:19,710 INFO org.apache.hadoop.yarn.server.resourcemanager.security.NMTokenSecretManagerInRM: Rolling master-key for nm-tokens
2026-08-06 17:23:19,710 INFO org.apache.hadoop.security.token.delegation.AbstractDelegationTokenSecretManager: Updating the current master key for generating delegation tokens
2026-08-06 17:23:19,710 INFO org.apache.hadoop.yarn.server.resourcemanager.security.RMDelegationTokenSecretManager: storing master key with keyID 1
2026-08-06 17:23:19,713 INFO org.apache.hadoop.security.token.delegation.AbstractDelegationTokenSecretManager: Starting expired delegation token remover thread, tokenRemoverScanInterval=60 min(s)
2026-08-06 17:23:19,714 INFO org.apache.hadoop.security.token.delegation.AbstractDelegationTokenSecretManager: Updating the current master key for generating delegation tokens
2026-08-06 17:23:19,714 INFO org.apache.hadoop.yarn.server.resourcemanager.security.RMDelegationTokenSecretManager: storing master key with keyID 2
2026-08-06 17:23:19,732 INFO org.apache.hadoop.ipc.CallQueueManager: Using callQueue class java.util.concurrent.LinkedBlockingQueue
2026-08-06 17:23:19,744 INFO org.apache.hadoop.ipc.Server: Starting Socket Reader #1 for port 8031
2026-08-06 17:23:19,764 INFO org.apache.hadoop.yarn.factories.impl.pb.RpcServerFactoryPBImpl: Adding protocol org.apache.hadoop.yarn.server.api.ResourceTrackerPB to the server
2026-08-06 17:23:19,770 INFO org.apache.hadoop.ipc.Server: IPC Server listener on 8031: starting
2026-08-06 17:23:19,770 INFO org.apache.hadoop.ipc.Server: IPC Server Responder: starting
2026-08-06 17:23:19,888 INFO org.apache.hadoop.ipc.CallQueueManager: Using callQueue class java.util.concurrent.LinkedBlockingQueue
2026-08-06 17:23:19,894 INFO org.apache.hadoop.ipc.Server: Starting Socket Reader #1 for port 8030
2026-08-06 17:23:19,900 INFO org.apache.hadoop.yarn.factories.impl.pb.RpcServerFactoryPBImpl: Adding protocol org.apache.hadoop.yarn.api.ApplicationMasterProtocolPB to the server
2026-08-06 17:23:19,902 INFO org.apache.hadoop.ipc.Server: IPC Server Responder: starting
2026-08-06 17:23:19,910 INFO org.apache.hadoop.ipc.Server: IPC Server listener on 8030: starting
2026-08-06 17:23:20,024 INFO org.apache.hadoop.ipc.CallQueueManager: Using callQueue class java.util.concurrent.LinkedBlockingQueue
2026-08-06 17:23:20,027 INFO org.apache.hadoop.ipc.Server: Starting Socket Reader #1 for port 8032
2026-08-06 17:23:20,030 INFO org.apache.hadoop.yarn.factories.impl.pb.RpcServerFactoryPBImpl: Adding protocol org.apache.hadoop.yarn.api.ApplicationClientProtocolPB to the server
2026-08-06 17:23:20,032 INFO org.apache.hadoop.ipc.Server: IPC Server Responder: starting
2026-08-06 17:23:20,037 INFO org.apache.hadoop.ipc.Server: IPC Server listener on 8032: starting
2026-08-06 17:23:20,165 INFO org.apache.hadoop.yarn.server.resourcemanager.ResourceManager: Transitioned to active state
2026-08-06 17:23:20,367 INFO org.mortbay.log: Logging to org.slf4j.impl.Log4jLoggerAdapter(org.mortbay.log) via org.mortbay.log.Slf4jLog
2026-08-06 17:23:20,379 INFO org.apache.hadoop.http.HttpRequestLog: Http request log for http.requests.resourcemanager is not defined
2026-08-06 17:23:20,396 INFO org.apache.hadoop.http.HttpServer2: Added global filter 'safety' (class=org.apache.hadoop.http.HttpServer2$QuotingInputFilter)
2026-08-06 17:23:20,410 INFO org.apache.hadoop.http.HttpServer2: Added filter YARNAuthenticationFilter (class=org.apache.hadoop.yarn.server.security.http.RMAuthenticationFilter) to context cluster
2026-08-06 17:23:20,410 INFO org.apache.hadoop.http.HttpServer2: Added filter YARNAuthenticationFilter (class=org.apache.hadoop.yarn.server.security.http.RMAuthenticationFilter) to context logs
2026-08-06 17:23:20,410 INFO org.apache.hadoop.http.HttpServer2: Added filter YARNAuthenticationFilter (class=org.apache.hadoop.yarn.server.security.http.RMAuthenticationFilter) to context static
2026-08-06 17:23:20,411 INFO org.apache.hadoop.http.HttpServer2: Added filter static_user_filter (class=org.apache.hadoop.http.lib.StaticUserWebFilter$StaticUserFilter) to context cluster
2026-08-06 17:23:20,411 INFO org.apache.hadoop.http.HttpServer2: Added filter static_user_filter (class=org.apache.hadoop.http.lib.StaticUserWebFilter$StaticUserFilter) to context logs
2026-08-06 17:23:20,411 INFO org.apache.hadoop.http.HttpServer2: Added filter static_user_filter (class=org.apache.hadoop.http.lib.StaticUserWebFilter$StaticUserFilter) to context static
2026-08-06 17:23:20,420 INFO org.apache.hadoop.http.HttpServer2: adding path spec: /cluster/*
2026-08-06 17:23:20,421 INFO org.apache.hadoop.http.HttpServer2: adding path spec: /ws/*
2026-08-06 17:23:20,435 INFO org.apache.hadoop.http.HttpServer2: Jetty bound to port 8088
2026-08-06 17:23:20,435 INFO org.mortbay.log: jetty-6.1.26
2026-08-06 17:23:20,473 INFO org.mortbay.log: Extract jar:file:/home/user/bigdata/hadoop-2.5.1/share/hadoop/yarn/hadoop-yarn-common-2.5.1.jar!/webapps/cluster to /tmp/Jetty_0_0_0_0_8088_cluster____u0rgz3/webapp
2026-08-06 17:23:20,936 WARN org.apache.hadoop.security.authentication.server.AuthenticationFilter: 'signature.secret' configuration not set, using a random value as secret
2026-08-06 17:23:20,980 WARN org.apache.hadoop.security.authentication.server.AuthenticationFilter: 'signature.secret' configuration not set, using a random value as secret
2026-08-06 17:23:20,980 WARN org.apache.hadoop.security.authentication.server.AuthenticationFilter: 'signature.secret' configuration not set, using a random value as secret
2026-08-06 17:23:20,982 INFO org.mortbay.log: Started HttpServer2$SelectChannelConnectorWithSafeStartup@0.0.0.0:8088
2026-08-06 17:23:20,983 INFO org.apache.hadoop.yarn.webapp.WebApps: Web app /cluster started at 8088
2026-08-06 17:23:21,644 INFO org.apache.hadoop.yarn.webapp.WebApps: Registered webapp guice modules
2026-08-06 17:23:21,672 INFO org.apache.hadoop.ipc.CallQueueManager: Using callQueue class java.util.concurrent.LinkedBlockingQueue
2026-08-06 17:23:21,672 INFO org.apache.hadoop.ipc.Server: Starting Socket Reader #1 for port 8033
2026-08-06 17:23:21,674 INFO org.apache.hadoop.yarn.factories.impl.pb.RpcServerFactoryPBImpl: Adding protocol org.apache.hadoop.yarn.server.api.ResourceManagerAdministrationProtocolPB to the server
2026-08-06 17:23:21,679 INFO org.apache.hadoop.ipc.Server: IPC Server Responder: starting
2026-08-06 17:23:21,680 INFO org.apache.hadoop.ipc.Server: IPC Server listener on 8033: starting
2026-08-06 17:23:23,241 INFO org.apache.hadoop.yarn.util.RackResolver: Resolved ubuntu to /default-rack
2026-08-06 17:23:23,247 INFO org.apache.hadoop.yarn.server.resourcemanager.rmnode.RMNodeImpl: ubuntu:45659 Node Transitioned from NEW to RUNNING
2026-08-06 17:23:23,248 INFO org.apache.hadoop.yarn.server.resourcemanager.scheduler.capacity.CapacityScheduler: Added node ubuntu:45659 clusterResource: <memory:8192, vCores:8>
2026-08-06 17:23:23,249 INFO org.apache.hadoop.yarn.server.resourcemanager.ResourceTrackerService: NodeManager from node ubuntu(cmPort: 45659 httpPort: 8042) registered with capability: <memory:8192, vCores:8>, assigned nodeId ubuntu:45659
2026-08-06 17:24:46,775 ERROR org.apache.hadoop.yarn.server.resourcemanager.ResourceManager: RECEIVED SIGNAL 15: SIGTERM
2026-08-06 17:24:46,781 INFO org.mortbay.log: Stopped HttpServer2$SelectChannelConnectorWithSafeStartup@0.0.0.0:8088
2026-08-06 17:24:46,882 INFO org.apache.hadoop.ipc.Server: Stopping server on 8032
2026-08-06 17:24:46,897 INFO org.apache.hadoop.ipc.Server: Stopping server on 8033
2026-08-06 17:24:46,899 INFO org.apache.hadoop.ipc.Server: Stopping IPC Server listener on 8032
2026-08-06 17:24:46,905 INFO org.apache.hadoop.ipc.Server: Stopping IPC Server Responder
2026-08-06 17:24:46,908 INFO org.apache.hadoop.ipc.Server: Stopping IPC Server listener on 8033
2026-08-06 17:24:46,909 INFO org.apache.hadoop.ipc.Server: Stopping IPC Server Responder
2026-08-06 17:24:46,909 INFO org.apache.hadoop.yarn.server.resourcemanager.ResourceManager: Transitioning to standby state
2026-08-06 17:24:46,909 INFO org.apache.hadoop.metrics2.impl.MetricsSystemImpl: Stopping ResourceManager metrics system...
2026-08-06 17:24:46,916 INFO org.apache.hadoop.metrics2.impl.MetricsSystemImpl: ResourceManager metrics system stopped.
2026-08-06 17:24:46,924 INFO org.apache.hadoop.metrics2.impl.MetricsSystemImpl: ResourceManager metrics system shutdown complete.
2026-08-06 17:24:46,927 INFO org.apache.hadoop.yarn.event.AsyncDispatcher: AsyncDispatcher is draining to stop, igonring any new events.
2026-08-06 17:24:46,931 WARN org.apache.hadoop.yarn.server.resourcemanager.amlauncher.ApplicationMasterLauncher: org.apache.hadoop.yarn.server.resourcemanager.amlauncher.ApplicationMasterLauncher$LauncherThread interrupted. Returning.
2026-08-06 17:24:46,935 INFO org.apache.hadoop.ipc.Server: Stopping server on 8030
2026-08-06 17:24:46,945 INFO org.apache.hadoop.ipc.Server: Stopping IPC Server listener on 8030
2026-08-06 17:24:46,958 INFO org.apache.hadoop.ipc.Server: Stopping IPC Server Responder
2026-08-06 17:24:46,959 INFO org.apache.hadoop.ipc.Server: Stopping server on 8031
2026-08-06 17:24:46,968 ERROR org.apache.hadoop.yarn.server.resourcemanager.ResourceManager: Returning, interrupted : java.lang.InterruptedException
2026-08-06 17:24:46,968 INFO org.apache.hadoop.yarn.event.AsyncDispatcher: AsyncDispatcher is draining to stop, igonring any new events.
2026-08-06 17:24:46,969 INFO org.apache.hadoop.yarn.event.AsyncDispatcher: AsyncDispatcher is draining to stop, igonring any new events.
2026-08-06 17:24:46,969 INFO org.apache.hadoop.ipc.Server: Stopping IPC Server Responder
2026-08-06 17:24:46,969 INFO org.apache.hadoop.yarn.event.AsyncDispatcher: AsyncDispatcher is draining to stop, igonring any new events.
2026-08-06 17:24:46,970 INFO org.apache.hadoop.yarn.event.AsyncDispatcher: AsyncDispatcher is draining to stop, igonring any new events.
2026-08-06 17:24:46,970 INFO org.apache.hadoop.yarn.util.AbstractLivelinessMonitor: NMLivelinessMonitor thread interrupted
2026-08-06 17:24:46,970 INFO org.apache.hadoop.ipc.Server: Stopping IPC Server listener on 8031
2026-08-06 17:24:46,972 INFO org.apache.hadoop.yarn.event.AsyncDispatcher: AsyncDispatcher is draining to stop, igonring any new events.
2026-08-06 17:24:46,972 INFO org.apache.hadoop.yarn.event.AsyncDispatcher: AsyncDispatcher is draining to stop, igonring any new events.
2026-08-06 17:24:46,973 INFO org.apache.hadoop.yarn.event.AsyncDispatcher: AsyncDispatcher is draining to stop, igonring any new events.
2026-08-06 17:24:46,973 INFO org.apache.hadoop.yarn.event.AsyncDispatcher: AsyncDispatcher is draining to stop, igonring any new events.
2026-08-06 17:24:46,975 INFO org.apache.hadoop.yarn.event.AsyncDispatcher: AsyncDispatcher is draining to stop, igonring any new events.
2026-08-06 17:24:46,976 INFO org.apache.hadoop.yarn.event.AsyncDispatcher: AsyncDispatcher is draining to stop, igonring any new events.
2026-08-06 17:24:46,977 INFO org.apache.hadoop.yarn.util.AbstractLivelinessMonitor: AMLivelinessMonitor thread interrupted
2026-08-06 17:24:46,979 INFO org.apache.hadoop.yarn.util.AbstractLivelinessMonitor: org.apache.hadoop.yarn.server.resourcemanager.rmcontainer.ContainerAllocationExpirer thread interrupted
2026-08-06 17:24:46,979 ERROR org.apache.hadoop.security.token.delegation.AbstractDelegationTokenSecretManager: ExpiredTokenRemover received java.lang.InterruptedException: sleep interrupted
2026-08-06 17:24:46,979 INFO org.apache.hadoop.yarn.util.AbstractLivelinessMonitor: AMLivelinessMonitor thread interrupted
2026-08-06 17:24:46,987 INFO org.apache.hadoop.yarn.server.resourcemanager.ResourceManager: Transitioned to standby state
2026-08-06 17:24:46,987 INFO org.apache.hadoop.yarn.server.resourcemanager.ResourceManager: SHUTDOWN_MSG: 
/************************************************************
SHUTDOWN_MSG: Shutting down ResourceManager at ubuntu/127.0.1.1
************************************************************/
2026-08-06 17:25:55,283 INFO org.apache.hadoop.yarn.server.resourcemanager.ResourceManager: STARTUP_MSG: 
/************************************************************
STARTUP_MSG: Starting ResourceManager
STARTUP_MSG:   host = ubuntu/127.0.1.1
STARTUP_MSG:   args = []
STARTUP_MSG:   version = 2.5.1
STARTUP_MSG:   classpath = /home/user/bigdata/hadoop-2.5.1/etc/hadoop:/home/user/bigdata/hadoop-2.5.1/etc/hadoop:/home/user/bigdata/hadoop-2.5.1/etc/hadoop:/home/user/bigdata/hadoop-2.5.1/share/hadoop/common/lib/jetty-util-6.1.26.jar:/home/user/bigdata/hadoop-2.5.1/share/hadoop/common/lib/apacheds-kerberos-codec-2.0.0-M15.jar:/home/user/bigdata/hadoop-2.5.1/share/hadoop/common/lib/commons-collections-3.2.1.jar:/home/user/bigdata/hadoop-2.5.1/share/hadoop/common/lib/jackson-core-asl-1.9.13.jar:/home/user/bigdata/hadoop-2.5.1/share/hadoop/common/lib/slf4j-log4j12-1.7.5.jar:/home/user/bigdata/hadoop-2.5.1/share/hadoop/common/lib/zookeeper-3.4.6.jar:/home/user/bigdata/hadoop-2.5.1/share/hadoop/common/lib/hadoop-auth-2.5.1.jar:/home/user/bigdata/hadoop-2.5.1/share/hadoop/common/lib/junit-4.11.jar:/home/user/bigdata/hadoop-2.5.1/share/hadoop/common/lib/api-util-1.0.0-M20.jar:/home/user/bigdata/hadoop-2.5.1/share/hadoop/common/lib/api-asn1-api-1.0.0-M20.jar:/home/user/bigdata/hadoop-2.5.1/share/hadoop/common/lib/jersey-core-1.9.jar:/home/user/bigdata/hadoop-2.5.1/share/hadoop/common/lib/commons-math3-3.1.1.jar:/home/user/bigdata/hadoop-2.5.1/share/hadoop/common/lib/jaxb-api-2.2.2.jar:/home/user/bigdata/hadoop-2.5.1/share/hadoop/common/lib/jackson-xc-1.9.13.jar:/home/user/bigdata/hadoop-2.5.1/share/hadoop/common/lib/junit.jar:/home/user/bigdata/hadoop-2.5.1/share/hadoop/common/lib/commons-configuration-1.6.jar:/home/user/bigdata/hadoop-2.5.1/share/hadoop/common/lib/stax-api-1.0-2.jar:/home/user/bigdata/hadoop-2.5.1/share/hadoop/common/lib/jsr305-1.3.9.jar:/home/user/bigdata/hadoop-2.5.1/share/hadoop/common/lib/jackson-jaxrs-1.9.13.jar:/home/user/bigdata/hadoop-2.5.1/share/hadoop/common/lib/log4j-1.2.17.jar:/home/user/bigdata/hadoop-2.5.1/share/hadoop/common/lib/jersey-server-1.9.jar:/home/user/bigdata/hadoop-2.5.1/share/hadoop/common/lib/java-xmlbuilder-0.4.jar:/home/user/bigdata/hadoop-2.5.1/share/hadoop/common/lib/avro-1.7.4.jar:/home/user/bigdata/hadoop-2.5.1/share/hadoop/common/lib/commons-logging-1.1.3.jar:/home/user/bigdata/hadoop-2.5.1/share/hadoop/common/lib/slf4j-api-1.7.5.jar:/home/user/bigdata/hadoop-2.5.1/share/hadoop/common/lib/httpcore-4.2.5.jar:/home/user/bigdata/hadoop-2.5.1/share/hadoop/common/lib/jaxb-impl-2.2.3-1.jar:/home/user/bigdata/hadoop-2.5.1/share/hadoop/common/lib/httpclient-4.2.5.jar:/home/user/bigdata/hadoop-2.5.1/share/hadoop/common/lib/jersey-json-1.9.jar:/home/user/bigdata/hadoop-2.5.1/share/hadoop/common/lib/commons-lang-2.6.jar:/home/user/bigdata/hadoop-2.5.1/share/hadoop/common/lib/commons-httpclient-3.1.jar:/home/user/bigdata/hadoop-2.5.1/share/hadoop/common/lib/jettison-1.1.jar:/home/user/bigdata/hadoop-2.5.1/share/hadoop/common/lib/netty-3.6.2.Final.jar:/home/user/bigdata/hadoop-2.5.1/share/hadoop/common/lib/commons-digester-1.8.jar:/home/user/bigdata/hadoop-2.5.1/share/hadoop/common/lib/apacheds-i18n-2.0.0-M15.jar:/home/user/bigdata/hadoop-2.5.1/share/hadoop/common/lib/commons-compress-1.4.1.jar:/home/user/bigdata/hadoop-2.5.1/share/hadoop/common/lib/commons-net-3.1.jar:/home/user/bigdata/hadoop-2.5.1/share/hadoop/common/lib/jsp-api-2.1.jar:/home/user/bigdata/hadoop-2.5.1/share/hadoop/common/lib/snappy-java-1.0.4.1.jar:/home/user/bigdata/hadoop-2.5.1/share/hadoop/common/lib/commons-el-1.0.jar:/home/user/bigdata/hadoop-2.5.1/share/hadoop/common/lib/hamcrest-core-1.3.jar:/home/user/bigdata/hadoop-2.5.1/share/hadoop/common/lib/xz-1.0.jar:/home/user/bigdata/hadoop-2.5.1/share/hadoop/common/lib/paranamer-2.3.jar:/home/user/bigdata/hadoop-2.5.1/share/hadoop/common/lib/commons-beanutils-core-1.8.0.jar:/home/user/bigdata/hadoop-2.5.1/share/hadoop/common/lib/commons-io-2.4.jar:/home/user/bigdata/hadoop-2.5.1/share/hadoop/common/lib/xmlenc-0.52.jar:/home/user/bigdata/hadoop-2.5.1/share/hadoop/common/lib/jasper-compiler-5.5.23.jar:/home/user/bigdata/hadoop-2.5.1/share/hadoop/common/lib/hamcrest-all-1.3.jar:/home/user/bigdata/hadoop-2.5.1/share/hadoop/common/lib/mockito-all-1.8.5.jar:/home/user/bigdata/hadoop-2.5.1/share/hadoop/common/lib/guava-11.0.2.jar:/home/user/bigdata/hadoop-2.5.1/share/hadoop/common/lib/jasper-runtime-5.5.23.jar:/home/user/bigdata/hadoop-2.5.1/share/hadoop/common/lib/commons-beanutils-1.7.0.jar:/home/user/bigdata/hadoop-2.5.1/share/hadoop/common/lib/servlet-api-2.5.jar:/home/user/bigdata/hadoop-2.5.1/share/hadoop/common/lib/jets3t-0.9.0.jar:/home/user/bigdata/hadoop-2.5.1/share/hadoop/common/lib/hadoop-annotations-2.5.1.jar:/home/user/bigdata/hadoop-2.5.1/share/hadoop/common/lib/protobuf-java-2.5.0.jar:/home/user/bigdata/hadoop-2.5.1/share/hadoop/common/lib/commons-codec-1.4.jar:/home/user/bigdata/hadoop-2.5.1/share/hadoop/common/lib/activation-1.1.jar:/home/user/bigdata/hadoop-2.5.1/share/hadoop/common/lib/jackson-mapper-asl-1.9.13.jar:/home/user/bigdata/hadoop-2.5.1/share/hadoop/common/lib/commons-cli-1.2.jar:/home/user/bigdata/hadoop-2.5.1/share/hadoop/common/lib/jsch-0.1.42.jar:/home/user/bigdata/hadoop-2.5.1/share/hadoop/common/lib/jetty-6.1.26.jar:/home/user/bigdata/hadoop-2.5.1/share/hadoop/common/lib/asm-3.2.jar:/home/user/bigdata/hadoop-2.5.1/share/hadoop/common/hadoop-nfs-2.5.1.jar:/home/user/bigdata/hadoop-2.5.1/share/hadoop/common/hadoop-common-2.5.1.jar:/home/user/bigdata/hadoop-2.5.1/share/hadoop/common/hadoop-common-2.5.1-tests.jar:/home/user/bigdata/hadoop-2.5.1/share/hadoop/hdfs:/home/user/bigdata/hadoop-2.5.1/share/hadoop/hdfs/lib/jetty-util-6.1.26.jar:/home/user/bigdata/hadoop-2.5.1/share/hadoop/hdfs/lib/jackson-core-asl-1.9.13.jar:/home/user/bigdata/hadoop-2.5.1/share/hadoop/hdfs/lib/jersey-core-1.9.jar:/home/user/bigdata/hadoop-2.5.1/share/hadoop/hdfs/lib/jsr305-1.3.9.jar:/home/user/bigdata/hadoop-2.5.1/share/hadoop/hdfs/lib/log4j-1.2.17.jar:/home/user/bigdata/hadoop-2.5.1/share/hadoop/hdfs/lib/jersey-server-1.9.jar:/home/user/bigdata/hadoop-2.5.1/share/hadoop/hdfs/lib/commons-logging-1.1.3.jar:/home/user/bigdata/hadoop-2.5.1/share/hadoop/hdfs/lib/commons-lang-2.6.jar:/home/user/bigdata/hadoop-2.5.1/share/hadoop/hdfs/lib/netty-3.6.2.Final.jar:/home/user/bigdata/hadoop-2.5.1/share/hadoop/hdfs/lib/jsp-api-2.1.jar:/home/user/bigdata/hadoop-2.5.1/share/hadoop/hdfs/lib/commons-el-1.0.jar:/home/user/bigdata/hadoop-2.5.1/share/hadoop/hdfs/lib/commons-io-2.4.jar:/home/user/bigdata/hadoop-2.5.1/share/hadoop/hdfs/lib/xmlenc-0.52.jar:/home/user/bigdata/hadoop-2.5.1/share/hadoop/hdfs/lib/guava-11.0.2.jar:/home/user/bigdata/hadoop-2.5.1/share/hadoop/hdfs/lib/jasper-runtime-5.5.23.jar:/home/user/bigdata/hadoop-2.5.1/share/hadoop/hdfs/lib/servlet-api-2.5.jar:/home/user/bigdata/hadoop-2.5.1/share/hadoop/hdfs/lib/protobuf-java-2.5.0.jar:/home/user/bigdata/hadoop-2.5.1/share/hadoop/hdfs/lib/commons-codec-1.4.jar:/home/user/bigdata/hadoop-2.5.1/share/hadoop/hdfs/lib/jackson-mapper-asl-1.9.13.jar:/home/user/bigdata/hadoop-2.5.1/share/hadoop/hdfs/lib/commons-cli-1.2.jar:/home/user/bigdata/hadoop-2.5.1/share/hadoop/hdfs/lib/jetty-6.1.26.jar:/home/user/bigdata/hadoop-2.5.1/share/hadoop/hdfs/lib/commons-daemon-1.0.13.jar:/home/user/bigdata/hadoop-2.5.1/share/hadoop/hdfs/lib/asm-3.2.jar:/home/user/bigdata/hadoop-2.5.1/share/hadoop/hdfs/hadoop-hdfs-2.5.1-tests.jar:/home/user/bigdata/hadoop-2.5.1/share/hadoop/hdfs/hadoop-hdfs-2.5.1.jar:/home/user/bigdata/hadoop-2.5.1/share/hadoop/hdfs/hadoop-hdfs-nfs-2.5.1.jar:/home/user/bigdata/hadoop-2.5.1/share/hadoop/yarn/lib/jetty-util-6.1.26.jar:/home/user/bigdata/hadoop-2.5.1/share/hadoop/yarn/lib/guice-servlet-3.0.jar:/home/user/bigdata/hadoop-2.5.1/share/hadoop/yarn/lib/commons-collections-3.2.1.jar:/home/user/bigdata/hadoop-2.5.1/share/hadoop/yarn/lib/jackson-core-asl-1.9.13.jar:/home/user/bigdata/hadoop-2.5.1/share/hadoop/yarn/lib/zookeeper-3.4.6.jar:/home/user/bigdata/hadoop-2.5.1/share/hadoop/yarn/lib/jersey-client-1.9.jar:/home/user/bigdata/hadoop-2.5.1/share/hadoop/yarn/lib/jersey-core-1.9.jar:/home/user/bigdata/hadoop-2.5.1/share/hadoop/yarn/lib/jaxb-api-2.2.2.jar:/home/user/bigdata/hadoop-2.5.1/share/hadoop/yarn/lib/aopalliance-1.0.jar:/home/user/bigdata/hadoop-2.5.1/share/hadoop/yarn/lib/jackson-xc-1.9.13.jar:/home/user/bigdata/hadoop-2.5.1/share/hadoop/yarn/lib/jersey-guice-1.9.jar:/home/user/bigdata/hadoop-2.5.1/share/hadoop/yarn/lib/stax-api-1.0-2.jar:/home/user/bigdata/hadoop-2.5.1/share/hadoop/yarn/lib/jsr305-1.3.9.jar:/home/user/bigdata/hadoop-2.5.1/share/hadoop/yarn/lib/jackson-jaxrs-1.9.13.jar:/home/user/bigdata/hadoop-2.5.1/share/hadoop/yarn/lib/log4j-1.2.17.jar:/home/user/bigdata/hadoop-2.5.1/share/hadoop/yarn/lib/jline-0.9.94.jar:/home/user/bigdata/hadoop-2.5.1/share/hadoop/yarn/lib/jersey-server-1.9.jar:/home/user/bigdata/hadoop-2.5.1/share/hadoop/yarn/lib/commons-logging-1.1.3.jar:/home/user/bigdata/hadoop-2.5.1/share/hadoop/yarn/lib/jaxb-impl-2.2.3-1.jar:/home/user/bigdata/hadoop-2.5.1/share/hadoop/yarn/lib/javax.inject-1.jar:/home/user/bigdata/hadoop-2.5.1/share/hadoop/yarn/lib/jersey-json-1.9.jar:/home/user/bigdata/hadoop-2.5.1/share/hadoop/yarn/lib/commons-lang-2.6.jar:/home/user/bigdata/hadoop-2.5.1/share/hadoop/yarn/lib/commons-httpclient-3.1.jar:/home/user/bigdata/hadoop-2.5.1/share/hadoop/yarn/lib/jettison-1.1.jar:/home/user/bigdata/hadoop-2.5.1/share/hadoop/yarn/lib/netty-3.6.2.Final.jar:/home/user/bigdata/hadoop-2.5.1/share/hadoop/yarn/lib/commons-compress-1.4.1.jar:/home/user/bigdata/hadoop-2.5.1/share/hadoop/yarn/lib/xz-1.0.jar:/home/user/bigdata/hadoop-2.5.1/share/hadoop/yarn/lib/commons-io-2.4.jar:/home/user/bigdata/hadoop-2.5.1/share/hadoop/yarn/lib/leveldbjni-all-1.8.jar:/home/user/bigdata/hadoop-2.5.1/share/hadoop/yarn/lib/guava-11.0.2.jar:/home/user/bigdata/hadoop-2.5.1/share/hadoop/yarn/lib/servlet-api-2.5.jar:/home/user/bigdata/hadoop-2.5.1/share/hadoop/yarn/lib/protobuf-java-2.5.0.jar:/home/user/bigdata/hadoop-2.5.1/share/hadoop/yarn/lib/commons-codec-1.4.jar:/home/user/bigdata/hadoop-2.5.1/share/hadoop/yarn/lib/activation-1.1.jar:/home/user/bigdata/hadoop-2.5.1/share/hadoop/yarn/lib/jackson-mapper-asl-1.9.13.jar:/home/user/bigdata/hadoop-2.5.1/share/hadoop/yarn/lib/guice-3.0.jar:/home/user/bigdata/hadoop-2.5.1/share/hadoop/yarn/lib/commons-cli-1.2.jar:/home/user/bigdata/hadoop-2.5.1/share/hadoop/yarn/lib/jetty-6.1.26.jar:/home/user/bigdata/hadoop-2.5.1/share/hadoop/yarn/lib/asm-3.2.jar:/home/user/bigdata/hadoop-2.5.1/share/hadoop/yarn/hadoop-yarn-server-web-proxy-2.5.1.jar:/home/user/bigdata/hadoop-2.5.1/share/hadoop/yarn/hadoop-yarn-applications-unmanaged-am-launcher-2.5.1.jar:/home/user/bigdata/hadoop-2.5.1/share/hadoop/yarn/hadoop-yarn-applications-distributedshell-2.5.1.jar:/home/user/bigdata/hadoop-2.5.1/share/hadoop/yarn/hadoop-yarn-server-nodemanager-2.5.1.jar:/home/user/bigdata/hadoop-2.5.1/share/hadoop/yarn/hadoop-yarn-server-tests-2.5.1.jar:/home/user/bigdata/hadoop-2.5.1/share/hadoop/yarn/hadoop-yarn-server-common-2.5.1.jar:/home/user/bigdata/hadoop-2.5.1/share/hadoop/yarn/hadoop-yarn-common-2.5.1.jar:/home/user/bigdata/hadoop-2.5.1/share/hadoop/yarn/hadoop-yarn-server-resourcemanager-2.5.1.jar:/home/user/bigdata/hadoop-2.5.1/share/hadoop/yarn/hadoop-yarn-client-2.5.1.jar:/home/user/bigdata/hadoop-2.5.1/share/hadoop/yarn/hadoop-yarn-server-applicationhistoryservice-2.5.1.jar:/home/user/bigdata/hadoop-2.5.1/share/hadoop/yarn/hadoop-yarn-api-2.5.1.jar:/home/user/bigdata/hadoop-2.5.1/share/hadoop/mapreduce/lib/guice-servlet-3.0.jar:/home/user/bigdata/hadoop-2.5.1/share/hadoop/mapreduce/lib/jackson-core-asl-1.9.13.jar:/home/user/bigdata/hadoop-2.5.1/share/hadoop/mapreduce/lib/junit-4.11.jar:/home/user/bigdata/hadoop-2.5.1/share/hadoop/mapreduce/lib/jersey-core-1.9.jar:/home/user/bigdata/hadoop-2.5.1/share/hadoop/mapreduce/lib/aopalliance-1.0.jar:/home/user/bigdata/hadoop-2.5.1/share/hadoop/mapreduce/lib/jersey-guice-1.9.jar:/home/user/bigdata/hadoop-2.5.1/share/hadoop/mapreduce/lib/log4j-1.2.17.jar:/home/user/bigdata/hadoop-2.5.1/share/hadoop/mapreduce/lib/jersey-server-1.9.jar:/home/user/bigdata/hadoop-2.5.1/share/hadoop/mapreduce/lib/avro-1.7.4.jar:/home/user/bigdata/hadoop-2.5.1/share/hadoop/mapreduce/lib/javax.inject-1.jar:/home/user/bigdata/hadoop-2.5.1/share/hadoop/mapreduce/lib/netty-3.6.2.Final.jar:/home/user/bigdata/hadoop-2.5.1/share/hadoop/mapreduce/lib/commons-compress-1.4.1.jar:/home/user/bigdata/hadoop-2.5.1/share/hadoop/mapreduce/lib/snappy-java-1.0.4.1.jar:/home/user/bigdata/hadoop-2.5.1/share/hadoop/mapreduce/lib/hamcrest-core-1.3.jar:/home/user/bigdata/hadoop-2.5.1/share/hadoop/mapreduce/lib/xz-1.0.jar:/home/user/bigdata/hadoop-2.5.1/share/hadoop/mapreduce/lib/paranamer-2.3.jar:/home/user/bigdata/hadoop-2.5.1/share/hadoop/mapreduce/lib/commons-io-2.4.jar:/home/user/bigdata/hadoop-2.5.1/share/hadoop/mapreduce/lib/leveldbjni-all-1.8.jar:/home/user/bigdata/hadoop-2.5.1/share/hadoop/mapreduce/lib/hadoop-annotations-2.5.1.jar:/home/user/bigdata/hadoop-2.5.1/share/hadoop/mapreduce/lib/protobuf-java-2.5.0.jar:/home/user/bigdata/hadoop-2.5.1/share/hadoop/mapreduce/lib/jackson-mapper-asl-1.9.13.jar:/home/user/bigdata/hadoop-2.5.1/share/hadoop/mapreduce/lib/guice-3.0.jar:/home/user/bigdata/hadoop-2.5.1/share/hadoop/mapreduce/lib/asm-3.2.jar:/home/user/bigdata/hadoop-2.5.1/share/hadoop/mapreduce/hadoop-mapreduce-client-common-2.5.1.jar:/home/user/bigdata/hadoop-2.5.1/share/hadoop/mapreduce/hadoop-mapreduce-client-hs-2.5.1.jar:/home/user/bigdata/hadoop-2.5.1/share/hadoop/mapreduce/hadoop-mapreduce-client-shuffle-2.5.1.jar:/home/user/bigdata/hadoop-2.5.1/share/hadoop/mapreduce/hadoop-mapreduce-client-core-2.5.1.jar:/home/user/bigdata/hadoop-2.5.1/share/hadoop/mapreduce/hadoop-mapreduce-client-jobclient-2.5.1.jar:/home/user/bigdata/hadoop-2.5.1/share/hadoop/mapreduce/hadoop-mapreduce-client-hs-plugins-2.5.1.jar:/home/user/bigdata/hadoop-2.5.1/share/hadoop/mapreduce/hadoop-mapreduce-client-jobclient-2.5.1-tests.jar:/home/user/bigdata/hadoop-2.5.1/share/hadoop/mapreduce/hadoop-mapreduce-examples-2.5.1.jar:/home/user/bigdata/hadoop-2.5.1/share/hadoop/mapreduce/hadoop-mapreduce-client-app-2.5.1.jar:/usr/lib/jvm/java-8-openjdk-amd64//lib/tools.jar:/home/user/bigdata/hadoop-2.5.1//contrib/capacity-scheduler/*.jar:/home/user/bigdata/hadoop-2.5.1//contrib/capacity-scheduler/*.jar:/home/user/bigdata/hadoop-2.5.1//contrib/capacity-scheduler/*.jar:/home/user/bigdata/hadoop-2.5.1/share/hadoop/yarn/hadoop-yarn-server-web-proxy-2.5.1.jar:/home/user/bigdata/hadoop-2.5.1/share/hadoop/yarn/hadoop-yarn-applications-unmanaged-am-launcher-2.5.1.jar:/home/user/bigdata/hadoop-2.5.1/share/hadoop/yarn/hadoop-yarn-applications-distributedshell-2.5.1.jar:/home/user/bigdata/hadoop-2.5.1/share/hadoop/yarn/hadoop-yarn-server-nodemanager-2.5.1.jar:/home/user/bigdata/hadoop-2.5.1/share/hadoop/yarn/hadoop-yarn-server-tests-2.5.1.jar:/home/user/bigdata/hadoop-2.5.1/share/hadoop/yarn/hadoop-yarn-server-common-2.5.1.jar:/home/user/bigdata/hadoop-2.5.1/share/hadoop/yarn/hadoop-yarn-common-2.5.1.jar:/home/user/bigdata/hadoop-2.5.1/share/hadoop/yarn/hadoop-yarn-server-resourcemanager-2.5.1.jar:/home/user/bigdata/hadoop-2.5.1/share/hadoop/yarn/hadoop-yarn-client-2.5.1.jar:/home/user/bigdata/hadoop-2.5.1/share/hadoop/yarn/hadoop-yarn-server-applicationhistoryservice-2.5.1.jar:/home/user/bigdata/hadoop-2.5.1/share/hadoop/yarn/hadoop-yarn-api-2.5.1.jar:/home/user/bigdata/hadoop-2.5.1/share/hadoop/yarn/lib/jetty-util-6.1.26.jar:/home/user/bigdata/hadoop-2.5.1/share/hadoop/yarn/lib/guice-servlet-3.0.jar:/home/user/bigdata/hadoop-2.5.1/share/hadoop/yarn/lib/commons-collections-3.2.1.jar:/home/user/bigdata/hadoop-2.5.1/share/hadoop/yarn/lib/jackson-core-asl-1.9.13.jar:/home/user/bigdata/hadoop-2.5.1/share/hadoop/yarn/lib/zookeeper-3.4.6.jar:/home/user/bigdata/hadoop-2.5.1/share/hadoop/yarn/lib/jersey-client-1.9.jar:/home/user/bigdata/hadoop-2.5.1/share/hadoop/yarn/lib/jersey-core-1.9.jar:/home/user/bigdata/hadoop-2.5.1/share/hadoop/yarn/lib/jaxb-api-2.2.2.jar:/home/user/bigdata/hadoop-2.5.1/share/hadoop/yarn/lib/aopalliance-1.0.jar:/home/user/bigdata/hadoop-2.5.1/share/hadoop/yarn/lib/jackson-xc-1.9.13.jar:/home/user/bigdata/hadoop-2.5.1/share/hadoop/yarn/lib/jersey-guice-1.9.jar:/home/user/bigdata/hadoop-2.5.1/share/hadoop/yarn/lib/stax-api-1.0-2.jar:/home/user/bigdata/hadoop-2.5.1/share/hadoop/yarn/lib/jsr305-1.3.9.jar:/home/user/bigdata/hadoop-2.5.1/share/hadoop/yarn/lib/jackson-jaxrs-1.9.13.jar:/home/user/bigdata/hadoop-2.5.1/share/hadoop/yarn/lib/log4j-1.2.17.jar:/home/user/bigdata/hadoop-2.5.1/share/hadoop/yarn/lib/jline-0.9.94.jar:/home/user/bigdata/hadoop-2.5.1/share/hadoop/yarn/lib/jersey-server-1.9.jar:/home/user/bigdata/hadoop-2.5.1/share/hadoop/yarn/lib/commons-logging-1.1.3.jar:/home/user/bigdata/hadoop-2.5.1/share/hadoop/yarn/lib/jaxb-impl-2.2.3-1.jar:/home/user/bigdata/hadoop-2.5.1/share/hadoop/yarn/lib/javax.inject-1.jar:/home/user/bigdata/hadoop-2.5.1/share/hadoop/yarn/lib/jersey-json-1.9.jar:/home/user/bigdata/hadoop-2.5.1/share/hadoop/yarn/lib/commons-lang-2.6.jar:/home/user/bigdata/hadoop-2.5.1/share/hadoop/yarn/lib/commons-httpclient-3.1.jar:/home/user/bigdata/hadoop-2.5.1/share/hadoop/yarn/lib/jettison-1.1.jar:/home/user/bigdata/hadoop-2.5.1/share/hadoop/yarn/lib/netty-3.6.2.Final.jar:/home/user/bigdata/hadoop-2.5.1/share/hadoop/yarn/lib/commons-compress-1.4.1.jar:/home/user/bigdata/hadoop-2.5.1/share/hadoop/yarn/lib/xz-1.0.jar:/home/user/bigdata/hadoop-2.5.1/share/hadoop/yarn/lib/commons-io-2.4.jar:/home/user/bigdata/hadoop-2.5.1/share/hadoop/yarn/lib/leveldbjni-all-1.8.jar:/home/user/bigdata/hadoop-2.5.1/share/hadoop/yarn/lib/guava-11.0.2.jar:/home/user/bigdata/hadoop-2.5.1/share/hadoop/yarn/lib/servlet-api-2.5.jar:/home/user/bigdata/hadoop-2.5.1/share/hadoop/yarn/lib/protobuf-java-2.5.0.jar:/home/user/bigdata/hadoop-2.5.1/share/hadoop/yarn/lib/commons-codec-1.4.jar:/home/user/bigdata/hadoop-2.5.1/share/hadoop/yarn/lib/activation-1.1.jar:/home/user/bigdata/hadoop-2.5.1/share/hadoop/yarn/lib/jackson-mapper-asl-1.9.13.jar:/home/user/bigdata/hadoop-2.5.1/share/hadoop/yarn/lib/guice-3.0.jar:/home/user/bigdata/hadoop-2.5.1/share/hadoop/yarn/lib/commons-cli-1.2.jar:/home/user/bigdata/hadoop-2.5.1/share/hadoop/yarn/lib/jetty-6.1.26.jar:/home/user/bigdata/hadoop-2.5.1/share/hadoop/yarn/lib/asm-3.2.jar:/home/user/bigdata/hadoop-2.5.1/etc/hadoop/rm-config/log4j.properties
STARTUP_MSG:   build = https://git-wip-us.apache.org/repos/asf/hadoop.git -r 2e18d179e4a8065b6a9f29cf2de9451891265cce; compiled by 'jenkins' on 2014-09-05T23:11Z
STARTUP_MSG:   java = 1.8.0_362
************************************************************/
2026-08-06 17:25:55,288 INFO org.apache.hadoop.yarn.server.resourcemanager.ResourceManager: registered UNIX signal handlers for [TERM, HUP, INT]
2026-08-06 17:25:55,427 INFO org.apache.hadoop.conf.Configuration: found resource core-site.xml at file:/home/user/bigdata/hadoop-2.5.1/etc/hadoop/core-site.xml
2026-08-06 17:25:55,451 INFO org.apache.hadoop.security.Groups: clearing userToGroupsMap cache
2026-08-06 17:25:55,454 INFO org.apache.hadoop.conf.Configuration: found resource yarn-site.xml at file:/home/user/bigdata/hadoop-2.5.1/etc/hadoop/yarn-site.xml
2026-08-06 17:25:55,493 INFO org.apache.hadoop.yarn.event.AsyncDispatcher: Registering class org.apache.hadoop.yarn.server.resourcemanager.RMFatalEventType for class org.apache.hadoop.yarn.server.resourcemanager.ResourceManager$RMFatalEventDispatcher
2026-08-06 17:25:55,561 INFO org.apache.hadoop.yarn.server.resourcemanager.security.NMTokenSecretManagerInRM: NMTokenKeyRollingInterval: 86400000ms and NMTokenKeyActivationDelay: 900000ms
2026-08-06 17:25:55,564 INFO org.apache.hadoop.yarn.server.resourcemanager.security.RMContainerTokenSecretManager: ContainerTokenKeyRollingInterval: 86400000ms and ContainerTokenKeyActivationDelay: 900000ms
2026-08-06 17:25:55,566 INFO org.apache.hadoop.yarn.server.resourcemanager.security.AMRMTokenSecretManager: Rolling master-key for amrm-tokens
2026-08-06 17:25:55,577 INFO org.apache.hadoop.yarn.event.AsyncDispatcher: Registering class org.apache.hadoop.yarn.server.resourcemanager.recovery.RMStateStoreEventType for class org.apache.hadoop.yarn.server.resourcemanager.recovery.RMStateStore$ForwardingEventHandler
2026-08-06 17:25:55,646 INFO org.apache.hadoop.yarn.event.AsyncDispatcher: Registering class org.apache.hadoop.yarn.server.resourcemanager.NodesListManagerEventType for class org.apache.hadoop.yarn.server.resourcemanager.NodesListManager
2026-08-06 17:25:55,646 INFO org.apache.hadoop.yarn.server.resourcemanager.ResourceManager: Using Scheduler: org.apache.hadoop.yarn.server.resourcemanager.scheduler.capacity.CapacityScheduler
2026-08-06 17:25:55,668 INFO org.apache.hadoop.yarn.event.AsyncDispatcher: Registering class org.apache.hadoop.yarn.server.resourcemanager.scheduler.event.SchedulerEventType for class org.apache.hadoop.yarn.server.resourcemanager.ResourceManager$SchedulerEventDispatcher
2026-08-06 17:25:55,669 INFO org.apache.hadoop.yarn.event.AsyncDispatcher: Registering class org.apache.hadoop.yarn.server.resourcemanager.rmapp.RMAppEventType for class org.apache.hadoop.yarn.server.resourcemanager.ResourceManager$ApplicationEventDispatcher
2026-08-06 17:25:55,669 INFO org.apache.hadoop.yarn.event.AsyncDispatcher: Registering class org.apache.hadoop.yarn.server.resourcemanager.rmapp.attempt.RMAppAttemptEventType for class org.apache.hadoop.yarn.server.resourcemanager.ResourceManager$ApplicationAttemptEventDispatcher
2026-08-06 17:25:55,670 INFO org.apache.hadoop.yarn.event.AsyncDispatcher: Registering class org.apache.hadoop.yarn.server.resourcemanager.rmnode.RMNodeEventType for class org.apache.hadoop.yarn.server.resourcemanager.ResourceManager$NodeEventDispatcher
2026-08-06 17:25:55,721 INFO org.apache.hadoop.metrics2.impl.MetricsConfig: loaded properties from hadoop-metrics2.properties
2026-08-06 17:25:55,788 INFO org.apache.hadoop.metrics2.impl.MetricsSystemImpl: Scheduled snapshot period at 10 second(s).
2026-08-06 17:25:55,788 INFO org.apache.hadoop.metrics2.impl.MetricsSystemImpl: ResourceManager metrics system started
2026-08-06 17:25:55,814 INFO org.apache.hadoop.yarn.event.AsyncDispatcher: Registering class org.apache.hadoop.yarn.server.resourcemanager.RMAppManagerEventType for class org.apache.hadoop.yarn.server.resourcemanager.RMAppManager
2026-08-06 17:25:55,818 INFO org.apache.hadoop.yarn.event.AsyncDispatcher: Registering class org.apache.hadoop.yarn.server.resourcemanager.amlauncher.AMLauncherEventType for class org.apache.hadoop.yarn.server.resourcemanager.amlauncher.ApplicationMasterLauncher
2026-08-06 17:25:55,819 INFO org.apache.hadoop.yarn.server.resourcemanager.RMNMInfo: Registered RMNMInfo MBean
2026-08-06 17:25:55,821 INFO org.apache.hadoop.yarn.event.AsyncDispatcher: Registering class org.apache.hadoop.yarn.server.resourcemanager.ahs.WritingHistoryEventType for class org.apache.hadoop.yarn.server.resourcemanager.ahs.RMApplicationHistoryWriter$ForwardingEventHandler
2026-08-06 17:25:55,821 INFO org.apache.hadoop.yarn.event.AsyncDispatcher: Registering class org.apache.hadoop.yarn.server.resourcemanager.ahs.WritingHistoryEventType for class org.apache.hadoop.yarn.server.resourcemanager.ahs.RMApplicationHistoryWriter$ForwardingEventHandler
2026-08-06 17:25:55,821 INFO org.apache.hadoop.yarn.event.AsyncDispatcher: Registering class org.apache.hadoop.yarn.server.resourcemanager.ahs.WritingHistoryEventType for class org.apache.hadoop.yarn.server.resourcemanager.ahs.RMApplicationHistoryWriter$ForwardingEventHandler
2026-08-06 17:25:55,821 INFO org.apache.hadoop.yarn.event.AsyncDispatcher: Registering class org.apache.hadoop.yarn.server.resourcemanager.ahs.WritingHistoryEventType for class org.apache.hadoop.yarn.server.resourcemanager.ahs.RMApplicationHistoryWriter$ForwardingEventHandler
2026-08-06 17:25:55,821 INFO org.apache.hadoop.yarn.event.AsyncDispatcher: Registering class org.apache.hadoop.yarn.server.resourcemanager.ahs.WritingHistoryEventType for class org.apache.hadoop.yarn.server.resourcemanager.ahs.RMApplicationHistoryWriter$ForwardingEventHandler
2026-08-06 17:25:55,821 INFO org.apache.hadoop.yarn.event.AsyncDispatcher: Registering class org.apache.hadoop.yarn.server.resourcemanager.ahs.WritingHistoryEventType for class org.apache.hadoop.yarn.server.resourcemanager.ahs.RMApplicationHistoryWriter$ForwardingEventHandler
2026-08-06 17:25:55,821 INFO org.apache.hadoop.yarn.event.AsyncDispatcher: Registering class org.apache.hadoop.yarn.server.resourcemanager.ahs.WritingHistoryEventType for class org.apache.hadoop.yarn.server.resourcemanager.ahs.RMApplicationHistoryWriter$ForwardingEventHandler
2026-08-06 17:25:55,821 INFO org.apache.hadoop.yarn.event.AsyncDispatcher: Registering class org.apache.hadoop.yarn.server.resourcemanager.ahs.WritingHistoryEventType for class org.apache.hadoop.yarn.server.resourcemanager.ahs.RMApplicationHistoryWriter$ForwardingEventHandler
2026-08-06 17:25:55,821 INFO org.apache.hadoop.yarn.event.AsyncDispatcher: Registering class org.apache.hadoop.yarn.server.resourcemanager.ahs.WritingHistoryEventType for class org.apache.hadoop.yarn.server.resourcemanager.ahs.RMApplicationHistoryWriter$ForwardingEventHandler
2026-08-06 17:25:55,821 INFO org.apache.hadoop.yarn.event.AsyncDispatcher: Registering class org.apache.hadoop.yarn.server.resourcemanager.ahs.WritingHistoryEventType for class org.apache.hadoop.yarn.server.resourcemanager.ahs.RMApplicationHistoryWriter$ForwardingEventHandler
2026-08-06 17:25:55,821 INFO org.apache.hadoop.util.HostsFileReader: Refreshing hosts (include/exclude) list
2026-08-06 17:25:55,823 INFO org.apache.hadoop.conf.Configuration: found resource capacity-scheduler.xml at file:/home/user/bigdata/hadoop-2.5.1/etc/hadoop/capacity-scheduler.xml
2026-08-06 17:25:55,854 INFO org.apache.hadoop.yarn.server.resourcemanager.scheduler.capacity.ParentQueue: root, capacity=1.0, asboluteCapacity=1.0, maxCapacity=1.0, asboluteMaxCapacity=1.0, state=RUNNING, acls=ADMINISTER_QUEUE:*SUBMIT_APPLICATIONS:*
2026-08-06 17:25:55,854 INFO org.apache.hadoop.yarn.server.resourcemanager.scheduler.capacity.ParentQueue: Initialized parent-queue root name=root, fullname=root
2026-08-06 17:25:55,859 INFO org.apache.hadoop.yarn.server.resourcemanager.scheduler.capacity.LeafQueue: Initializing default
capacity = 1.0 [= (float) configuredCapacity / 100 ]
asboluteCapacity = 1.0 [= parentAbsoluteCapacity * capacity ]
maxCapacity = 1.0 [= configuredMaxCapacity ]
absoluteMaxCapacity = 1.0 [= 1.0 maximumCapacity undefined, (parentAbsoluteMaxCapacity * maximumCapacity) / 100 otherwise ]
userLimit = 100 [= configuredUserLimit ]
userLimitFactor = 1.0 [= configuredUserLimitFactor ]
maxApplications = 10000 [= configuredMaximumSystemApplicationsPerQueue or (int)(configuredMaximumSystemApplications * absoluteCapacity)]
maxApplicationsPerUser = 10000 [= (int)(maxApplications * (userLimit / 100.0f) * userLimitFactor) ]
maxActiveApplications = 1 [= max((int)ceil((clusterResourceMemory / minimumAllocation) * maxAMResourcePerQueuePercent * absoluteMaxCapacity),1) ]
maxActiveAppsUsingAbsCap = 1 [= max((int)ceil((clusterResourceMemory / minimumAllocation) *maxAMResourcePercent * absoluteCapacity),1) ]
maxActiveApplicationsPerUser = 1 [= max((int)(maxActiveApplications * (userLimit / 100.0f) * userLimitFactor),1) ]
usedCapacity = 0.0 [= usedResourcesMemory / (clusterResourceMemory * absoluteCapacity)]
absoluteUsedCapacity = 0.0 [= usedResourcesMemory / clusterResourceMemory]
maxAMResourcePerQueuePercent = 0.1 [= configuredMaximumAMResourcePercent ]
minimumAllocationFactor = 0.875 [= (float)(maximumAllocationMemory - minimumAllocationMemory) / maximumAllocationMemory ]
numContainers = 0 [= currentNumContainers ]
state = RUNNING [= configuredState ]
acls = ADMINISTER_QUEUE:*SUBMIT_APPLICATIONS:* [= configuredAcls ]
nodeLocalityDelay = 40

2026-08-06 17:25:55,859 INFO org.apache.hadoop.yarn.server.resourcemanager.scheduler.capacity.CapacityScheduler: Initialized queue: default: capacity=1.0, absoluteCapacity=1.0, usedResources=<memory:0, vCores:0>, usedCapacity=0.0, absoluteUsedCapacity=0.0, numApps=0, numContainers=0
2026-08-06 17:25:55,859 INFO org.apache.hadoop.yarn.server.resourcemanager.scheduler.capacity.CapacityScheduler: Initialized queue: root: numChildQueue= 1, capacity=1.0, absoluteCapacity=1.0, usedResources=<memory:0, vCores:0>usedCapacity=0.0, numApps=0, numContainers=0
2026-08-06 17:25:55,859 INFO org.apache.hadoop.yarn.server.resourcemanager.scheduler.capacity.CapacityScheduler: Initialized root queue root: numChildQueue= 1, capacity=1.0, absoluteCapacity=1.0, usedResources=<memory:0, vCores:0>usedCapacity=0.0, numApps=0, numContainers=0
2026-08-06 17:25:55,859 INFO org.apache.hadoop.yarn.server.resourcemanager.scheduler.capacity.CapacityScheduler: Initialized CapacityScheduler with calculator=class org.apache.hadoop.yarn.util.resource.DefaultResourceCalculator, minimumAllocation=<<memory:1024, vCores:1>>, maximumAllocation=<<memory:8192, vCores:32>>, asynchronousScheduling=false, asyncScheduleInterval=5ms
2026-08-06 17:25:55,871 INFO org.apache.hadoop.yarn.server.resourcemanager.ResourceManager: Transitioning to active state
2026-08-06 17:25:55,875 INFO org.apache.hadoop.yarn.server.resourcemanager.security.RMContainerTokenSecretManager: Rolling master-key for container-tokens
2026-08-06 17:25:55,877 INFO org.apache.hadoop.yarn.server.resourcemanager.security.NMTokenSecretManagerInRM: Rolling master-key for nm-tokens
2026-08-06 17:25:55,877 INFO org.apache.hadoop.security.token.delegation.AbstractDelegationTokenSecretManager: Updating the current master key for generating delegation tokens
2026-08-06 17:25:55,877 INFO org.apache.hadoop.yarn.server.resourcemanager.security.RMDelegationTokenSecretManager: storing master key with keyID 1
2026-08-06 17:25:55,878 INFO org.apache.hadoop.yarn.server.resourcemanager.security.AMRMTokenSecretManager: Rolling master-key for amrm-tokens
2026-08-06 17:25:55,883 INFO org.apache.hadoop.security.token.delegation.AbstractDelegationTokenSecretManager: Starting expired delegation token remover thread, tokenRemoverScanInterval=60 min(s)
2026-08-06 17:25:55,883 INFO org.apache.hadoop.security.token.delegation.AbstractDelegationTokenSecretManager: Updating the current master key for generating delegation tokens
2026-08-06 17:25:55,883 INFO org.apache.hadoop.yarn.server.resourcemanager.security.RMDelegationTokenSecretManager: storing master key with keyID 2
2026-08-06 17:25:55,909 INFO org.apache.hadoop.ipc.CallQueueManager: Using callQueue class java.util.concurrent.LinkedBlockingQueue
2026-08-06 17:25:55,917 INFO org.apache.hadoop.ipc.Server: Starting Socket Reader #1 for port 8031
2026-08-06 17:25:55,927 INFO org.apache.hadoop.yarn.factories.impl.pb.RpcServerFactoryPBImpl: Adding protocol org.apache.hadoop.yarn.server.api.ResourceTrackerPB to the server
2026-08-06 17:25:55,927 INFO org.apache.hadoop.ipc.Server: IPC Server Responder: starting
2026-08-06 17:25:55,929 INFO org.apache.hadoop.ipc.Server: IPC Server listener on 8031: starting
2026-08-06 17:25:55,995 INFO org.apache.hadoop.ipc.CallQueueManager: Using callQueue class java.util.concurrent.LinkedBlockingQueue
2026-08-06 17:25:55,998 INFO org.apache.hadoop.ipc.Server: Starting Socket Reader #1 for port 8030
2026-08-06 17:25:56,003 INFO org.apache.hadoop.yarn.factories.impl.pb.RpcServerFactoryPBImpl: Adding protocol org.apache.hadoop.yarn.api.ApplicationMasterProtocolPB to the server
2026-08-06 17:25:56,003 INFO org.apache.hadoop.ipc.Server: IPC Server Responder: starting
2026-08-06 17:25:56,004 INFO org.apache.hadoop.ipc.Server: IPC Server listener on 8030: starting
2026-08-06 17:25:56,050 INFO org.apache.hadoop.ipc.CallQueueManager: Using callQueue class java.util.concurrent.LinkedBlockingQueue
2026-08-06 17:25:56,053 INFO org.apache.hadoop.ipc.Server: Starting Socket Reader #1 for port 8032
2026-08-06 17:25:56,054 INFO org.apache.hadoop.yarn.factories.impl.pb.RpcServerFactoryPBImpl: Adding protocol org.apache.hadoop.yarn.api.ApplicationClientProtocolPB to the server
2026-08-06 17:25:56,055 INFO org.apache.hadoop.ipc.Server: IPC Server Responder: starting
2026-08-06 17:25:56,055 INFO org.apache.hadoop.ipc.Server: IPC Server listener on 8032: starting
2026-08-06 17:25:56,095 INFO org.apache.hadoop.yarn.server.resourcemanager.ResourceManager: Transitioned to active state
2026-08-06 17:25:56,212 INFO org.mortbay.log: Logging to org.slf4j.impl.Log4jLoggerAdapter(org.mortbay.log) via org.mortbay.log.Slf4jLog
2026-08-06 17:25:56,214 INFO org.apache.hadoop.http.HttpRequestLog: Http request log for http.requests.resourcemanager is not defined
2026-08-06 17:25:56,221 INFO org.apache.hadoop.http.HttpServer2: Added global filter 'safety' (class=org.apache.hadoop.http.HttpServer2$QuotingInputFilter)
2026-08-06 17:25:56,226 INFO org.apache.hadoop.http.HttpServer2: Added filter YARNAuthenticationFilter (class=org.apache.hadoop.yarn.server.security.http.RMAuthenticationFilter) to context cluster
2026-08-06 17:25:56,226 INFO org.apache.hadoop.http.HttpServer2: Added filter YARNAuthenticationFilter (class=org.apache.hadoop.yarn.server.security.http.RMAuthenticationFilter) to context logs
2026-08-06 17:25:56,226 INFO org.apache.hadoop.http.HttpServer2: Added filter YARNAuthenticationFilter (class=org.apache.hadoop.yarn.server.security.http.RMAuthenticationFilter) to context static
2026-08-06 17:25:56,226 INFO org.apache.hadoop.http.HttpServer2: Added filter static_user_filter (class=org.apache.hadoop.http.lib.StaticUserWebFilter$StaticUserFilter) to context cluster
2026-08-06 17:25:56,226 INFO org.apache.hadoop.http.HttpServer2: Added filter static_user_filter (class=org.apache.hadoop.http.lib.StaticUserWebFilter$StaticUserFilter) to context logs
2026-08-06 17:25:56,226 INFO org.apache.hadoop.http.HttpServer2: Added filter static_user_filter (class=org.apache.hadoop.http.lib.StaticUserWebFilter$StaticUserFilter) to context static
2026-08-06 17:25:56,230 INFO org.apache.hadoop.http.HttpServer2: adding path spec: /cluster/*
2026-08-06 17:25:56,231 INFO org.apache.hadoop.http.HttpServer2: adding path spec: /ws/*
2026-08-06 17:25:56,245 INFO org.apache.hadoop.http.HttpServer2: Jetty bound to port 8088
2026-08-06 17:25:56,245 INFO org.mortbay.log: jetty-6.1.26
2026-08-06 17:25:56,266 INFO org.mortbay.log: Extract jar:file:/home/user/bigdata/hadoop-2.5.1/share/hadoop/yarn/hadoop-yarn-common-2.5.1.jar!/webapps/cluster to /tmp/Jetty_0_0_0_0_8088_cluster____u0rgz3/webapp
2026-08-06 17:25:56,408 WARN org.apache.hadoop.security.authentication.server.AuthenticationFilter: 'signature.secret' configuration not set, using a random value as secret
2026-08-06 17:25:56,435 WARN org.apache.hadoop.security.authentication.server.AuthenticationFilter: 'signature.secret' configuration not set, using a random value as secret
2026-08-06 17:25:56,436 WARN org.apache.hadoop.security.authentication.server.AuthenticationFilter: 'signature.secret' configuration not set, using a random value as secret
2026-08-06 17:25:56,441 INFO org.mortbay.log: Started HttpServer2$SelectChannelConnectorWithSafeStartup@0.0.0.0:8088
2026-08-06 17:25:56,441 INFO org.apache.hadoop.yarn.webapp.WebApps: Web app /cluster started at 8088
2026-08-06 17:25:56,855 INFO org.apache.hadoop.yarn.webapp.WebApps: Registered webapp guice modules
2026-08-06 17:25:56,869 INFO org.apache.hadoop.ipc.CallQueueManager: Using callQueue class java.util.concurrent.LinkedBlockingQueue
2026-08-06 17:25:56,869 INFO org.apache.hadoop.ipc.Server: Starting Socket Reader #1 for port 8033
2026-08-06 17:25:56,870 INFO org.apache.hadoop.yarn.factories.impl.pb.RpcServerFactoryPBImpl: Adding protocol org.apache.hadoop.yarn.server.api.ResourceManagerAdministrationProtocolPB to the server
2026-08-06 17:25:56,874 INFO org.apache.hadoop.ipc.Server: IPC Server Responder: starting
2026-08-06 17:25:56,874 INFO org.apache.hadoop.ipc.Server: IPC Server listener on 8033: starting
2026-08-06 17:25:58,512 INFO org.apache.hadoop.yarn.util.RackResolver: Resolved ubuntu to /default-rack
2026-08-06 17:25:58,519 INFO org.apache.hadoop.yarn.server.resourcemanager.ResourceTrackerService: NodeManager from node ubuntu(cmPort: 43605 httpPort: 8042) registered with capability: <memory:8192, vCores:8>, assigned nodeId ubuntu:43605
2026-08-06 17:25:58,521 INFO org.apache.hadoop.yarn.server.resourcemanager.rmnode.RMNodeImpl: ubuntu:43605 Node Transitioned from NEW to RUNNING
2026-08-06 17:25:58,522 INFO org.apache.hadoop.yarn.server.resourcemanager.scheduler.capacity.CapacityScheduler: Added node ubuntu:43605 clusterResource: <memory:8192, vCores:8>
2026-08-06 18:40:49,046 ERROR org.apache.hadoop.yarn.server.resourcemanager.ResourceManager: RECEIVED SIGNAL 15: SIGTERM
2026-08-06 18:40:49,060 INFO org.mortbay.log: Stopped HttpServer2$SelectChannelConnectorWithSafeStartup@0.0.0.0:8088
2026-08-06 18:40:49,162 INFO org.apache.hadoop.ipc.Server: Stopping server on 8032
2026-08-06 18:40:49,183 INFO org.apache.hadoop.ipc.Server: Stopping server on 8033
2026-08-06 18:40:49,183 INFO org.apache.hadoop.ipc.Server: Stopping IPC Server listener on 8032
2026-08-06 18:40:49,184 INFO org.apache.hadoop.ipc.Server: Stopping IPC Server Responder
2026-08-06 18:40:49,187 INFO org.apache.hadoop.ipc.Server: Stopping IPC Server listener on 8033
2026-08-06 18:40:49,189 INFO org.apache.hadoop.ipc.Server: Stopping IPC Server Responder
2026-08-06 18:40:49,193 INFO org.apache.hadoop.yarn.server.resourcemanager.ResourceManager: Transitioning to standby state
2026-08-06 18:40:49,195 INFO org.apache.hadoop.metrics2.impl.MetricsSystemImpl: Stopping ResourceManager metrics system...
2026-08-06 18:40:49,200 INFO org.apache.hadoop.metrics2.impl.MetricsSystemImpl: ResourceManager metrics system stopped.
2026-08-06 18:40:49,203 INFO org.apache.hadoop.metrics2.impl.MetricsSystemImpl: ResourceManager metrics system shutdown complete.
2026-08-06 18:40:49,203 INFO org.apache.hadoop.yarn.event.AsyncDispatcher: AsyncDispatcher is draining to stop, igonring any new events.
2026-08-06 18:40:49,203 WARN org.apache.hadoop.yarn.server.resourcemanager.amlauncher.ApplicationMasterLauncher: org.apache.hadoop.yarn.server.resourcemanager.amlauncher.ApplicationMasterLauncher$LauncherThread interrupted. Returning.
2026-08-06 18:40:49,204 INFO org.apache.hadoop.ipc.Server: Stopping server on 8030
2026-08-06 18:40:49,215 INFO org.apache.hadoop.ipc.Server: Stopping IPC Server listener on 8030
2026-08-06 18:40:49,215 INFO org.apache.hadoop.ipc.Server: Stopping IPC Server Responder
2026-08-06 18:40:49,216 INFO org.apache.hadoop.ipc.Server: Stopping server on 8031
2026-08-06 18:40:49,220 ERROR org.apache.hadoop.yarn.server.resourcemanager.ResourceManager: Returning, interrupted : java.lang.InterruptedException
2026-08-06 18:40:49,220 INFO org.apache.hadoop.yarn.event.AsyncDispatcher: AsyncDispatcher is draining to stop, igonring any new events.
2026-08-06 18:40:49,221 INFO org.apache.hadoop.yarn.util.AbstractLivelinessMonitor: NMLivelinessMonitor thread interrupted
2026-08-06 18:40:49,221 INFO org.apache.hadoop.ipc.Server: Stopping IPC Server Responder
2026-08-06 18:40:49,222 INFO org.apache.hadoop.yarn.event.AsyncDispatcher: AsyncDispatcher is draining to stop, igonring any new events.
2026-08-06 18:40:49,225 INFO org.apache.hadoop.yarn.event.AsyncDispatcher: AsyncDispatcher is draining to stop, igonring any new events.
2026-08-06 18:40:49,225 INFO org.apache.hadoop.ipc.Server: Stopping IPC Server listener on 8031
2026-08-06 18:40:49,228 INFO org.apache.hadoop.yarn.event.AsyncDispatcher: AsyncDispatcher is draining to stop, igonring any new events.
2026-08-06 18:40:49,230 INFO org.apache.hadoop.yarn.event.AsyncDispatcher: AsyncDispatcher is draining to stop, igonring any new events.
2026-08-06 18:40:49,230 INFO org.apache.hadoop.yarn.event.AsyncDispatcher: AsyncDispatcher is draining to stop, igonring any new events.
2026-08-06 18:40:49,233 INFO org.apache.hadoop.yarn.event.AsyncDispatcher: AsyncDispatcher is draining to stop, igonring any new events.
2026-08-06 18:40:49,253 INFO org.apache.hadoop.yarn.event.AsyncDispatcher: AsyncDispatcher is draining to stop, igonring any new events.
2026-08-06 18:40:49,254 INFO org.apache.hadoop.yarn.event.AsyncDispatcher: AsyncDispatcher is draining to stop, igonring any new events.
2026-08-06 18:40:49,257 INFO org.apache.hadoop.yarn.event.AsyncDispatcher: AsyncDispatcher is draining to stop, igonring any new events.
2026-08-06 18:40:49,258 INFO org.apache.hadoop.yarn.util.AbstractLivelinessMonitor: AMLivelinessMonitor thread interrupted
2026-08-06 18:40:49,260 INFO org.apache.hadoop.yarn.util.AbstractLivelinessMonitor: AMLivelinessMonitor thread interrupted
2026-08-06 18:40:49,260 ERROR org.apache.hadoop.security.token.delegation.AbstractDelegationTokenSecretManager: ExpiredTokenRemover received java.lang.InterruptedException: sleep interrupted
2026-08-06 18:40:49,260 INFO org.apache.hadoop.yarn.util.AbstractLivelinessMonitor: org.apache.hadoop.yarn.server.resourcemanager.rmcontainer.ContainerAllocationExpirer thread interrupted
2026-08-06 18:40:49,261 INFO org.apache.hadoop.yarn.server.resourcemanager.ResourceManager: Transitioned to standby state
2026-08-06 18:40:49,261 INFO org.apache.hadoop.yarn.server.resourcemanager.ResourceManager: SHUTDOWN_MSG: 
/************************************************************
SHUTDOWN_MSG: Shutting down ResourceManager at ubuntu/127.0.1.1
************************************************************/
2026-08-06 18:45:45,219 INFO org.apache.hadoop.yarn.server.resourcemanager.ResourceManager: STARTUP_MSG: 
/************************************************************
STARTUP_MSG: Starting ResourceManager
STARTUP_MSG:   host = ubuntu/127.0.1.1
STARTUP_MSG:   args = []
STARTUP_MSG:   version = 2.5.1
STARTUP_MSG:   classpath = /home/user/bigdata/hadoop-2.5.1/etc/hadoop:/home/user/bigdata/hadoop-2.5.1/etc/hadoop:/home/user/bigdata/hadoop-2.5.1/etc/hadoop:/home/user/bigdata/hadoop-2.5.1/share/hadoop/common/lib/jetty-util-6.1.26.jar:/home/user/bigdata/hadoop-2.5.1/share/hadoop/common/lib/apacheds-kerberos-codec-2.0.0-M15.jar:/home/user/bigdata/hadoop-2.5.1/share/hadoop/common/lib/commons-collections-3.2.1.jar:/home/user/bigdata/hadoop-2.5.1/share/hadoop/common/lib/jackson-core-asl-1.9.13.jar:/home/user/bigdata/hadoop-2.5.1/share/hadoop/common/lib/slf4j-log4j12-1.7.5.jar:/home/user/bigdata/hadoop-2.5.1/share/hadoop/common/lib/zookeeper-3.4.6.jar:/home/user/bigdata/hadoop-2.5.1/share/hadoop/common/lib/hadoop-auth-2.5.1.jar:/home/user/bigdata/hadoop-2.5.1/share/hadoop/common/lib/junit-4.11.jar:/home/user/bigdata/hadoop-2.5.1/share/hadoop/common/lib/api-util-1.0.0-M20.jar:/home/user/bigdata/hadoop-2.5.1/share/hadoop/common/lib/api-asn1-api-1.0.0-M20.jar:/home/user/bigdata/hadoop-2.5.1/share/hadoop/common/lib/jersey-core-1.9.jar:/home/user/bigdata/hadoop-2.5.1/share/hadoop/common/lib/commons-math3-3.1.1.jar:/home/user/bigdata/hadoop-2.5.1/share/hadoop/common/lib/jaxb-api-2.2.2.jar:/home/user/bigdata/hadoop-2.5.1/share/hadoop/common/lib/jackson-xc-1.9.13.jar:/home/user/bigdata/hadoop-2.5.1/share/hadoop/common/lib/junit.jar:/home/user/bigdata/hadoop-2.5.1/share/hadoop/common/lib/commons-configuration-1.6.jar:/home/user/bigdata/hadoop-2.5.1/share/hadoop/common/lib/stax-api-1.0-2.jar:/home/user/bigdata/hadoop-2.5.1/share/hadoop/common/lib/jsr305-1.3.9.jar:/home/user/bigdata/hadoop-2.5.1/share/hadoop/common/lib/jackson-jaxrs-1.9.13.jar:/home/user/bigdata/hadoop-2.5.1/share/hadoop/common/lib/log4j-1.2.17.jar:/home/user/bigdata/hadoop-2.5.1/share/hadoop/common/lib/jersey-server-1.9.jar:/home/user/bigdata/hadoop-2.5.1/share/hadoop/common/lib/java-xmlbuilder-0.4.jar:/home/user/bigdata/hadoop-2.5.1/share/hadoop/common/lib/avro-1.7.4.jar:/home/user/bigdata/hadoop-2.5.1/share/hadoop/common/lib/commons-logging-1.1.3.jar:/home/user/bigdata/hadoop-2.5.1/share/hadoop/common/lib/slf4j-api-1.7.5.jar:/home/user/bigdata/hadoop-2.5.1/share/hadoop/common/lib/httpcore-4.2.5.jar:/home/user/bigdata/hadoop-2.5.1/share/hadoop/common/lib/jaxb-impl-2.2.3-1.jar:/home/user/bigdata/hadoop-2.5.1/share/hadoop/common/lib/httpclient-4.2.5.jar:/home/user/bigdata/hadoop-2.5.1/share/hadoop/common/lib/jersey-json-1.9.jar:/home/user/bigdata/hadoop-2.5.1/share/hadoop/common/lib/commons-lang-2.6.jar:/home/user/bigdata/hadoop-2.5.1/share/hadoop/common/lib/commons-httpclient-3.1.jar:/home/user/bigdata/hadoop-2.5.1/share/hadoop/common/lib/jettison-1.1.jar:/home/user/bigdata/hadoop-2.5.1/share/hadoop/common/lib/netty-3.6.2.Final.jar:/home/user/bigdata/hadoop-2.5.1/share/hadoop/common/lib/commons-digester-1.8.jar:/home/user/bigdata/hadoop-2.5.1/share/hadoop/common/lib/apacheds-i18n-2.0.0-M15.jar:/home/user/bigdata/hadoop-2.5.1/share/hadoop/common/lib/commons-compress-1.4.1.jar:/home/user/bigdata/hadoop-2.5.1/share/hadoop/common/lib/commons-net-3.1.jar:/home/user/bigdata/hadoop-2.5.1/share/hadoop/common/lib/jsp-api-2.1.jar:/home/user/bigdata/hadoop-2.5.1/share/hadoop/common/lib/snappy-java-1.0.4.1.jar:/home/user/bigdata/hadoop-2.5.1/share/hadoop/common/lib/commons-el-1.0.jar:/home/user/bigdata/hadoop-2.5.1/share/hadoop/common/lib/hamcrest-core-1.3.jar:/home/user/bigdata/hadoop-2.5.1/share/hadoop/common/lib/xz-1.0.jar:/home/user/bigdata/hadoop-2.5.1/share/hadoop/common/lib/paranamer-2.3.jar:/home/user/bigdata/hadoop-2.5.1/share/hadoop/common/lib/commons-beanutils-core-1.8.0.jar:/home/user/bigdata/hadoop-2.5.1/share/hadoop/common/lib/commons-io-2.4.jar:/home/user/bigdata/hadoop-2.5.1/share/hadoop/common/lib/xmlenc-0.52.jar:/home/user/bigdata/hadoop-2.5.1/share/hadoop/common/lib/jasper-compiler-5.5.23.jar:/home/user/bigdata/hadoop-2.5.1/share/hadoop/common/lib/hamcrest-all-1.3.jar:/home/user/bigdata/hadoop-2.5.1/share/hadoop/common/lib/mockito-all-1.8.5.jar:/home/user/bigdata/hadoop-2.5.1/share/hadoop/common/lib/guava-11.0.2.jar:/home/user/bigdata/hadoop-2.5.1/share/hadoop/common/lib/jasper-runtime-5.5.23.jar:/home/user/bigdata/hadoop-2.5.1/share/hadoop/common/lib/commons-beanutils-1.7.0.jar:/home/user/bigdata/hadoop-2.5.1/share/hadoop/common/lib/servlet-api-2.5.jar:/home/user/bigdata/hadoop-2.5.1/share/hadoop/common/lib/jets3t-0.9.0.jar:/home/user/bigdata/hadoop-2.5.1/share/hadoop/common/lib/hadoop-annotations-2.5.1.jar:/home/user/bigdata/hadoop-2.5.1/share/hadoop/common/lib/protobuf-java-2.5.0.jar:/home/user/bigdata/hadoop-2.5.1/share/hadoop/common/lib/commons-codec-1.4.jar:/home/user/bigdata/hadoop-2.5.1/share/hadoop/common/lib/activation-1.1.jar:/home/user/bigdata/hadoop-2.5.1/share/hadoop/common/lib/jackson-mapper-asl-1.9.13.jar:/home/user/bigdata/hadoop-2.5.1/share/hadoop/common/lib/commons-cli-1.2.jar:/home/user/bigdata/hadoop-2.5.1/share/hadoop/common/lib/jsch-0.1.42.jar:/home/user/bigdata/hadoop-2.5.1/share/hadoop/common/lib/jetty-6.1.26.jar:/home/user/bigdata/hadoop-2.5.1/share/hadoop/common/lib/asm-3.2.jar:/home/user/bigdata/hadoop-2.5.1/share/hadoop/common/hadoop-nfs-2.5.1.jar:/home/user/bigdata/hadoop-2.5.1/share/hadoop/common/hadoop-common-2.5.1.jar:/home/user/bigdata/hadoop-2.5.1/share/hadoop/common/hadoop-common-2.5.1-tests.jar:/home/user/bigdata/hadoop-2.5.1/share/hadoop/hdfs:/home/user/bigdata/hadoop-2.5.1/share/hadoop/hdfs/lib/jetty-util-6.1.26.jar:/home/user/bigdata/hadoop-2.5.1/share/hadoop/hdfs/lib/jackson-core-asl-1.9.13.jar:/home/user/bigdata/hadoop-2.5.1/share/hadoop/hdfs/lib/jersey-core-1.9.jar:/home/user/bigdata/hadoop-2.5.1/share/hadoop/hdfs/lib/jsr305-1.3.9.jar:/home/user/bigdata/hadoop-2.5.1/share/hadoop/hdfs/lib/log4j-1.2.17.jar:/home/user/bigdata/hadoop-2.5.1/share/hadoop/hdfs/lib/jersey-server-1.9.jar:/home/user/bigdata/hadoop-2.5.1/share/hadoop/hdfs/lib/commons-logging-1.1.3.jar:/home/user/bigdata/hadoop-2.5.1/share/hadoop/hdfs/lib/commons-lang-2.6.jar:/home/user/bigdata/hadoop-2.5.1/share/hadoop/hdfs/lib/netty-3.6.2.Final.jar:/home/user/bigdata/hadoop-2.5.1/share/hadoop/hdfs/lib/jsp-api-2.1.jar:/home/user/bigdata/hadoop-2.5.1/share/hadoop/hdfs/lib/commons-el-1.0.jar:/home/user/bigdata/hadoop-2.5.1/share/hadoop/hdfs/lib/commons-io-2.4.jar:/home/user/bigdata/hadoop-2.5.1/share/hadoop/hdfs/lib/xmlenc-0.52.jar:/home/user/bigdata/hadoop-2.5.1/share/hadoop/hdfs/lib/guava-11.0.2.jar:/home/user/bigdata/hadoop-2.5.1/share/hadoop/hdfs/lib/jasper-runtime-5.5.23.jar:/home/user/bigdata/hadoop-2.5.1/share/hadoop/hdfs/lib/servlet-api-2.5.jar:/home/user/bigdata/hadoop-2.5.1/share/hadoop/hdfs/lib/protobuf-java-2.5.0.jar:/home/user/bigdata/hadoop-2.5.1/share/hadoop/hdfs/lib/commons-codec-1.4.jar:/home/user/bigdata/hadoop-2.5.1/share/hadoop/hdfs/lib/jackson-mapper-asl-1.9.13.jar:/home/user/bigdata/hadoop-2.5.1/share/hadoop/hdfs/lib/commons-cli-1.2.jar:/home/user/bigdata/hadoop-2.5.1/share/hadoop/hdfs/lib/jetty-6.1.26.jar:/home/user/bigdata/hadoop-2.5.1/share/hadoop/hdfs/lib/commons-daemon-1.0.13.jar:/home/user/bigdata/hadoop-2.5.1/share/hadoop/hdfs/lib/asm-3.2.jar:/home/user/bigdata/hadoop-2.5.1/share/hadoop/hdfs/hadoop-hdfs-2.5.1-tests.jar:/home/user/bigdata/hadoop-2.5.1/share/hadoop/hdfs/hadoop-hdfs-2.5.1.jar:/home/user/bigdata/hadoop-2.5.1/share/hadoop/hdfs/hadoop-hdfs-nfs-2.5.1.jar:/home/user/bigdata/hadoop-2.5.1/share/hadoop/yarn/lib/jetty-util-6.1.26.jar:/home/user/bigdata/hadoop-2.5.1/share/hadoop/yarn/lib/guice-servlet-3.0.jar:/home/user/bigdata/hadoop-2.5.1/share/hadoop/yarn/lib/commons-collections-3.2.1.jar:/home/user/bigdata/hadoop-2.5.1/share/hadoop/yarn/lib/jackson-core-asl-1.9.13.jar:/home/user/bigdata/hadoop-2.5.1/share/hadoop/yarn/lib/zookeeper-3.4.6.jar:/home/user/bigdata/hadoop-2.5.1/share/hadoop/yarn/lib/jersey-client-1.9.jar:/home/user/bigdata/hadoop-2.5.1/share/hadoop/yarn/lib/jersey-core-1.9.jar:/home/user/bigdata/hadoop-2.5.1/share/hadoop/yarn/lib/jaxb-api-2.2.2.jar:/home/user/bigdata/hadoop-2.5.1/share/hadoop/yarn/lib/aopalliance-1.0.jar:/home/user/bigdata/hadoop-2.5.1/share/hadoop/yarn/lib/jackson-xc-1.9.13.jar:/home/user/bigdata/hadoop-2.5.1/share/hadoop/yarn/lib/jersey-guice-1.9.jar:/home/user/bigdata/hadoop-2.5.1/share/hadoop/yarn/lib/stax-api-1.0-2.jar:/home/user/bigdata/hadoop-2.5.1/share/hadoop/yarn/lib/jsr305-1.3.9.jar:/home/user/bigdata/hadoop-2.5.1/share/hadoop/yarn/lib/jackson-jaxrs-1.9.13.jar:/home/user/bigdata/hadoop-2.5.1/share/hadoop/yarn/lib/log4j-1.2.17.jar:/home/user/bigdata/hadoop-2.5.1/share/hadoop/yarn/lib/jline-0.9.94.jar:/home/user/bigdata/hadoop-2.5.1/share/hadoop/yarn/lib/jersey-server-1.9.jar:/home/user/bigdata/hadoop-2.5.1/share/hadoop/yarn/lib/commons-logging-1.1.3.jar:/home/user/bigdata/hadoop-2.5.1/share/hadoop/yarn/lib/jaxb-impl-2.2.3-1.jar:/home/user/bigdata/hadoop-2.5.1/share/hadoop/yarn/lib/javax.inject-1.jar:/home/user/bigdata/hadoop-2.5.1/share/hadoop/yarn/lib/jersey-json-1.9.jar:/home/user/bigdata/hadoop-2.5.1/share/hadoop/yarn/lib/commons-lang-2.6.jar:/home/user/bigdata/hadoop-2.5.1/share/hadoop/yarn/lib/commons-httpclient-3.1.jar:/home/user/bigdata/hadoop-2.5.1/share/hadoop/yarn/lib/jettison-1.1.jar:/home/user/bigdata/hadoop-2.5.1/share/hadoop/yarn/lib/netty-3.6.2.Final.jar:/home/user/bigdata/hadoop-2.5.1/share/hadoop/yarn/lib/commons-compress-1.4.1.jar:/home/user/bigdata/hadoop-2.5.1/share/hadoop/yarn/lib/xz-1.0.jar:/home/user/bigdata/hadoop-2.5.1/share/hadoop/yarn/lib/commons-io-2.4.jar:/home/user/bigdata/hadoop-2.5.1/share/hadoop/yarn/lib/leveldbjni-all-1.8.jar:/home/user/bigdata/hadoop-2.5.1/share/hadoop/yarn/lib/guava-11.0.2.jar:/home/user/bigdata/hadoop-2.5.1/share/hadoop/yarn/lib/servlet-api-2.5.jar:/home/user/bigdata/hadoop-2.5.1/share/hadoop/yarn/lib/protobuf-java-2.5.0.jar:/home/user/bigdata/hadoop-2.5.1/share/hadoop/yarn/lib/commons-codec-1.4.jar:/home/user/bigdata/hadoop-2.5.1/share/hadoop/yarn/lib/activation-1.1.jar:/home/user/bigdata/hadoop-2.5.1/share/hadoop/yarn/lib/jackson-mapper-asl-1.9.13.jar:/home/user/bigdata/hadoop-2.5.1/share/hadoop/yarn/lib/guice-3.0.jar:/home/user/bigdata/hadoop-2.5.1/share/hadoop/yarn/lib/commons-cli-1.2.jar:/home/user/bigdata/hadoop-2.5.1/share/hadoop/yarn/lib/jetty-6.1.26.jar:/home/user/bigdata/hadoop-2.5.1/share/hadoop/yarn/lib/asm-3.2.jar:/home/user/bigdata/hadoop-2.5.1/share/hadoop/yarn/hadoop-yarn-server-web-proxy-2.5.1.jar:/home/user/bigdata/hadoop-2.5.1/share/hadoop/yarn/hadoop-yarn-applications-unmanaged-am-launcher-2.5.1.jar:/home/user/bigdata/hadoop-2.5.1/share/hadoop/yarn/hadoop-yarn-applications-distributedshell-2.5.1.jar:/home/user/bigdata/hadoop-2.5.1/share/hadoop/yarn/hadoop-yarn-server-nodemanager-2.5.1.jar:/home/user/bigdata/hadoop-2.5.1/share/hadoop/yarn/hadoop-yarn-server-tests-2.5.1.jar:/home/user/bigdata/hadoop-2.5.1/share/hadoop/yarn/hadoop-yarn-server-common-2.5.1.jar:/home/user/bigdata/hadoop-2.5.1/share/hadoop/yarn/hadoop-yarn-common-2.5.1.jar:/home/user/bigdata/hadoop-2.5.1/share/hadoop/yarn/hadoop-yarn-server-resourcemanager-2.5.1.jar:/home/user/bigdata/hadoop-2.5.1/share/hadoop/yarn/hadoop-yarn-client-2.5.1.jar:/home/user/bigdata/hadoop-2.5.1/share/hadoop/yarn/hadoop-yarn-server-applicationhistoryservice-2.5.1.jar:/home/user/bigdata/hadoop-2.5.1/share/hadoop/yarn/hadoop-yarn-api-2.5.1.jar:/home/user/bigdata/hadoop-2.5.1/share/hadoop/mapreduce/lib/guice-servlet-3.0.jar:/home/user/bigdata/hadoop-2.5.1/share/hadoop/mapreduce/lib/jackson-core-asl-1.9.13.jar:/home/user/bigdata/hadoop-2.5.1/share/hadoop/mapreduce/lib/junit-4.11.jar:/home/user/bigdata/hadoop-2.5.1/share/hadoop/mapreduce/lib/jersey-core-1.9.jar:/home/user/bigdata/hadoop-2.5.1/share/hadoop/mapreduce/lib/aopalliance-1.0.jar:/home/user/bigdata/hadoop-2.5.1/share/hadoop/mapreduce/lib/jersey-guice-1.9.jar:/home/user/bigdata/hadoop-2.5.1/share/hadoop/mapreduce/lib/log4j-1.2.17.jar:/home/user/bigdata/hadoop-2.5.1/share/hadoop/mapreduce/lib/jersey-server-1.9.jar:/home/user/bigdata/hadoop-2.5.1/share/hadoop/mapreduce/lib/avro-1.7.4.jar:/home/user/bigdata/hadoop-2.5.1/share/hadoop/mapreduce/lib/javax.inject-1.jar:/home/user/bigdata/hadoop-2.5.1/share/hadoop/mapreduce/lib/netty-3.6.2.Final.jar:/home/user/bigdata/hadoop-2.5.1/share/hadoop/mapreduce/lib/commons-compress-1.4.1.jar:/home/user/bigdata/hadoop-2.5.1/share/hadoop/mapreduce/lib/snappy-java-1.0.4.1.jar:/home/user/bigdata/hadoop-2.5.1/share/hadoop/mapreduce/lib/hamcrest-core-1.3.jar:/home/user/bigdata/hadoop-2.5.1/share/hadoop/mapreduce/lib/xz-1.0.jar:/home/user/bigdata/hadoop-2.5.1/share/hadoop/mapreduce/lib/paranamer-2.3.jar:/home/user/bigdata/hadoop-2.5.1/share/hadoop/mapreduce/lib/commons-io-2.4.jar:/home/user/bigdata/hadoop-2.5.1/share/hadoop/mapreduce/lib/leveldbjni-all-1.8.jar:/home/user/bigdata/hadoop-2.5.1/share/hadoop/mapreduce/lib/hadoop-annotations-2.5.1.jar:/home/user/bigdata/hadoop-2.5.1/share/hadoop/mapreduce/lib/protobuf-java-2.5.0.jar:/home/user/bigdata/hadoop-2.5.1/share/hadoop/mapreduce/lib/jackson-mapper-asl-1.9.13.jar:/home/user/bigdata/hadoop-2.5.1/share/hadoop/mapreduce/lib/guice-3.0.jar:/home/user/bigdata/hadoop-2.5.1/share/hadoop/mapreduce/lib/asm-3.2.jar:/home/user/bigdata/hadoop-2.5.1/share/hadoop/mapreduce/hadoop-mapreduce-client-common-2.5.1.jar:/home/user/bigdata/hadoop-2.5.1/share/hadoop/mapreduce/hadoop-mapreduce-client-hs-2.5.1.jar:/home/user/bigdata/hadoop-2.5.1/share/hadoop/mapreduce/hadoop-mapreduce-client-shuffle-2.5.1.jar:/home/user/bigdata/hadoop-2.5.1/share/hadoop/mapreduce/hadoop-mapreduce-client-core-2.5.1.jar:/home/user/bigdata/hadoop-2.5.1/share/hadoop/mapreduce/hadoop-mapreduce-client-jobclient-2.5.1.jar:/home/user/bigdata/hadoop-2.5.1/share/hadoop/mapreduce/hadoop-mapreduce-client-hs-plugins-2.5.1.jar:/home/user/bigdata/hadoop-2.5.1/share/hadoop/mapreduce/hadoop-mapreduce-client-jobclient-2.5.1-tests.jar:/home/user/bigdata/hadoop-2.5.1/share/hadoop/mapreduce/hadoop-mapreduce-examples-2.5.1.jar:/home/user/bigdata/hadoop-2.5.1/share/hadoop/mapreduce/hadoop-mapreduce-client-app-2.5.1.jar:/usr/lib/jvm/java-8-openjdk-amd64//lib/tools.jar:/home/user/bigdata/hadoop-2.5.1//contrib/capacity-scheduler/*.jar:/home/user/bigdata/hadoop-2.5.1//contrib/capacity-scheduler/*.jar:/home/user/bigdata/hadoop-2.5.1//contrib/capacity-scheduler/*.jar:/home/user/bigdata/hadoop-2.5.1/share/hadoop/yarn/hadoop-yarn-server-web-proxy-2.5.1.jar:/home/user/bigdata/hadoop-2.5.1/share/hadoop/yarn/hadoop-yarn-applications-unmanaged-am-launcher-2.5.1.jar:/home/user/bigdata/hadoop-2.5.1/share/hadoop/yarn/hadoop-yarn-applications-distributedshell-2.5.1.jar:/home/user/bigdata/hadoop-2.5.1/share/hadoop/yarn/hadoop-yarn-server-nodemanager-2.5.1.jar:/home/user/bigdata/hadoop-2.5.1/share/hadoop/yarn/hadoop-yarn-server-tests-2.5.1.jar:/home/user/bigdata/hadoop-2.5.1/share/hadoop/yarn/hadoop-yarn-server-common-2.5.1.jar:/home/user/bigdata/hadoop-2.5.1/share/hadoop/yarn/hadoop-yarn-common-2.5.1.jar:/home/user/bigdata/hadoop-2.5.1/share/hadoop/yarn/hadoop-yarn-server-resourcemanager-2.5.1.jar:/home/user/bigdata/hadoop-2.5.1/share/hadoop/yarn/hadoop-yarn-client-2.5.1.jar:/home/user/bigdata/hadoop-2.5.1/share/hadoop/yarn/hadoop-yarn-server-applicationhistoryservice-2.5.1.jar:/home/user/bigdata/hadoop-2.5.1/share/hadoop/yarn/hadoop-yarn-api-2.5.1.jar:/home/user/bigdata/hadoop-2.5.1/share/hadoop/yarn/lib/jetty-util-6.1.26.jar:/home/user/bigdata/hadoop-2.5.1/share/hadoop/yarn/lib/guice-servlet-3.0.jar:/home/user/bigdata/hadoop-2.5.1/share/hadoop/yarn/lib/commons-collections-3.2.1.jar:/home/user/bigdata/hadoop-2.5.1/share/hadoop/yarn/lib/jackson-core-asl-1.9.13.jar:/home/user/bigdata/hadoop-2.5.1/share/hadoop/yarn/lib/zookeeper-3.4.6.jar:/home/user/bigdata/hadoop-2.5.1/share/hadoop/yarn/lib/jersey-client-1.9.jar:/home/user/bigdata/hadoop-2.5.1/share/hadoop/yarn/lib/jersey-core-1.9.jar:/home/user/bigdata/hadoop-2.5.1/share/hadoop/yarn/lib/jaxb-api-2.2.2.jar:/home/user/bigdata/hadoop-2.5.1/share/hadoop/yarn/lib/aopalliance-1.0.jar:/home/user/bigdata/hadoop-2.5.1/share/hadoop/yarn/lib/jackson-xc-1.9.13.jar:/home/user/bigdata/hadoop-2.5.1/share/hadoop/yarn/lib/jersey-guice-1.9.jar:/home/user/bigdata/hadoop-2.5.1/share/hadoop/yarn/lib/stax-api-1.0-2.jar:/home/user/bigdata/hadoop-2.5.1/share/hadoop/yarn/lib/jsr305-1.3.9.jar:/home/user/bigdata/hadoop-2.5.1/share/hadoop/yarn/lib/jackson-jaxrs-1.9.13.jar:/home/user/bigdata/hadoop-2.5.1/share/hadoop/yarn/lib/log4j-1.2.17.jar:/home/user/bigdata/hadoop-2.5.1/share/hadoop/yarn/lib/jline-0.9.94.jar:/home/user/bigdata/hadoop-2.5.1/share/hadoop/yarn/lib/jersey-server-1.9.jar:/home/user/bigdata/hadoop-2.5.1/share/hadoop/yarn/lib/commons-logging-1.1.3.jar:/home/user/bigdata/hadoop-2.5.1/share/hadoop/yarn/lib/jaxb-impl-2.2.3-1.jar:/home/user/bigdata/hadoop-2.5.1/share/hadoop/yarn/lib/javax.inject-1.jar:/home/user/bigdata/hadoop-2.5.1/share/hadoop/yarn/lib/jersey-json-1.9.jar:/home/user/bigdata/hadoop-2.5.1/share/hadoop/yarn/lib/commons-lang-2.6.jar:/home/user/bigdata/hadoop-2.5.1/share/hadoop/yarn/lib/commons-httpclient-3.1.jar:/home/user/bigdata/hadoop-2.5.1/share/hadoop/yarn/lib/jettison-1.1.jar:/home/user/bigdata/hadoop-2.5.1/share/hadoop/yarn/lib/netty-3.6.2.Final.jar:/home/user/bigdata/hadoop-2.5.1/share/hadoop/yarn/lib/commons-compress-1.4.1.jar:/home/user/bigdata/hadoop-2.5.1/share/hadoop/yarn/lib/xz-1.0.jar:/home/user/bigdata/hadoop-2.5.1/share/hadoop/yarn/lib/commons-io-2.4.jar:/home/user/bigdata/hadoop-2.5.1/share/hadoop/yarn/lib/leveldbjni-all-1.8.jar:/home/user/bigdata/hadoop-2.5.1/share/hadoop/yarn/lib/guava-11.0.2.jar:/home/user/bigdata/hadoop-2.5.1/share/hadoop/yarn/lib/servlet-api-2.5.jar:/home/user/bigdata/hadoop-2.5.1/share/hadoop/yarn/lib/protobuf-java-2.5.0.jar:/home/user/bigdata/hadoop-2.5.1/share/hadoop/yarn/lib/commons-codec-1.4.jar:/home/user/bigdata/hadoop-2.5.1/share/hadoop/yarn/lib/activation-1.1.jar:/home/user/bigdata/hadoop-2.5.1/share/hadoop/yarn/lib/jackson-mapper-asl-1.9.13.jar:/home/user/bigdata/hadoop-2.5.1/share/hadoop/yarn/lib/guice-3.0.jar:/home/user/bigdata/hadoop-2.5.1/share/hadoop/yarn/lib/commons-cli-1.2.jar:/home/user/bigdata/hadoop-2.5.1/share/hadoop/yarn/lib/jetty-6.1.26.jar:/home/user/bigdata/hadoop-2.5.1/share/hadoop/yarn/lib/asm-3.2.jar:/home/user/bigdata/hadoop-2.5.1/etc/hadoop/rm-config/log4j.properties
STARTUP_MSG:   build = https://git-wip-us.apache.org/repos/asf/hadoop.git -r 2e18d179e4a8065b6a9f29cf2de9451891265cce; compiled by 'jenkins' on 2014-09-05T23:11Z
STARTUP_MSG:   java = 1.8.0_362
************************************************************/
2026-08-06 18:45:45,227 INFO org.apache.hadoop.yarn.server.resourcemanager.ResourceManager: registered UNIX signal handlers for [TERM, HUP, INT]
2026-08-06 18:45:45,383 INFO org.apache.hadoop.conf.Configuration: found resource core-site.xml at file:/home/user/bigdata/hadoop-2.5.1/etc/hadoop/core-site.xml
2026-08-06 18:45:45,433 INFO org.apache.hadoop.security.Groups: clearing userToGroupsMap cache
2026-08-06 18:45:45,439 INFO org.apache.hadoop.conf.Configuration: found resource yarn-site.xml at file:/home/user/bigdata/hadoop-2.5.1/etc/hadoop/yarn-site.xml
2026-08-06 18:45:45,481 INFO org.apache.hadoop.yarn.event.AsyncDispatcher: Registering class org.apache.hadoop.yarn.server.resourcemanager.RMFatalEventType for class org.apache.hadoop.yarn.server.resourcemanager.ResourceManager$RMFatalEventDispatcher
2026-08-06 18:45:45,556 INFO org.apache.hadoop.yarn.server.resourcemanager.security.NMTokenSecretManagerInRM: NMTokenKeyRollingInterval: 86400000ms and NMTokenKeyActivationDelay: 900000ms
2026-08-06 18:45:45,562 INFO org.apache.hadoop.yarn.server.resourcemanager.security.RMContainerTokenSecretManager: ContainerTokenKeyRollingInterval: 86400000ms and ContainerTokenKeyActivationDelay: 900000ms
2026-08-06 18:45:45,564 INFO org.apache.hadoop.yarn.server.resourcemanager.security.AMRMTokenSecretManager: Rolling master-key for amrm-tokens
2026-08-06 18:45:45,591 INFO org.apache.hadoop.yarn.event.AsyncDispatcher: Registering class org.apache.hadoop.yarn.server.resourcemanager.recovery.RMStateStoreEventType for class org.apache.hadoop.yarn.server.resourcemanager.recovery.RMStateStore$ForwardingEventHandler
2026-08-06 18:45:45,700 INFO org.apache.hadoop.yarn.event.AsyncDispatcher: Registering class org.apache.hadoop.yarn.server.resourcemanager.NodesListManagerEventType for class org.apache.hadoop.yarn.server.resourcemanager.NodesListManager
2026-08-06 18:45:45,700 INFO org.apache.hadoop.yarn.server.resourcemanager.ResourceManager: Using Scheduler: org.apache.hadoop.yarn.server.resourcemanager.scheduler.capacity.CapacityScheduler
2026-08-06 18:45:45,772 INFO org.apache.hadoop.yarn.event.AsyncDispatcher: Registering class org.apache.hadoop.yarn.server.resourcemanager.scheduler.event.SchedulerEventType for class org.apache.hadoop.yarn.server.resourcemanager.ResourceManager$SchedulerEventDispatcher
2026-08-06 18:45:45,774 INFO org.apache.hadoop.yarn.event.AsyncDispatcher: Registering class org.apache.hadoop.yarn.server.resourcemanager.rmapp.RMAppEventType for class org.apache.hadoop.yarn.server.resourcemanager.ResourceManager$ApplicationEventDispatcher
2026-08-06 18:45:45,777 INFO org.apache.hadoop.yarn.event.AsyncDispatcher: Registering class org.apache.hadoop.yarn.server.resourcemanager.rmapp.attempt.RMAppAttemptEventType for class org.apache.hadoop.yarn.server.resourcemanager.ResourceManager$ApplicationAttemptEventDispatcher
2026-08-06 18:45:45,780 INFO org.apache.hadoop.yarn.event.AsyncDispatcher: Registering class org.apache.hadoop.yarn.server.resourcemanager.rmnode.RMNodeEventType for class org.apache.hadoop.yarn.server.resourcemanager.ResourceManager$NodeEventDispatcher
2026-08-06 18:45:45,887 INFO org.apache.hadoop.metrics2.impl.MetricsConfig: loaded properties from hadoop-metrics2.properties
2026-08-06 18:45:45,983 INFO org.apache.hadoop.metrics2.impl.MetricsSystemImpl: Scheduled snapshot period at 10 second(s).
2026-08-06 18:45:45,983 INFO org.apache.hadoop.metrics2.impl.MetricsSystemImpl: ResourceManager metrics system started
2026-08-06 18:45:46,052 INFO org.apache.hadoop.yarn.event.AsyncDispatcher: Registering class org.apache.hadoop.yarn.server.resourcemanager.RMAppManagerEventType for class org.apache.hadoop.yarn.server.resourcemanager.RMAppManager
2026-08-06 18:45:46,095 INFO org.apache.hadoop.yarn.event.AsyncDispatcher: Registering class org.apache.hadoop.yarn.server.resourcemanager.amlauncher.AMLauncherEventType for class org.apache.hadoop.yarn.server.resourcemanager.amlauncher.ApplicationMasterLauncher
2026-08-06 18:45:46,098 INFO org.apache.hadoop.yarn.server.resourcemanager.RMNMInfo: Registered RMNMInfo MBean
2026-08-06 18:45:46,103 INFO org.apache.hadoop.yarn.event.AsyncDispatcher: Registering class org.apache.hadoop.yarn.server.resourcemanager.ahs.WritingHistoryEventType for class org.apache.hadoop.yarn.server.resourcemanager.ahs.RMApplicationHistoryWriter$ForwardingEventHandler
2026-08-06 18:45:46,103 INFO org.apache.hadoop.yarn.event.AsyncDispatcher: Registering class org.apache.hadoop.yarn.server.resourcemanager.ahs.WritingHistoryEventType for class org.apache.hadoop.yarn.server.resourcemanager.ahs.RMApplicationHistoryWriter$ForwardingEventHandler
2026-08-06 18:45:46,103 INFO org.apache.hadoop.yarn.event.AsyncDispatcher: Registering class org.apache.hadoop.yarn.server.resourcemanager.ahs.WritingHistoryEventType for class org.apache.hadoop.yarn.server.resourcemanager.ahs.RMApplicationHistoryWriter$ForwardingEventHandler
2026-08-06 18:45:46,103 INFO org.apache.hadoop.yarn.event.AsyncDispatcher: Registering class org.apache.hadoop.yarn.server.resourcemanager.ahs.WritingHistoryEventType for class org.apache.hadoop.yarn.server.resourcemanager.ahs.RMApplicationHistoryWriter$ForwardingEventHandler
2026-08-06 18:45:46,103 INFO org.apache.hadoop.yarn.event.AsyncDispatcher: Registering class org.apache.hadoop.yarn.server.resourcemanager.ahs.WritingHistoryEventType for class org.apache.hadoop.yarn.server.resourcemanager.ahs.RMApplicationHistoryWriter$ForwardingEventHandler
2026-08-06 18:45:46,103 INFO org.apache.hadoop.yarn.event.AsyncDispatcher: Registering class org.apache.hadoop.yarn.server.resourcemanager.ahs.WritingHistoryEventType for class org.apache.hadoop.yarn.server.resourcemanager.ahs.RMApplicationHistoryWriter$ForwardingEventHandler
2026-08-06 18:45:46,103 INFO org.apache.hadoop.yarn.event.AsyncDispatcher: Registering class org.apache.hadoop.yarn.server.resourcemanager.ahs.WritingHistoryEventType for class org.apache.hadoop.yarn.server.resourcemanager.ahs.RMApplicationHistoryWriter$ForwardingEventHandler
2026-08-06 18:45:46,112 INFO org.apache.hadoop.yarn.event.AsyncDispatcher: Registering class org.apache.hadoop.yarn.server.resourcemanager.ahs.WritingHistoryEventType for class org.apache.hadoop.yarn.server.resourcemanager.ahs.RMApplicationHistoryWriter$ForwardingEventHandler
2026-08-06 18:45:46,112 INFO org.apache.hadoop.yarn.event.AsyncDispatcher: Registering class org.apache.hadoop.yarn.server.resourcemanager.ahs.WritingHistoryEventType for class org.apache.hadoop.yarn.server.resourcemanager.ahs.RMApplicationHistoryWriter$ForwardingEventHandler
2026-08-06 18:45:46,113 INFO org.apache.hadoop.yarn.event.AsyncDispatcher: Registering class org.apache.hadoop.yarn.server.resourcemanager.ahs.WritingHistoryEventType for class org.apache.hadoop.yarn.server.resourcemanager.ahs.RMApplicationHistoryWriter$ForwardingEventHandler
2026-08-06 18:45:46,124 INFO org.apache.hadoop.util.HostsFileReader: Refreshing hosts (include/exclude) list
2026-08-06 18:45:46,127 INFO org.apache.hadoop.conf.Configuration: found resource capacity-scheduler.xml at file:/home/user/bigdata/hadoop-2.5.1/etc/hadoop/capacity-scheduler.xml
2026-08-06 18:45:46,196 INFO org.apache.hadoop.yarn.server.resourcemanager.scheduler.capacity.ParentQueue: root, capacity=1.0, asboluteCapacity=1.0, maxCapacity=1.0, asboluteMaxCapacity=1.0, state=RUNNING, acls=ADMINISTER_QUEUE:*SUBMIT_APPLICATIONS:*
2026-08-06 18:45:46,196 INFO org.apache.hadoop.yarn.server.resourcemanager.scheduler.capacity.ParentQueue: Initialized parent-queue root name=root, fullname=root
2026-08-06 18:45:46,202 INFO org.apache.hadoop.yarn.server.resourcemanager.scheduler.capacity.LeafQueue: Initializing default
capacity = 1.0 [= (float) configuredCapacity / 100 ]
asboluteCapacity = 1.0 [= parentAbsoluteCapacity * capacity ]
maxCapacity = 1.0 [= configuredMaxCapacity ]
absoluteMaxCapacity = 1.0 [= 1.0 maximumCapacity undefined, (parentAbsoluteMaxCapacity * maximumCapacity) / 100 otherwise ]
userLimit = 100 [= configuredUserLimit ]
userLimitFactor = 1.0 [= configuredUserLimitFactor ]
maxApplications = 10000 [= configuredMaximumSystemApplicationsPerQueue or (int)(configuredMaximumSystemApplications * absoluteCapacity)]
maxApplicationsPerUser = 10000 [= (int)(maxApplications * (userLimit / 100.0f) * userLimitFactor) ]
maxActiveApplications = 1 [= max((int)ceil((clusterResourceMemory / minimumAllocation) * maxAMResourcePerQueuePercent * absoluteMaxCapacity),1) ]
maxActiveAppsUsingAbsCap = 1 [= max((int)ceil((clusterResourceMemory / minimumAllocation) *maxAMResourcePercent * absoluteCapacity),1) ]
maxActiveApplicationsPerUser = 1 [= max((int)(maxActiveApplications * (userLimit / 100.0f) * userLimitFactor),1) ]
usedCapacity = 0.0 [= usedResourcesMemory / (clusterResourceMemory * absoluteCapacity)]
absoluteUsedCapacity = 0.0 [= usedResourcesMemory / clusterResourceMemory]
maxAMResourcePerQueuePercent = 0.1 [= configuredMaximumAMResourcePercent ]
minimumAllocationFactor = 0.875 [= (float)(maximumAllocationMemory - minimumAllocationMemory) / maximumAllocationMemory ]
numContainers = 0 [= currentNumContainers ]
state = RUNNING [= configuredState ]
acls = ADMINISTER_QUEUE:*SUBMIT_APPLICATIONS:* [= configuredAcls ]
nodeLocalityDelay = 40

2026-08-06 18:45:46,202 INFO org.apache.hadoop.yarn.server.resourcemanager.scheduler.capacity.CapacityScheduler: Initialized queue: default: capacity=1.0, absoluteCapacity=1.0, usedResources=<memory:0, vCores:0>, usedCapacity=0.0, absoluteUsedCapacity=0.0, numApps=0, numContainers=0
2026-08-06 18:45:46,202 INFO org.apache.hadoop.yarn.server.resourcemanager.scheduler.capacity.CapacityScheduler: Initialized queue: root: numChildQueue= 1, capacity=1.0, absoluteCapacity=1.0, usedResources=<memory:0, vCores:0>usedCapacity=0.0, numApps=0, numContainers=0
2026-08-06 18:45:46,202 INFO org.apache.hadoop.yarn.server.resourcemanager.scheduler.capacity.CapacityScheduler: Initialized root queue root: numChildQueue= 1, capacity=1.0, absoluteCapacity=1.0, usedResources=<memory:0, vCores:0>usedCapacity=0.0, numApps=0, numContainers=0
2026-08-06 18:45:46,202 INFO org.apache.hadoop.yarn.server.resourcemanager.scheduler.capacity.CapacityScheduler: Initialized CapacityScheduler with calculator=class org.apache.hadoop.yarn.util.resource.DefaultResourceCalculator, minimumAllocation=<<memory:1024, vCores:1>>, maximumAllocation=<<memory:8192, vCores:32>>, asynchronousScheduling=false, asyncScheduleInterval=5ms
2026-08-06 18:45:46,208 INFO org.apache.hadoop.yarn.server.resourcemanager.ResourceManager: Transitioning to active state
2026-08-06 18:45:46,211 INFO org.apache.hadoop.yarn.server.resourcemanager.security.RMContainerTokenSecretManager: Rolling master-key for container-tokens
2026-08-06 18:45:46,211 INFO org.apache.hadoop.yarn.server.resourcemanager.security.AMRMTokenSecretManager: Rolling master-key for amrm-tokens
2026-08-06 18:45:46,212 INFO org.apache.hadoop.yarn.server.resourcemanager.security.NMTokenSecretManagerInRM: Rolling master-key for nm-tokens
2026-08-06 18:45:46,212 INFO org.apache.hadoop.security.token.delegation.AbstractDelegationTokenSecretManager: Updating the current master key for generating delegation tokens
2026-08-06 18:45:46,213 INFO org.apache.hadoop.yarn.server.resourcemanager.security.RMDelegationTokenSecretManager: storing master key with keyID 1
2026-08-06 18:45:46,214 INFO org.apache.hadoop.security.token.delegation.AbstractDelegationTokenSecretManager: Starting expired delegation token remover thread, tokenRemoverScanInterval=60 min(s)
2026-08-06 18:45:46,214 INFO org.apache.hadoop.security.token.delegation.AbstractDelegationTokenSecretManager: Updating the current master key for generating delegation tokens
2026-08-06 18:45:46,214 INFO org.apache.hadoop.yarn.server.resourcemanager.security.RMDelegationTokenSecretManager: storing master key with keyID 2
2026-08-06 18:45:46,243 INFO org.apache.hadoop.ipc.CallQueueManager: Using callQueue class java.util.concurrent.LinkedBlockingQueue
2026-08-06 18:45:46,252 INFO org.apache.hadoop.ipc.Server: Starting Socket Reader #1 for port 8031
2026-08-06 18:45:46,263 INFO org.apache.hadoop.yarn.factories.impl.pb.RpcServerFactoryPBImpl: Adding protocol org.apache.hadoop.yarn.server.api.ResourceTrackerPB to the server
2026-08-06 18:45:46,263 INFO org.apache.hadoop.ipc.Server: IPC Server Responder: starting
2026-08-06 18:45:46,264 INFO org.apache.hadoop.ipc.Server: IPC Server listener on 8031: starting
2026-08-06 18:45:46,383 INFO org.apache.hadoop.ipc.CallQueueManager: Using callQueue class java.util.concurrent.LinkedBlockingQueue
2026-08-06 18:45:46,392 INFO org.apache.hadoop.ipc.Server: Starting Socket Reader #1 for port 8030
2026-08-06 18:45:46,400 INFO org.apache.hadoop.yarn.factories.impl.pb.RpcServerFactoryPBImpl: Adding protocol org.apache.hadoop.yarn.api.ApplicationMasterProtocolPB to the server
2026-08-06 18:45:46,400 INFO org.apache.hadoop.ipc.Server: IPC Server Responder: starting
2026-08-06 18:45:46,402 INFO org.apache.hadoop.ipc.Server: IPC Server listener on 8030: starting
2026-08-06 18:45:46,501 INFO org.apache.hadoop.ipc.CallQueueManager: Using callQueue class java.util.concurrent.LinkedBlockingQueue
2026-08-06 18:45:46,503 INFO org.apache.hadoop.ipc.Server: Starting Socket Reader #1 for port 8032
2026-08-06 18:45:46,504 INFO org.apache.hadoop.yarn.factories.impl.pb.RpcServerFactoryPBImpl: Adding protocol org.apache.hadoop.yarn.api.ApplicationClientProtocolPB to the server
2026-08-06 18:45:46,506 INFO org.apache.hadoop.ipc.Server: IPC Server Responder: starting
2026-08-06 18:45:46,510 INFO org.apache.hadoop.ipc.Server: IPC Server listener on 8032: starting
2026-08-06 18:45:46,567 INFO org.apache.hadoop.yarn.server.resourcemanager.ResourceManager: Transitioned to active state
2026-08-06 18:45:46,711 INFO org.mortbay.log: Logging to org.slf4j.impl.Log4jLoggerAdapter(org.mortbay.log) via org.mortbay.log.Slf4jLog
2026-08-06 18:45:46,716 INFO org.apache.hadoop.http.HttpRequestLog: Http request log for http.requests.resourcemanager is not defined
2026-08-06 18:45:46,730 INFO org.apache.hadoop.http.HttpServer2: Added global filter 'safety' (class=org.apache.hadoop.http.HttpServer2$QuotingInputFilter)
2026-08-06 18:45:46,749 INFO org.apache.hadoop.http.HttpServer2: Added filter YARNAuthenticationFilter (class=org.apache.hadoop.yarn.server.security.http.RMAuthenticationFilter) to context cluster
2026-08-06 18:45:46,749 INFO org.apache.hadoop.http.HttpServer2: Added filter YARNAuthenticationFilter (class=org.apache.hadoop.yarn.server.security.http.RMAuthenticationFilter) to context logs
2026-08-06 18:45:46,749 INFO org.apache.hadoop.http.HttpServer2: Added filter YARNAuthenticationFilter (class=org.apache.hadoop.yarn.server.security.http.RMAuthenticationFilter) to context static
2026-08-06 18:45:46,750 INFO org.apache.hadoop.http.HttpServer2: Added filter static_user_filter (class=org.apache.hadoop.http.lib.StaticUserWebFilter$StaticUserFilter) to context cluster
2026-08-06 18:45:46,750 INFO org.apache.hadoop.http.HttpServer2: Added filter static_user_filter (class=org.apache.hadoop.http.lib.StaticUserWebFilter$StaticUserFilter) to context logs
2026-08-06 18:45:46,750 INFO org.apache.hadoop.http.HttpServer2: Added filter static_user_filter (class=org.apache.hadoop.http.lib.StaticUserWebFilter$StaticUserFilter) to context static
2026-08-06 18:45:46,756 INFO org.apache.hadoop.http.HttpServer2: adding path spec: /cluster/*
2026-08-06 18:45:46,756 INFO org.apache.hadoop.http.HttpServer2: adding path spec: /ws/*
2026-08-06 18:45:46,785 INFO org.apache.hadoop.http.HttpServer2: Jetty bound to port 8088
2026-08-06 18:45:46,785 INFO org.mortbay.log: jetty-6.1.26
2026-08-06 18:45:46,833 INFO org.mortbay.log: Extract jar:file:/home/user/bigdata/hadoop-2.5.1/share/hadoop/yarn/hadoop-yarn-common-2.5.1.jar!/webapps/cluster to /tmp/Jetty_0_0_0_0_8088_cluster____u0rgz3/webapp
2026-08-06 18:45:47,454 WARN org.apache.hadoop.security.authentication.server.AuthenticationFilter: 'signature.secret' configuration not set, using a random value as secret
2026-08-06 18:45:47,615 WARN org.apache.hadoop.security.authentication.server.AuthenticationFilter: 'signature.secret' configuration not set, using a random value as secret
2026-08-06 18:45:47,615 WARN org.apache.hadoop.security.authentication.server.AuthenticationFilter: 'signature.secret' configuration not set, using a random value as secret
2026-08-06 18:45:47,618 INFO org.mortbay.log: Started HttpServer2$SelectChannelConnectorWithSafeStartup@0.0.0.0:8088
2026-08-06 18:45:47,618 INFO org.apache.hadoop.yarn.webapp.WebApps: Web app /cluster started at 8088
2026-08-06 18:45:48,193 INFO org.apache.hadoop.yarn.webapp.WebApps: Registered webapp guice modules
2026-08-06 18:45:48,212 INFO org.apache.hadoop.ipc.CallQueueManager: Using callQueue class java.util.concurrent.LinkedBlockingQueue
2026-08-06 18:45:48,214 INFO org.apache.hadoop.ipc.Server: Starting Socket Reader #1 for port 8033
2026-08-06 18:45:48,216 INFO org.apache.hadoop.yarn.factories.impl.pb.RpcServerFactoryPBImpl: Adding protocol org.apache.hadoop.yarn.server.api.ResourceManagerAdministrationProtocolPB to the server
2026-08-06 18:45:48,226 INFO org.apache.hadoop.ipc.Server: IPC Server Responder: starting
2026-08-06 18:45:48,226 INFO org.apache.hadoop.ipc.Server: IPC Server listener on 8033: starting
2026-08-06 18:45:49,798 INFO org.apache.hadoop.yarn.util.RackResolver: Resolved ubuntu to /default-rack
2026-08-06 18:45:49,803 INFO org.apache.hadoop.yarn.server.resourcemanager.ResourceTrackerService: NodeManager from node ubuntu(cmPort: 38675 httpPort: 8042) registered with capability: <memory:8192, vCores:8>, assigned nodeId ubuntu:38675
2026-08-06 18:45:49,804 INFO org.apache.hadoop.yarn.server.resourcemanager.rmnode.RMNodeImpl: ubuntu:38675 Node Transitioned from NEW to RUNNING
2026-08-06 18:45:49,805 INFO org.apache.hadoop.yarn.server.resourcemanager.scheduler.capacity.CapacityScheduler: Added node ubuntu:38675 clusterResource: <memory:8192, vCores:8>
2026-08-06 18:46:24,534 ERROR org.apache.hadoop.yarn.server.resourcemanager.ResourceManager: RECEIVED SIGNAL 15: SIGTERM
2026-08-06 18:46:24,541 INFO org.mortbay.log: Stopped HttpServer2$SelectChannelConnectorWithSafeStartup@0.0.0.0:8088
2026-08-06 18:46:24,642 INFO org.apache.hadoop.ipc.Server: Stopping server on 8032
2026-08-06 18:46:24,645 INFO org.apache.hadoop.ipc.Server: Stopping IPC Server listener on 8032
2026-08-06 18:46:24,651 INFO org.apache.hadoop.ipc.Server: Stopping server on 8033
2026-08-06 18:46:24,651 INFO org.apache.hadoop.ipc.Server: Stopping IPC Server listener on 8033
2026-08-06 18:46:24,654 INFO org.apache.hadoop.ipc.Server: Stopping IPC Server Responder
2026-08-06 18:46:24,654 INFO org.apache.hadoop.yarn.server.resourcemanager.ResourceManager: Transitioning to standby state
2026-08-06 18:46:24,654 INFO org.apache.hadoop.metrics2.impl.MetricsSystemImpl: Stopping ResourceManager metrics system...
2026-08-06 18:46:24,655 INFO org.apache.hadoop.ipc.Server: Stopping IPC Server Responder
2026-08-06 18:46:24,669 INFO org.apache.hadoop.metrics2.impl.MetricsSystemImpl: ResourceManager metrics system stopped.
2026-08-06 18:46:24,669 INFO org.apache.hadoop.metrics2.impl.MetricsSystemImpl: ResourceManager metrics system shutdown complete.
2026-08-06 18:46:24,669 INFO org.apache.hadoop.yarn.event.AsyncDispatcher: AsyncDispatcher is draining to stop, igonring any new events.
2026-08-06 18:46:24,669 WARN org.apache.hadoop.yarn.server.resourcemanager.amlauncher.ApplicationMasterLauncher: org.apache.hadoop.yarn.server.resourcemanager.amlauncher.ApplicationMasterLauncher$LauncherThread interrupted. Returning.
2026-08-06 18:46:24,670 INFO org.apache.hadoop.ipc.Server: Stopping server on 8030
2026-08-06 18:46:24,686 INFO org.apache.hadoop.ipc.Server: Stopping server on 8031
2026-08-06 18:46:24,686 INFO org.apache.hadoop.ipc.Server: Stopping IPC Server Responder
2026-08-06 18:46:24,686 INFO org.apache.hadoop.ipc.Server: Stopping IPC Server listener on 8030
2026-08-06 18:46:24,689 INFO org.apache.hadoop.ipc.Server: Stopping IPC Server listener on 8031
2026-08-06 18:46:24,689 INFO org.apache.hadoop.yarn.util.AbstractLivelinessMonitor: NMLivelinessMonitor thread interrupted
2026-08-06 18:46:24,689 ERROR org.apache.hadoop.yarn.server.resourcemanager.ResourceManager: Returning, interrupted : java.lang.InterruptedException
2026-08-06 18:46:24,695 INFO org.apache.hadoop.yarn.event.AsyncDispatcher: AsyncDispatcher is draining to stop, igonring any new events.
2026-08-06 18:46:24,696 INFO org.apache.hadoop.yarn.event.AsyncDispatcher: AsyncDispatcher is draining to stop, igonring any new events.
2026-08-06 18:46:24,696 INFO org.apache.hadoop.ipc.Server: Stopping IPC Server Responder
2026-08-06 18:46:24,696 INFO org.apache.hadoop.yarn.event.AsyncDispatcher: AsyncDispatcher is draining to stop, igonring any new events.
2026-08-06 18:46:24,699 INFO org.apache.hadoop.yarn.event.AsyncDispatcher: AsyncDispatcher is draining to stop, igonring any new events.
2026-08-06 18:46:24,702 INFO org.apache.hadoop.yarn.event.AsyncDispatcher: AsyncDispatcher is draining to stop, igonring any new events.
2026-08-06 18:46:24,704 INFO org.apache.hadoop.yarn.event.AsyncDispatcher: AsyncDispatcher is draining to stop, igonring any new events.
2026-08-06 18:46:24,705 INFO org.apache.hadoop.yarn.event.AsyncDispatcher: AsyncDispatcher is draining to stop, igonring any new events.
2026-08-06 18:46:24,705 INFO org.apache.hadoop.yarn.event.AsyncDispatcher: AsyncDispatcher is draining to stop, igonring any new events.
2026-08-06 18:46:24,708 INFO org.apache.hadoop.yarn.event.AsyncDispatcher: AsyncDispatcher is draining to stop, igonring any new events.
2026-08-06 18:46:24,714 INFO org.apache.hadoop.yarn.event.AsyncDispatcher: AsyncDispatcher is draining to stop, igonring any new events.
2026-08-06 18:46:24,716 INFO org.apache.hadoop.yarn.util.AbstractLivelinessMonitor: AMLivelinessMonitor thread interrupted
2026-08-06 18:46:24,716 INFO org.apache.hadoop.yarn.util.AbstractLivelinessMonitor: org.apache.hadoop.yarn.server.resourcemanager.rmcontainer.ContainerAllocationExpirer thread interrupted
2026-08-06 18:46:24,716 INFO org.apache.hadoop.yarn.util.AbstractLivelinessMonitor: AMLivelinessMonitor thread interrupted
2026-08-06 18:46:24,717 ERROR org.apache.hadoop.security.token.delegation.AbstractDelegationTokenSecretManager: ExpiredTokenRemover received java.lang.InterruptedException: sleep interrupted
2026-08-06 18:46:24,717 INFO org.apache.hadoop.yarn.server.resourcemanager.ResourceManager: Transitioned to standby state
2026-08-06 18:46:24,717 INFO org.apache.hadoop.yarn.server.resourcemanager.ResourceManager: SHUTDOWN_MSG: 
/************************************************************
SHUTDOWN_MSG: Shutting down ResourceManager at ubuntu/127.0.1.1
************************************************************/
2026-08-06 18:47:36,896 INFO org.apache.hadoop.yarn.server.resourcemanager.ResourceManager: STARTUP_MSG: 
/************************************************************
STARTUP_MSG: Starting ResourceManager
STARTUP_MSG:   host = ubuntu/127.0.1.1
STARTUP_MSG:   args = []
STARTUP_MSG:   version = 2.5.1
STARTUP_MSG:   classpath = /home/user/bigdata/hadoop-2.5.1/etc/hadoop:/home/user/bigdata/hadoop-2.5.1/etc/hadoop:/home/user/bigdata/hadoop-2.5.1/etc/hadoop:/home/user/bigdata/hadoop-2.5.1/share/hadoop/common/lib/jetty-util-6.1.26.jar:/home/user/bigdata/hadoop-2.5.1/share/hadoop/common/lib/apacheds-kerberos-codec-2.0.0-M15.jar:/home/user/bigdata/hadoop-2.5.1/share/hadoop/common/lib/commons-collections-3.2.1.jar:/home/user/bigdata/hadoop-2.5.1/share/hadoop/common/lib/jackson-core-asl-1.9.13.jar:/home/user/bigdata/hadoop-2.5.1/share/hadoop/common/lib/slf4j-log4j12-1.7.5.jar:/home/user/bigdata/hadoop-2.5.1/share/hadoop/common/lib/zookeeper-3.4.6.jar:/home/user/bigdata/hadoop-2.5.1/share/hadoop/common/lib/hadoop-auth-2.5.1.jar:/home/user/bigdata/hadoop-2.5.1/share/hadoop/common/lib/junit-4.11.jar:/home/user/bigdata/hadoop-2.5.1/share/hadoop/common/lib/api-util-1.0.0-M20.jar:/home/user/bigdata/hadoop-2.5.1/share/hadoop/common/lib/api-asn1-api-1.0.0-M20.jar:/home/user/bigdata/hadoop-2.5.1/share/hadoop/common/lib/jersey-core-1.9.jar:/home/user/bigdata/hadoop-2.5.1/share/hadoop/common/lib/commons-math3-3.1.1.jar:/home/user/bigdata/hadoop-2.5.1/share/hadoop/common/lib/jaxb-api-2.2.2.jar:/home/user/bigdata/hadoop-2.5.1/share/hadoop/common/lib/jackson-xc-1.9.13.jar:/home/user/bigdata/hadoop-2.5.1/share/hadoop/common/lib/junit.jar:/home/user/bigdata/hadoop-2.5.1/share/hadoop/common/lib/commons-configuration-1.6.jar:/home/user/bigdata/hadoop-2.5.1/share/hadoop/common/lib/stax-api-1.0-2.jar:/home/user/bigdata/hadoop-2.5.1/share/hadoop/common/lib/jsr305-1.3.9.jar:/home/user/bigdata/hadoop-2.5.1/share/hadoop/common/lib/jackson-jaxrs-1.9.13.jar:/home/user/bigdata/hadoop-2.5.1/share/hadoop/common/lib/log4j-1.2.17.jar:/home/user/bigdata/hadoop-2.5.1/share/hadoop/common/lib/jersey-server-1.9.jar:/home/user/bigdata/hadoop-2.5.1/share/hadoop/common/lib/java-xmlbuilder-0.4.jar:/home/user/bigdata/hadoop-2.5.1/share/hadoop/common/lib/avro-1.7.4.jar:/home/user/bigdata/hadoop-2.5.1/share/hadoop/common/lib/commons-logging-1.1.3.jar:/home/user/bigdata/hadoop-2.5.1/share/hadoop/common/lib/slf4j-api-1.7.5.jar:/home/user/bigdata/hadoop-2.5.1/share/hadoop/common/lib/httpcore-4.2.5.jar:/home/user/bigdata/hadoop-2.5.1/share/hadoop/common/lib/jaxb-impl-2.2.3-1.jar:/home/user/bigdata/hadoop-2.5.1/share/hadoop/common/lib/httpclient-4.2.5.jar:/home/user/bigdata/hadoop-2.5.1/share/hadoop/common/lib/jersey-json-1.9.jar:/home/user/bigdata/hadoop-2.5.1/share/hadoop/common/lib/commons-lang-2.6.jar:/home/user/bigdata/hadoop-2.5.1/share/hadoop/common/lib/commons-httpclient-3.1.jar:/home/user/bigdata/hadoop-2.5.1/share/hadoop/common/lib/jettison-1.1.jar:/home/user/bigdata/hadoop-2.5.1/share/hadoop/common/lib/netty-3.6.2.Final.jar:/home/user/bigdata/hadoop-2.5.1/share/hadoop/common/lib/commons-digester-1.8.jar:/home/user/bigdata/hadoop-2.5.1/share/hadoop/common/lib/apacheds-i18n-2.0.0-M15.jar:/home/user/bigdata/hadoop-2.5.1/share/hadoop/common/lib/commons-compress-1.4.1.jar:/home/user/bigdata/hadoop-2.5.1/share/hadoop/common/lib/commons-net-3.1.jar:/home/user/bigdata/hadoop-2.5.1/share/hadoop/common/lib/jsp-api-2.1.jar:/home/user/bigdata/hadoop-2.5.1/share/hadoop/common/lib/snappy-java-1.0.4.1.jar:/home/user/bigdata/hadoop-2.5.1/share/hadoop/common/lib/commons-el-1.0.jar:/home/user/bigdata/hadoop-2.5.1/share/hadoop/common/lib/hamcrest-core-1.3.jar:/home/user/bigdata/hadoop-2.5.1/share/hadoop/common/lib/xz-1.0.jar:/home/user/bigdata/hadoop-2.5.1/share/hadoop/common/lib/paranamer-2.3.jar:/home/user/bigdata/hadoop-2.5.1/share/hadoop/common/lib/commons-beanutils-core-1.8.0.jar:/home/user/bigdata/hadoop-2.5.1/share/hadoop/common/lib/commons-io-2.4.jar:/home/user/bigdata/hadoop-2.5.1/share/hadoop/common/lib/xmlenc-0.52.jar:/home/user/bigdata/hadoop-2.5.1/share/hadoop/common/lib/jasper-compiler-5.5.23.jar:/home/user/bigdata/hadoop-2.5.1/share/hadoop/common/lib/hamcrest-all-1.3.jar:/home/user/bigdata/hadoop-2.5.1/share/hadoop/common/lib/mockito-all-1.8.5.jar:/home/user/bigdata/hadoop-2.5.1/share/hadoop/common/lib/guava-11.0.2.jar:/home/user/bigdata/hadoop-2.5.1/share/hadoop/common/lib/jasper-runtime-5.5.23.jar:/home/user/bigdata/hadoop-2.5.1/share/hadoop/common/lib/commons-beanutils-1.7.0.jar:/home/user/bigdata/hadoop-2.5.1/share/hadoop/common/lib/servlet-api-2.5.jar:/home/user/bigdata/hadoop-2.5.1/share/hadoop/common/lib/jets3t-0.9.0.jar:/home/user/bigdata/hadoop-2.5.1/share/hadoop/common/lib/hadoop-annotations-2.5.1.jar:/home/user/bigdata/hadoop-2.5.1/share/hadoop/common/lib/protobuf-java-2.5.0.jar:/home/user/bigdata/hadoop-2.5.1/share/hadoop/common/lib/commons-codec-1.4.jar:/home/user/bigdata/hadoop-2.5.1/share/hadoop/common/lib/activation-1.1.jar:/home/user/bigdata/hadoop-2.5.1/share/hadoop/common/lib/jackson-mapper-asl-1.9.13.jar:/home/user/bigdata/hadoop-2.5.1/share/hadoop/common/lib/commons-cli-1.2.jar:/home/user/bigdata/hadoop-2.5.1/share/hadoop/common/lib/jsch-0.1.42.jar:/home/user/bigdata/hadoop-2.5.1/share/hadoop/common/lib/jetty-6.1.26.jar:/home/user/bigdata/hadoop-2.5.1/share/hadoop/common/lib/asm-3.2.jar:/home/user/bigdata/hadoop-2.5.1/share/hadoop/common/hadoop-nfs-2.5.1.jar:/home/user/bigdata/hadoop-2.5.1/share/hadoop/common/hadoop-common-2.5.1.jar:/home/user/bigdata/hadoop-2.5.1/share/hadoop/common/hadoop-common-2.5.1-tests.jar:/home/user/bigdata/hadoop-2.5.1/share/hadoop/hdfs:/home/user/bigdata/hadoop-2.5.1/share/hadoop/hdfs/lib/jetty-util-6.1.26.jar:/home/user/bigdata/hadoop-2.5.1/share/hadoop/hdfs/lib/jackson-core-asl-1.9.13.jar:/home/user/bigdata/hadoop-2.5.1/share/hadoop/hdfs/lib/jersey-core-1.9.jar:/home/user/bigdata/hadoop-2.5.1/share/hadoop/hdfs/lib/jsr305-1.3.9.jar:/home/user/bigdata/hadoop-2.5.1/share/hadoop/hdfs/lib/log4j-1.2.17.jar:/home/user/bigdata/hadoop-2.5.1/share/hadoop/hdfs/lib/jersey-server-1.9.jar:/home/user/bigdata/hadoop-2.5.1/share/hadoop/hdfs/lib/commons-logging-1.1.3.jar:/home/user/bigdata/hadoop-2.5.1/share/hadoop/hdfs/lib/commons-lang-2.6.jar:/home/user/bigdata/hadoop-2.5.1/share/hadoop/hdfs/lib/netty-3.6.2.Final.jar:/home/user/bigdata/hadoop-2.5.1/share/hadoop/hdfs/lib/jsp-api-2.1.jar:/home/user/bigdata/hadoop-2.5.1/share/hadoop/hdfs/lib/commons-el-1.0.jar:/home/user/bigdata/hadoop-2.5.1/share/hadoop/hdfs/lib/commons-io-2.4.jar:/home/user/bigdata/hadoop-2.5.1/share/hadoop/hdfs/lib/xmlenc-0.52.jar:/home/user/bigdata/hadoop-2.5.1/share/hadoop/hdfs/lib/guava-11.0.2.jar:/home/user/bigdata/hadoop-2.5.1/share/hadoop/hdfs/lib/jasper-runtime-5.5.23.jar:/home/user/bigdata/hadoop-2.5.1/share/hadoop/hdfs/lib/servlet-api-2.5.jar:/home/user/bigdata/hadoop-2.5.1/share/hadoop/hdfs/lib/protobuf-java-2.5.0.jar:/home/user/bigdata/hadoop-2.5.1/share/hadoop/hdfs/lib/commons-codec-1.4.jar:/home/user/bigdata/hadoop-2.5.1/share/hadoop/hdfs/lib/jackson-mapper-asl-1.9.13.jar:/home/user/bigdata/hadoop-2.5.1/share/hadoop/hdfs/lib/commons-cli-1.2.jar:/home/user/bigdata/hadoop-2.5.1/share/hadoop/hdfs/lib/jetty-6.1.26.jar:/home/user/bigdata/hadoop-2.5.1/share/hadoop/hdfs/lib/commons-daemon-1.0.13.jar:/home/user/bigdata/hadoop-2.5.1/share/hadoop/hdfs/lib/asm-3.2.jar:/home/user/bigdata/hadoop-2.5.1/share/hadoop/hdfs/hadoop-hdfs-2.5.1-tests.jar:/home/user/bigdata/hadoop-2.5.1/share/hadoop/hdfs/hadoop-hdfs-2.5.1.jar:/home/user/bigdata/hadoop-2.5.1/share/hadoop/hdfs/hadoop-hdfs-nfs-2.5.1.jar:/home/user/bigdata/hadoop-2.5.1/share/hadoop/yarn/lib/jetty-util-6.1.26.jar:/home/user/bigdata/hadoop-2.5.1/share/hadoop/yarn/lib/guice-servlet-3.0.jar:/home/user/bigdata/hadoop-2.5.1/share/hadoop/yarn/lib/commons-collections-3.2.1.jar:/home/user/bigdata/hadoop-2.5.1/share/hadoop/yarn/lib/jackson-core-asl-1.9.13.jar:/home/user/bigdata/hadoop-2.5.1/share/hadoop/yarn/lib/zookeeper-3.4.6.jar:/home/user/bigdata/hadoop-2.5.1/share/hadoop/yarn/lib/jersey-client-1.9.jar:/home/user/bigdata/hadoop-2.5.1/share/hadoop/yarn/lib/jersey-core-1.9.jar:/home/user/bigdata/hadoop-2.5.1/share/hadoop/yarn/lib/jaxb-api-2.2.2.jar:/home/user/bigdata/hadoop-2.5.1/share/hadoop/yarn/lib/aopalliance-1.0.jar:/home/user/bigdata/hadoop-2.5.1/share/hadoop/yarn/lib/jackson-xc-1.9.13.jar:/home/user/bigdata/hadoop-2.5.1/share/hadoop/yarn/lib/jersey-guice-1.9.jar:/home/user/bigdata/hadoop-2.5.1/share/hadoop/yarn/lib/stax-api-1.0-2.jar:/home/user/bigdata/hadoop-2.5.1/share/hadoop/yarn/lib/jsr305-1.3.9.jar:/home/user/bigdata/hadoop-2.5.1/share/hadoop/yarn/lib/jackson-jaxrs-1.9.13.jar:/home/user/bigdata/hadoop-2.5.1/share/hadoop/yarn/lib/log4j-1.2.17.jar:/home/user/bigdata/hadoop-2.5.1/share/hadoop/yarn/lib/jline-0.9.94.jar:/home/user/bigdata/hadoop-2.5.1/share/hadoop/yarn/lib/jersey-server-1.9.jar:/home/user/bigdata/hadoop-2.5.1/share/hadoop/yarn/lib/commons-logging-1.1.3.jar:/home/user/bigdata/hadoop-2.5.1/share/hadoop/yarn/lib/jaxb-impl-2.2.3-1.jar:/home/user/bigdata/hadoop-2.5.1/share/hadoop/yarn/lib/javax.inject-1.jar:/home/user/bigdata/hadoop-2.5.1/share/hadoop/yarn/lib/jersey-json-1.9.jar:/home/user/bigdata/hadoop-2.5.1/share/hadoop/yarn/lib/commons-lang-2.6.jar:/home/user/bigdata/hadoop-2.5.1/share/hadoop/yarn/lib/commons-httpclient-3.1.jar:/home/user/bigdata/hadoop-2.5.1/share/hadoop/yarn/lib/jettison-1.1.jar:/home/user/bigdata/hadoop-2.5.1/share/hadoop/yarn/lib/netty-3.6.2.Final.jar:/home/user/bigdata/hadoop-2.5.1/share/hadoop/yarn/lib/commons-compress-1.4.1.jar:/home/user/bigdata/hadoop-2.5.1/share/hadoop/yarn/lib/xz-1.0.jar:/home/user/bigdata/hadoop-2.5.1/share/hadoop/yarn/lib/commons-io-2.4.jar:/home/user/bigdata/hadoop-2.5.1/share/hadoop/yarn/lib/leveldbjni-all-1.8.jar:/home/user/bigdata/hadoop-2.5.1/share/hadoop/yarn/lib/guava-11.0.2.jar:/home/user/bigdata/hadoop-2.5.1/share/hadoop/yarn/lib/servlet-api-2.5.jar:/home/user/bigdata/hadoop-2.5.1/share/hadoop/yarn/lib/protobuf-java-2.5.0.jar:/home/user/bigdata/hadoop-2.5.1/share/hadoop/yarn/lib/commons-codec-1.4.jar:/home/user/bigdata/hadoop-2.5.1/share/hadoop/yarn/lib/activation-1.1.jar:/home/user/bigdata/hadoop-2.5.1/share/hadoop/yarn/lib/jackson-mapper-asl-1.9.13.jar:/home/user/bigdata/hadoop-2.5.1/share/hadoop/yarn/lib/guice-3.0.jar:/home/user/bigdata/hadoop-2.5.1/share/hadoop/yarn/lib/commons-cli-1.2.jar:/home/user/bigdata/hadoop-2.5.1/share/hadoop/yarn/lib/jetty-6.1.26.jar:/home/user/bigdata/hadoop-2.5.1/share/hadoop/yarn/lib/asm-3.2.jar:/home/user/bigdata/hadoop-2.5.1/share/hadoop/yarn/hadoop-yarn-server-web-proxy-2.5.1.jar:/home/user/bigdata/hadoop-2.5.1/share/hadoop/yarn/hadoop-yarn-applications-unmanaged-am-launcher-2.5.1.jar:/home/user/bigdata/hadoop-2.5.1/share/hadoop/yarn/hadoop-yarn-applications-distributedshell-2.5.1.jar:/home/user/bigdata/hadoop-2.5.1/share/hadoop/yarn/hadoop-yarn-server-nodemanager-2.5.1.jar:/home/user/bigdata/hadoop-2.5.1/share/hadoop/yarn/hadoop-yarn-server-tests-2.5.1.jar:/home/user/bigdata/hadoop-2.5.1/share/hadoop/yarn/hadoop-yarn-server-common-2.5.1.jar:/home/user/bigdata/hadoop-2.5.1/share/hadoop/yarn/hadoop-yarn-common-2.5.1.jar:/home/user/bigdata/hadoop-2.5.1/share/hadoop/yarn/hadoop-yarn-server-resourcemanager-2.5.1.jar:/home/user/bigdata/hadoop-2.5.1/share/hadoop/yarn/hadoop-yarn-client-2.5.1.jar:/home/user/bigdata/hadoop-2.5.1/share/hadoop/yarn/hadoop-yarn-server-applicationhistoryservice-2.5.1.jar:/home/user/bigdata/hadoop-2.5.1/share/hadoop/yarn/hadoop-yarn-api-2.5.1.jar:/home/user/bigdata/hadoop-2.5.1/share/hadoop/mapreduce/lib/guice-servlet-3.0.jar:/home/user/bigdata/hadoop-2.5.1/share/hadoop/mapreduce/lib/jackson-core-asl-1.9.13.jar:/home/user/bigdata/hadoop-2.5.1/share/hadoop/mapreduce/lib/junit-4.11.jar:/home/user/bigdata/hadoop-2.5.1/share/hadoop/mapreduce/lib/jersey-core-1.9.jar:/home/user/bigdata/hadoop-2.5.1/share/hadoop/mapreduce/lib/aopalliance-1.0.jar:/home/user/bigdata/hadoop-2.5.1/share/hadoop/mapreduce/lib/jersey-guice-1.9.jar:/home/user/bigdata/hadoop-2.5.1/share/hadoop/mapreduce/lib/log4j-1.2.17.jar:/home/user/bigdata/hadoop-2.5.1/share/hadoop/mapreduce/lib/jersey-server-1.9.jar:/home/user/bigdata/hadoop-2.5.1/share/hadoop/mapreduce/lib/avro-1.7.4.jar:/home/user/bigdata/hadoop-2.5.1/share/hadoop/mapreduce/lib/javax.inject-1.jar:/home/user/bigdata/hadoop-2.5.1/share/hadoop/mapreduce/lib/netty-3.6.2.Final.jar:/home/user/bigdata/hadoop-2.5.1/share/hadoop/mapreduce/lib/commons-compress-1.4.1.jar:/home/user/bigdata/hadoop-2.5.1/share/hadoop/mapreduce/lib/snappy-java-1.0.4.1.jar:/home/user/bigdata/hadoop-2.5.1/share/hadoop/mapreduce/lib/hamcrest-core-1.3.jar:/home/user/bigdata/hadoop-2.5.1/share/hadoop/mapreduce/lib/xz-1.0.jar:/home/user/bigdata/hadoop-2.5.1/share/hadoop/mapreduce/lib/paranamer-2.3.jar:/home/user/bigdata/hadoop-2.5.1/share/hadoop/mapreduce/lib/commons-io-2.4.jar:/home/user/bigdata/hadoop-2.5.1/share/hadoop/mapreduce/lib/leveldbjni-all-1.8.jar:/home/user/bigdata/hadoop-2.5.1/share/hadoop/mapreduce/lib/hadoop-annotations-2.5.1.jar:/home/user/bigdata/hadoop-2.5.1/share/hadoop/mapreduce/lib/protobuf-java-2.5.0.jar:/home/user/bigdata/hadoop-2.5.1/share/hadoop/mapreduce/lib/jackson-mapper-asl-1.9.13.jar:/home/user/bigdata/hadoop-2.5.1/share/hadoop/mapreduce/lib/guice-3.0.jar:/home/user/bigdata/hadoop-2.5.1/share/hadoop/mapreduce/lib/asm-3.2.jar:/home/user/bigdata/hadoop-2.5.1/share/hadoop/mapreduce/hadoop-mapreduce-client-common-2.5.1.jar:/home/user/bigdata/hadoop-2.5.1/share/hadoop/mapreduce/hadoop-mapreduce-client-hs-2.5.1.jar:/home/user/bigdata/hadoop-2.5.1/share/hadoop/mapreduce/hadoop-mapreduce-client-shuffle-2.5.1.jar:/home/user/bigdata/hadoop-2.5.1/share/hadoop/mapreduce/hadoop-mapreduce-client-core-2.5.1.jar:/home/user/bigdata/hadoop-2.5.1/share/hadoop/mapreduce/hadoop-mapreduce-client-jobclient-2.5.1.jar:/home/user/bigdata/hadoop-2.5.1/share/hadoop/mapreduce/hadoop-mapreduce-client-hs-plugins-2.5.1.jar:/home/user/bigdata/hadoop-2.5.1/share/hadoop/mapreduce/hadoop-mapreduce-client-jobclient-2.5.1-tests.jar:/home/user/bigdata/hadoop-2.5.1/share/hadoop/mapreduce/hadoop-mapreduce-examples-2.5.1.jar:/home/user/bigdata/hadoop-2.5.1/share/hadoop/mapreduce/hadoop-mapreduce-client-app-2.5.1.jar:/usr/lib/jvm/java-8-openjdk-amd64//lib/tools.jar:/home/user/bigdata/hadoop-2.5.1//contrib/capacity-scheduler/*.jar:/home/user/bigdata/hadoop-2.5.1//contrib/capacity-scheduler/*.jar:/home/user/bigdata/hadoop-2.5.1//contrib/capacity-scheduler/*.jar:/home/user/bigdata/hadoop-2.5.1/share/hadoop/yarn/hadoop-yarn-server-web-proxy-2.5.1.jar:/home/user/bigdata/hadoop-2.5.1/share/hadoop/yarn/hadoop-yarn-applications-unmanaged-am-launcher-2.5.1.jar:/home/user/bigdata/hadoop-2.5.1/share/hadoop/yarn/hadoop-yarn-applications-distributedshell-2.5.1.jar:/home/user/bigdata/hadoop-2.5.1/share/hadoop/yarn/hadoop-yarn-server-nodemanager-2.5.1.jar:/home/user/bigdata/hadoop-2.5.1/share/hadoop/yarn/hadoop-yarn-server-tests-2.5.1.jar:/home/user/bigdata/hadoop-2.5.1/share/hadoop/yarn/hadoop-yarn-server-common-2.5.1.jar:/home/user/bigdata/hadoop-2.5.1/share/hadoop/yarn/hadoop-yarn-common-2.5.1.jar:/home/user/bigdata/hadoop-2.5.1/share/hadoop/yarn/hadoop-yarn-server-resourcemanager-2.5.1.jar:/home/user/bigdata/hadoop-2.5.1/share/hadoop/yarn/hadoop-yarn-client-2.5.1.jar:/home/user/bigdata/hadoop-2.5.1/share/hadoop/yarn/hadoop-yarn-server-applicationhistoryservice-2.5.1.jar:/home/user/bigdata/hadoop-2.5.1/share/hadoop/yarn/hadoop-yarn-api-2.5.1.jar:/home/user/bigdata/hadoop-2.5.1/share/hadoop/yarn/lib/jetty-util-6.1.26.jar:/home/user/bigdata/hadoop-2.5.1/share/hadoop/yarn/lib/guice-servlet-3.0.jar:/home/user/bigdata/hadoop-2.5.1/share/hadoop/yarn/lib/commons-collections-3.2.1.jar:/home/user/bigdata/hadoop-2.5.1/share/hadoop/yarn/lib/jackson-core-asl-1.9.13.jar:/home/user/bigdata/hadoop-2.5.1/share/hadoop/yarn/lib/zookeeper-3.4.6.jar:/home/user/bigdata/hadoop-2.5.1/share/hadoop/yarn/lib/jersey-client-1.9.jar:/home/user/bigdata/hadoop-2.5.1/share/hadoop/yarn/lib/jersey-core-1.9.jar:/home/user/bigdata/hadoop-2.5.1/share/hadoop/yarn/lib/jaxb-api-2.2.2.jar:/home/user/bigdata/hadoop-2.5.1/share/hadoop/yarn/lib/aopalliance-1.0.jar:/home/user/bigdata/hadoop-2.5.1/share/hadoop/yarn/lib/jackson-xc-1.9.13.jar:/home/user/bigdata/hadoop-2.5.1/share/hadoop/yarn/lib/jersey-guice-1.9.jar:/home/user/bigdata/hadoop-2.5.1/share/hadoop/yarn/lib/stax-api-1.0-2.jar:/home/user/bigdata/hadoop-2.5.1/share/hadoop/yarn/lib/jsr305-1.3.9.jar:/home/user/bigdata/hadoop-2.5.1/share/hadoop/yarn/lib/jackson-jaxrs-1.9.13.jar:/home/user/bigdata/hadoop-2.5.1/share/hadoop/yarn/lib/log4j-1.2.17.jar:/home/user/bigdata/hadoop-2.5.1/share/hadoop/yarn/lib/jline-0.9.94.jar:/home/user/bigdata/hadoop-2.5.1/share/hadoop/yarn/lib/jersey-server-1.9.jar:/home/user/bigdata/hadoop-2.5.1/share/hadoop/yarn/lib/commons-logging-1.1.3.jar:/home/user/bigdata/hadoop-2.5.1/share/hadoop/yarn/lib/jaxb-impl-2.2.3-1.jar:/home/user/bigdata/hadoop-2.5.1/share/hadoop/yarn/lib/javax.inject-1.jar:/home/user/bigdata/hadoop-2.5.1/share/hadoop/yarn/lib/jersey-json-1.9.jar:/home/user/bigdata/hadoop-2.5.1/share/hadoop/yarn/lib/commons-lang-2.6.jar:/home/user/bigdata/hadoop-2.5.1/share/hadoop/yarn/lib/commons-httpclient-3.1.jar:/home/user/bigdata/hadoop-2.5.1/share/hadoop/yarn/lib/jettison-1.1.jar:/home/user/bigdata/hadoop-2.5.1/share/hadoop/yarn/lib/netty-3.6.2.Final.jar:/home/user/bigdata/hadoop-2.5.1/share/hadoop/yarn/lib/commons-compress-1.4.1.jar:/home/user/bigdata/hadoop-2.5.1/share/hadoop/yarn/lib/xz-1.0.jar:/home/user/bigdata/hadoop-2.5.1/share/hadoop/yarn/lib/commons-io-2.4.jar:/home/user/bigdata/hadoop-2.5.1/share/hadoop/yarn/lib/leveldbjni-all-1.8.jar:/home/user/bigdata/hadoop-2.5.1/share/hadoop/yarn/lib/guava-11.0.2.jar:/home/user/bigdata/hadoop-2.5.1/share/hadoop/yarn/lib/servlet-api-2.5.jar:/home/user/bigdata/hadoop-2.5.1/share/hadoop/yarn/lib/protobuf-java-2.5.0.jar:/home/user/bigdata/hadoop-2.5.1/share/hadoop/yarn/lib/commons-codec-1.4.jar:/home/user/bigdata/hadoop-2.5.1/share/hadoop/yarn/lib/activation-1.1.jar:/home/user/bigdata/hadoop-2.5.1/share/hadoop/yarn/lib/jackson-mapper-asl-1.9.13.jar:/home/user/bigdata/hadoop-2.5.1/share/hadoop/yarn/lib/guice-3.0.jar:/home/user/bigdata/hadoop-2.5.1/share/hadoop/yarn/lib/commons-cli-1.2.jar:/home/user/bigdata/hadoop-2.5.1/share/hadoop/yarn/lib/jetty-6.1.26.jar:/home/user/bigdata/hadoop-2.5.1/share/hadoop/yarn/lib/asm-3.2.jar:/home/user/bigdata/hadoop-2.5.1/etc/hadoop/rm-config/log4j.properties
STARTUP_MSG:   build = https://git-wip-us.apache.org/repos/asf/hadoop.git -r 2e18d179e4a8065b6a9f29cf2de9451891265cce; compiled by 'jenkins' on 2014-09-05T23:11Z
STARTUP_MSG:   java = 1.8.0_362
************************************************************/
2026-08-06 18:47:36,902 INFO org.apache.hadoop.yarn.server.resourcemanager.ResourceManager: registered UNIX signal handlers for [TERM, HUP, INT]
2026-08-06 18:47:37,007 INFO org.apache.hadoop.conf.Configuration: found resource core-site.xml at file:/home/user/bigdata/hadoop-2.5.1/etc/hadoop/core-site.xml
2026-08-06 18:47:37,044 INFO org.apache.hadoop.security.Groups: clearing userToGroupsMap cache
2026-08-06 18:47:37,048 INFO org.apache.hadoop.conf.Configuration: found resource yarn-site.xml at file:/home/user/bigdata/hadoop-2.5.1/etc/hadoop/yarn-site.xml
2026-08-06 18:47:37,087 INFO org.apache.hadoop.yarn.event.AsyncDispatcher: Registering class org.apache.hadoop.yarn.server.resourcemanager.RMFatalEventType for class org.apache.hadoop.yarn.server.resourcemanager.ResourceManager$RMFatalEventDispatcher
2026-08-06 18:47:37,172 INFO org.apache.hadoop.yarn.server.resourcemanager.security.NMTokenSecretManagerInRM: NMTokenKeyRollingInterval: 86400000ms and NMTokenKeyActivationDelay: 900000ms
2026-08-06 18:47:37,176 INFO org.apache.hadoop.yarn.server.resourcemanager.security.RMContainerTokenSecretManager: ContainerTokenKeyRollingInterval: 86400000ms and ContainerTokenKeyActivationDelay: 900000ms
2026-08-06 18:47:37,178 INFO org.apache.hadoop.yarn.server.resourcemanager.security.AMRMTokenSecretManager: Rolling master-key for amrm-tokens
2026-08-06 18:47:37,190 INFO org.apache.hadoop.yarn.event.AsyncDispatcher: Registering class org.apache.hadoop.yarn.server.resourcemanager.recovery.RMStateStoreEventType for class org.apache.hadoop.yarn.server.resourcemanager.recovery.RMStateStore$ForwardingEventHandler
2026-08-06 18:47:37,302 INFO org.apache.hadoop.yarn.event.AsyncDispatcher: Registering class org.apache.hadoop.yarn.server.resourcemanager.NodesListManagerEventType for class org.apache.hadoop.yarn.server.resourcemanager.NodesListManager
2026-08-06 18:47:37,303 INFO org.apache.hadoop.yarn.server.resourcemanager.ResourceManager: Using Scheduler: org.apache.hadoop.yarn.server.resourcemanager.scheduler.capacity.CapacityScheduler
2026-08-06 18:47:37,331 INFO org.apache.hadoop.yarn.event.AsyncDispatcher: Registering class org.apache.hadoop.yarn.server.resourcemanager.scheduler.event.SchedulerEventType for class org.apache.hadoop.yarn.server.resourcemanager.ResourceManager$SchedulerEventDispatcher
2026-08-06 18:47:37,332 INFO org.apache.hadoop.yarn.event.AsyncDispatcher: Registering class org.apache.hadoop.yarn.server.resourcemanager.rmapp.RMAppEventType for class org.apache.hadoop.yarn.server.resourcemanager.ResourceManager$ApplicationEventDispatcher
2026-08-06 18:47:37,332 INFO org.apache.hadoop.yarn.event.AsyncDispatcher: Registering class org.apache.hadoop.yarn.server.resourcemanager.rmapp.attempt.RMAppAttemptEventType for class org.apache.hadoop.yarn.server.resourcemanager.ResourceManager$ApplicationAttemptEventDispatcher
2026-08-06 18:47:37,333 INFO org.apache.hadoop.yarn.event.AsyncDispatcher: Registering class org.apache.hadoop.yarn.server.resourcemanager.rmnode.RMNodeEventType for class org.apache.hadoop.yarn.server.resourcemanager.ResourceManager$NodeEventDispatcher
2026-08-06 18:47:37,402 INFO org.apache.hadoop.metrics2.impl.MetricsConfig: loaded properties from hadoop-metrics2.properties
2026-08-06 18:47:37,502 INFO org.apache.hadoop.metrics2.impl.MetricsSystemImpl: Scheduled snapshot period at 10 second(s).
2026-08-06 18:47:37,502 INFO org.apache.hadoop.metrics2.impl.MetricsSystemImpl: ResourceManager metrics system started
2026-08-06 18:47:37,538 INFO org.apache.hadoop.yarn.event.AsyncDispatcher: Registering class org.apache.hadoop.yarn.server.resourcemanager.RMAppManagerEventType for class org.apache.hadoop.yarn.server.resourcemanager.RMAppManager
2026-08-06 18:47:37,543 INFO org.apache.hadoop.yarn.event.AsyncDispatcher: Registering class org.apache.hadoop.yarn.server.resourcemanager.amlauncher.AMLauncherEventType for class org.apache.hadoop.yarn.server.resourcemanager.amlauncher.ApplicationMasterLauncher
2026-08-06 18:47:37,544 INFO org.apache.hadoop.yarn.server.resourcemanager.RMNMInfo: Registered RMNMInfo MBean
2026-08-06 18:47:37,547 INFO org.apache.hadoop.yarn.event.AsyncDispatcher: Registering class org.apache.hadoop.yarn.server.resourcemanager.ahs.WritingHistoryEventType for class org.apache.hadoop.yarn.server.resourcemanager.ahs.RMApplicationHistoryWriter$ForwardingEventHandler
2026-08-06 18:47:37,547 INFO org.apache.hadoop.yarn.event.AsyncDispatcher: Registering class org.apache.hadoop.yarn.server.resourcemanager.ahs.WritingHistoryEventType for class org.apache.hadoop.yarn.server.resourcemanager.ahs.RMApplicationHistoryWriter$ForwardingEventHandler
2026-08-06 18:47:37,547 INFO org.apache.hadoop.yarn.event.AsyncDispatcher: Registering class org.apache.hadoop.yarn.server.resourcemanager.ahs.WritingHistoryEventType for class org.apache.hadoop.yarn.server.resourcemanager.ahs.RMApplicationHistoryWriter$ForwardingEventHandler
2026-08-06 18:47:37,547 INFO org.apache.hadoop.yarn.event.AsyncDispatcher: Registering class org.apache.hadoop.yarn.server.resourcemanager.ahs.WritingHistoryEventType for class org.apache.hadoop.yarn.server.resourcemanager.ahs.RMApplicationHistoryWriter$ForwardingEventHandler
2026-08-06 18:47:37,547 INFO org.apache.hadoop.yarn.event.AsyncDispatcher: Registering class org.apache.hadoop.yarn.server.resourcemanager.ahs.WritingHistoryEventType for class org.apache.hadoop.yarn.server.resourcemanager.ahs.RMApplicationHistoryWriter$ForwardingEventHandler
2026-08-06 18:47:37,547 INFO org.apache.hadoop.yarn.event.AsyncDispatcher: Registering class org.apache.hadoop.yarn.server.resourcemanager.ahs.WritingHistoryEventType for class org.apache.hadoop.yarn.server.resourcemanager.ahs.RMApplicationHistoryWriter$ForwardingEventHandler
2026-08-06 18:47:37,547 INFO org.apache.hadoop.yarn.event.AsyncDispatcher: Registering class org.apache.hadoop.yarn.server.resourcemanager.ahs.WritingHistoryEventType for class org.apache.hadoop.yarn.server.resourcemanager.ahs.RMApplicationHistoryWriter$ForwardingEventHandler
2026-08-06 18:47:37,547 INFO org.apache.hadoop.yarn.event.AsyncDispatcher: Registering class org.apache.hadoop.yarn.server.resourcemanager.ahs.WritingHistoryEventType for class org.apache.hadoop.yarn.server.resourcemanager.ahs.RMApplicationHistoryWriter$ForwardingEventHandler
2026-08-06 18:47:37,547 INFO org.apache.hadoop.yarn.event.AsyncDispatcher: Registering class org.apache.hadoop.yarn.server.resourcemanager.ahs.WritingHistoryEventType for class org.apache.hadoop.yarn.server.resourcemanager.ahs.RMApplicationHistoryWriter$ForwardingEventHandler
2026-08-06 18:47:37,547 INFO org.apache.hadoop.yarn.event.AsyncDispatcher: Registering class org.apache.hadoop.yarn.server.resourcemanager.ahs.WritingHistoryEventType for class org.apache.hadoop.yarn.server.resourcemanager.ahs.RMApplicationHistoryWriter$ForwardingEventHandler
2026-08-06 18:47:37,548 INFO org.apache.hadoop.util.HostsFileReader: Refreshing hosts (include/exclude) list
2026-08-06 18:47:37,551 INFO org.apache.hadoop.conf.Configuration: found resource capacity-scheduler.xml at file:/home/user/bigdata/hadoop-2.5.1/etc/hadoop/capacity-scheduler.xml
2026-08-06 18:47:37,588 INFO org.apache.hadoop.yarn.server.resourcemanager.scheduler.capacity.ParentQueue: root, capacity=1.0, asboluteCapacity=1.0, maxCapacity=1.0, asboluteMaxCapacity=1.0, state=RUNNING, acls=ADMINISTER_QUEUE:*SUBMIT_APPLICATIONS:*
2026-08-06 18:47:37,588 INFO org.apache.hadoop.yarn.server.resourcemanager.scheduler.capacity.ParentQueue: Initialized parent-queue root name=root, fullname=root
2026-08-06 18:47:37,594 INFO org.apache.hadoop.yarn.server.resourcemanager.scheduler.capacity.LeafQueue: Initializing default
capacity = 1.0 [= (float) configuredCapacity / 100 ]
asboluteCapacity = 1.0 [= parentAbsoluteCapacity * capacity ]
maxCapacity = 1.0 [= configuredMaxCapacity ]
absoluteMaxCapacity = 1.0 [= 1.0 maximumCapacity undefined, (parentAbsoluteMaxCapacity * maximumCapacity) / 100 otherwise ]
userLimit = 100 [= configuredUserLimit ]
userLimitFactor = 1.0 [= configuredUserLimitFactor ]
maxApplications = 10000 [= configuredMaximumSystemApplicationsPerQueue or (int)(configuredMaximumSystemApplications * absoluteCapacity)]
maxApplicationsPerUser = 10000 [= (int)(maxApplications * (userLimit / 100.0f) * userLimitFactor) ]
maxActiveApplications = 1 [= max((int)ceil((clusterResourceMemory / minimumAllocation) * maxAMResourcePerQueuePercent * absoluteMaxCapacity),1) ]
maxActiveAppsUsingAbsCap = 1 [= max((int)ceil((clusterResourceMemory / minimumAllocation) *maxAMResourcePercent * absoluteCapacity),1) ]
maxActiveApplicationsPerUser = 1 [= max((int)(maxActiveApplications * (userLimit / 100.0f) * userLimitFactor),1) ]
usedCapacity = 0.0 [= usedResourcesMemory / (clusterResourceMemory * absoluteCapacity)]
absoluteUsedCapacity = 0.0 [= usedResourcesMemory / clusterResourceMemory]
maxAMResourcePerQueuePercent = 0.1 [= configuredMaximumAMResourcePercent ]
minimumAllocationFactor = 0.875 [= (float)(maximumAllocationMemory - minimumAllocationMemory) / maximumAllocationMemory ]
numContainers = 0 [= currentNumContainers ]
state = RUNNING [= configuredState ]
acls = ADMINISTER_QUEUE:*SUBMIT_APPLICATIONS:* [= configuredAcls ]
nodeLocalityDelay = 40

2026-08-06 18:47:37,594 INFO org.apache.hadoop.yarn.server.resourcemanager.scheduler.capacity.CapacityScheduler: Initialized queue: default: capacity=1.0, absoluteCapacity=1.0, usedResources=<memory:0, vCores:0>, usedCapacity=0.0, absoluteUsedCapacity=0.0, numApps=0, numContainers=0
2026-08-06 18:47:37,594 INFO org.apache.hadoop.yarn.server.resourcemanager.scheduler.capacity.CapacityScheduler: Initialized queue: root: numChildQueue= 1, capacity=1.0, absoluteCapacity=1.0, usedResources=<memory:0, vCores:0>usedCapacity=0.0, numApps=0, numContainers=0
2026-08-06 18:47:37,594 INFO org.apache.hadoop.yarn.server.resourcemanager.scheduler.capacity.CapacityScheduler: Initialized root queue root: numChildQueue= 1, capacity=1.0, absoluteCapacity=1.0, usedResources=<memory:0, vCores:0>usedCapacity=0.0, numApps=0, numContainers=0
2026-08-06 18:47:37,594 INFO org.apache.hadoop.yarn.server.resourcemanager.scheduler.capacity.CapacityScheduler: Initialized CapacityScheduler with calculator=class org.apache.hadoop.yarn.util.resource.DefaultResourceCalculator, minimumAllocation=<<memory:1024, vCores:1>>, maximumAllocation=<<memory:8192, vCores:32>>, asynchronousScheduling=false, asyncScheduleInterval=5ms
2026-08-06 18:47:37,600 INFO org.apache.hadoop.yarn.server.resourcemanager.ResourceManager: Transitioning to active state
2026-08-06 18:47:37,602 INFO org.apache.hadoop.yarn.server.resourcemanager.security.RMContainerTokenSecretManager: Rolling master-key for container-tokens
2026-08-06 18:47:37,604 INFO org.apache.hadoop.yarn.server.resourcemanager.security.NMTokenSecretManagerInRM: Rolling master-key for nm-tokens
2026-08-06 18:47:37,604 INFO org.apache.hadoop.security.token.delegation.AbstractDelegationTokenSecretManager: Updating the current master key for generating delegation tokens
2026-08-06 18:47:37,604 INFO org.apache.hadoop.yarn.server.resourcemanager.security.RMDelegationTokenSecretManager: storing master key with keyID 1
2026-08-06 18:47:37,605 INFO org.apache.hadoop.yarn.server.resourcemanager.security.AMRMTokenSecretManager: Rolling master-key for amrm-tokens
2026-08-06 18:47:37,606 INFO org.apache.hadoop.security.token.delegation.AbstractDelegationTokenSecretManager: Starting expired delegation token remover thread, tokenRemoverScanInterval=60 min(s)
2026-08-06 18:47:37,606 INFO org.apache.hadoop.security.token.delegation.AbstractDelegationTokenSecretManager: Updating the current master key for generating delegation tokens
2026-08-06 18:47:37,606 INFO org.apache.hadoop.yarn.server.resourcemanager.security.RMDelegationTokenSecretManager: storing master key with keyID 2
2026-08-06 18:47:37,658 INFO org.apache.hadoop.ipc.CallQueueManager: Using callQueue class java.util.concurrent.LinkedBlockingQueue
2026-08-06 18:47:37,671 INFO org.apache.hadoop.ipc.Server: Starting Socket Reader #1 for port 8031
2026-08-06 18:47:37,681 INFO org.apache.hadoop.yarn.factories.impl.pb.RpcServerFactoryPBImpl: Adding protocol org.apache.hadoop.yarn.server.api.ResourceTrackerPB to the server
2026-08-06 18:47:37,682 INFO org.apache.hadoop.ipc.Server: IPC Server Responder: starting
2026-08-06 18:47:37,682 INFO org.apache.hadoop.ipc.Server: IPC Server listener on 8031: starting
2026-08-06 18:47:37,727 INFO org.apache.hadoop.ipc.CallQueueManager: Using callQueue class java.util.concurrent.LinkedBlockingQueue
2026-08-06 18:47:37,738 INFO org.apache.hadoop.ipc.Server: Starting Socket Reader #1 for port 8030
2026-08-06 18:47:37,751 INFO org.apache.hadoop.yarn.factories.impl.pb.RpcServerFactoryPBImpl: Adding protocol org.apache.hadoop.yarn.api.ApplicationMasterProtocolPB to the server
2026-08-06 18:47:37,752 INFO org.apache.hadoop.ipc.Server: IPC Server Responder: starting
2026-08-06 18:47:37,775 INFO org.apache.hadoop.ipc.Server: IPC Server listener on 8030: starting
2026-08-06 18:47:37,877 INFO org.apache.hadoop.ipc.CallQueueManager: Using callQueue class java.util.concurrent.LinkedBlockingQueue
2026-08-06 18:47:37,878 INFO org.apache.hadoop.ipc.Server: Starting Socket Reader #1 for port 8032
2026-08-06 18:47:37,879 INFO org.apache.hadoop.yarn.factories.impl.pb.RpcServerFactoryPBImpl: Adding protocol org.apache.hadoop.yarn.api.ApplicationClientProtocolPB to the server
2026-08-06 18:47:37,879 INFO org.apache.hadoop.ipc.Server: IPC Server Responder: starting
2026-08-06 18:47:37,880 INFO org.apache.hadoop.ipc.Server: IPC Server listener on 8032: starting
2026-08-06 18:47:37,897 INFO org.apache.hadoop.yarn.server.resourcemanager.ResourceManager: Transitioned to active state
2026-08-06 18:47:37,967 INFO org.mortbay.log: Logging to org.slf4j.impl.Log4jLoggerAdapter(org.mortbay.log) via org.mortbay.log.Slf4jLog
2026-08-06 18:47:37,969 INFO org.apache.hadoop.http.HttpRequestLog: Http request log for http.requests.resourcemanager is not defined
2026-08-06 18:47:37,982 INFO org.apache.hadoop.http.HttpServer2: Added global filter 'safety' (class=org.apache.hadoop.http.HttpServer2$QuotingInputFilter)
2026-08-06 18:47:37,989 INFO org.apache.hadoop.http.HttpServer2: Added filter YARNAuthenticationFilter (class=org.apache.hadoop.yarn.server.security.http.RMAuthenticationFilter) to context cluster
2026-08-06 18:47:37,990 INFO org.apache.hadoop.http.HttpServer2: Added filter YARNAuthenticationFilter (class=org.apache.hadoop.yarn.server.security.http.RMAuthenticationFilter) to context logs
2026-08-06 18:47:37,990 INFO org.apache.hadoop.http.HttpServer2: Added filter YARNAuthenticationFilter (class=org.apache.hadoop.yarn.server.security.http.RMAuthenticationFilter) to context static
2026-08-06 18:47:37,990 INFO org.apache.hadoop.http.HttpServer2: Added filter static_user_filter (class=org.apache.hadoop.http.lib.StaticUserWebFilter$StaticUserFilter) to context cluster
2026-08-06 18:47:37,990 INFO org.apache.hadoop.http.HttpServer2: Added filter static_user_filter (class=org.apache.hadoop.http.lib.StaticUserWebFilter$StaticUserFilter) to context logs
2026-08-06 18:47:37,991 INFO org.apache.hadoop.http.HttpServer2: Added filter static_user_filter (class=org.apache.hadoop.http.lib.StaticUserWebFilter$StaticUserFilter) to context static
2026-08-06 18:47:37,998 INFO org.apache.hadoop.http.HttpServer2: adding path spec: /cluster/*
2026-08-06 18:47:37,998 INFO org.apache.hadoop.http.HttpServer2: adding path spec: /ws/*
2026-08-06 18:47:38,019 INFO org.apache.hadoop.http.HttpServer2: Jetty bound to port 8088
2026-08-06 18:47:38,019 INFO org.mortbay.log: jetty-6.1.26
2026-08-06 18:47:38,037 INFO org.mortbay.log: Extract jar:file:/home/user/bigdata/hadoop-2.5.1/share/hadoop/yarn/hadoop-yarn-common-2.5.1.jar!/webapps/cluster to /tmp/Jetty_0_0_0_0_8088_cluster____u0rgz3/webapp
2026-08-06 18:47:38,394 WARN org.apache.hadoop.security.authentication.server.AuthenticationFilter: 'signature.secret' configuration not set, using a random value as secret
2026-08-06 18:47:38,425 WARN org.apache.hadoop.security.authentication.server.AuthenticationFilter: 'signature.secret' configuration not set, using a random value as secret
2026-08-06 18:47:38,425 WARN org.apache.hadoop.security.authentication.server.AuthenticationFilter: 'signature.secret' configuration not set, using a random value as secret
2026-08-06 18:47:38,427 INFO org.mortbay.log: Started HttpServer2$SelectChannelConnectorWithSafeStartup@0.0.0.0:8088
2026-08-06 18:47:38,428 INFO org.apache.hadoop.yarn.webapp.WebApps: Web app /cluster started at 8088
2026-08-06 18:47:38,963 INFO org.apache.hadoop.yarn.webapp.WebApps: Registered webapp guice modules
2026-08-06 18:47:38,983 INFO org.apache.hadoop.ipc.CallQueueManager: Using callQueue class java.util.concurrent.LinkedBlockingQueue
2026-08-06 18:47:38,985 INFO org.apache.hadoop.yarn.factories.impl.pb.RpcServerFactoryPBImpl: Adding protocol org.apache.hadoop.yarn.server.api.ResourceManagerAdministrationProtocolPB to the server
2026-08-06 18:47:38,989 INFO org.apache.hadoop.ipc.Server: IPC Server Responder: starting
2026-08-06 18:47:38,990 INFO org.apache.hadoop.ipc.Server: IPC Server listener on 8033: starting
2026-08-06 18:47:38,993 INFO org.apache.hadoop.ipc.Server: Starting Socket Reader #1 for port 8033
2026-08-06 18:47:40,897 INFO org.apache.hadoop.yarn.util.RackResolver: Resolved ubuntu to /default-rack
2026-08-06 18:47:40,902 INFO org.apache.hadoop.yarn.server.resourcemanager.ResourceTrackerService: NodeManager from node ubuntu(cmPort: 40443 httpPort: 8042) registered with capability: <memory:8192, vCores:8>, assigned nodeId ubuntu:40443
2026-08-06 18:47:40,903 INFO org.apache.hadoop.yarn.server.resourcemanager.rmnode.RMNodeImpl: ubuntu:40443 Node Transitioned from NEW to RUNNING
2026-08-06 18:47:40,905 INFO org.apache.hadoop.yarn.server.resourcemanager.scheduler.capacity.CapacityScheduler: Added node ubuntu:40443 clusterResource: <memory:8192, vCores:8>
2026-08-26 00:07:09,973 INFO org.apache.hadoop.yarn.server.resourcemanager.ResourceManager: STARTUP_MSG: 
/************************************************************
STARTUP_MSG: Starting ResourceManager
STARTUP_MSG:   host = ubuntu/127.0.1.1
STARTUP_MSG:   args = []
STARTUP_MSG:   version = 2.5.1
STARTUP_MSG:   classpath = /home/user/bigdata/hadoop-2.5.1/etc/hadoop:/home/user/bigdata/hadoop-2.5.1/etc/hadoop:/home/user/bigdata/hadoop-2.5.1/etc/hadoop:/home/user/bigdata/hadoop-2.5.1/share/hadoop/common/lib/jetty-util-6.1.26.jar:/home/user/bigdata/hadoop-2.5.1/share/hadoop/common/lib/apacheds-kerberos-codec-2.0.0-M15.jar:/home/user/bigdata/hadoop-2.5.1/share/hadoop/common/lib/commons-collections-3.2.1.jar:/home/user/bigdata/hadoop-2.5.1/share/hadoop/common/lib/jackson-core-asl-1.9.13.jar:/home/user/bigdata/hadoop-2.5.1/share/hadoop/common/lib/slf4j-log4j12-1.7.5.jar:/home/user/bigdata/hadoop-2.5.1/share/hadoop/common/lib/zookeeper-3.4.6.jar:/home/user/bigdata/hadoop-2.5.1/share/hadoop/common/lib/hadoop-auth-2.5.1.jar:/home/user/bigdata/hadoop-2.5.1/share/hadoop/common/lib/junit-4.11.jar:/home/user/bigdata/hadoop-2.5.1/share/hadoop/common/lib/api-util-1.0.0-M20.jar:/home/user/bigdata/hadoop-2.5.1/share/hadoop/common/lib/api-asn1-api-1.0.0-M20.jar:/home/user/bigdata/hadoop-2.5.1/share/hadoop/common/lib/jersey-core-1.9.jar:/home/user/bigdata/hadoop-2.5.1/share/hadoop/common/lib/commons-math3-3.1.1.jar:/home/user/bigdata/hadoop-2.5.1/share/hadoop/common/lib/jaxb-api-2.2.2.jar:/home/user/bigdata/hadoop-2.5.1/share/hadoop/common/lib/jackson-xc-1.9.13.jar:/home/user/bigdata/hadoop-2.5.1/share/hadoop/common/lib/junit.jar:/home/user/bigdata/hadoop-2.5.1/share/hadoop/common/lib/commons-configuration-1.6.jar:/home/user/bigdata/hadoop-2.5.1/share/hadoop/common/lib/stax-api-1.0-2.jar:/home/user/bigdata/hadoop-2.5.1/share/hadoop/common/lib/jsr305-1.3.9.jar:/home/user/bigdata/hadoop-2.5.1/share/hadoop/common/lib/jackson-jaxrs-1.9.13.jar:/home/user/bigdata/hadoop-2.5.1/share/hadoop/common/lib/log4j-1.2.17.jar:/home/user/bigdata/hadoop-2.5.1/share/hadoop/common/lib/jersey-server-1.9.jar:/home/user/bigdata/hadoop-2.5.1/share/hadoop/common/lib/java-xmlbuilder-0.4.jar:/home/user/bigdata/hadoop-2.5.1/share/hadoop/common/lib/avro-1.7.4.jar:/home/user/bigdata/hadoop-2.5.1/share/hadoop/common/lib/commons-logging-1.1.3.jar:/home/user/bigdata/hadoop-2.5.1/share/hadoop/common/lib/slf4j-api-1.7.5.jar:/home/user/bigdata/hadoop-2.5.1/share/hadoop/common/lib/httpcore-4.2.5.jar:/home/user/bigdata/hadoop-2.5.1/share/hadoop/common/lib/jaxb-impl-2.2.3-1.jar:/home/user/bigdata/hadoop-2.5.1/share/hadoop/common/lib/httpclient-4.2.5.jar:/home/user/bigdata/hadoop-2.5.1/share/hadoop/common/lib/jersey-json-1.9.jar:/home/user/bigdata/hadoop-2.5.1/share/hadoop/common/lib/commons-lang-2.6.jar:/home/user/bigdata/hadoop-2.5.1/share/hadoop/common/lib/commons-httpclient-3.1.jar:/home/user/bigdata/hadoop-2.5.1/share/hadoop/common/lib/jettison-1.1.jar:/home/user/bigdata/hadoop-2.5.1/share/hadoop/common/lib/netty-3.6.2.Final.jar:/home/user/bigdata/hadoop-2.5.1/share/hadoop/common/lib/commons-digester-1.8.jar:/home/user/bigdata/hadoop-2.5.1/share/hadoop/common/lib/apacheds-i18n-2.0.0-M15.jar:/home/user/bigdata/hadoop-2.5.1/share/hadoop/common/lib/commons-compress-1.4.1.jar:/home/user/bigdata/hadoop-2.5.1/share/hadoop/common/lib/commons-net-3.1.jar:/home/user/bigdata/hadoop-2.5.1/share/hadoop/common/lib/jsp-api-2.1.jar:/home/user/bigdata/hadoop-2.5.1/share/hadoop/common/lib/snappy-java-1.0.4.1.jar:/home/user/bigdata/hadoop-2.5.1/share/hadoop/common/lib/commons-el-1.0.jar:/home/user/bigdata/hadoop-2.5.1/share/hadoop/common/lib/hamcrest-core-1.3.jar:/home/user/bigdata/hadoop-2.5.1/share/hadoop/common/lib/xz-1.0.jar:/home/user/bigdata/hadoop-2.5.1/share/hadoop/common/lib/paranamer-2.3.jar:/home/user/bigdata/hadoop-2.5.1/share/hadoop/common/lib/commons-beanutils-core-1.8.0.jar:/home/user/bigdata/hadoop-2.5.1/share/hadoop/common/lib/commons-io-2.4.jar:/home/user/bigdata/hadoop-2.5.1/share/hadoop/common/lib/xmlenc-0.52.jar:/home/user/bigdata/hadoop-2.5.1/share/hadoop/common/lib/jasper-compiler-5.5.23.jar:/home/user/bigdata/hadoop-2.5.1/share/hadoop/common/lib/hamcrest-all-1.3.jar:/home/user/bigdata/hadoop-2.5.1/share/hadoop/common/lib/mockito-all-1.8.5.jar:/home/user/bigdata/hadoop-2.5.1/share/hadoop/common/lib/guava-11.0.2.jar:/home/user/bigdata/hadoop-2.5.1/share/hadoop/common/lib/jasper-runtime-5.5.23.jar:/home/user/bigdata/hadoop-2.5.1/share/hadoop/common/lib/commons-beanutils-1.7.0.jar:/home/user/bigdata/hadoop-2.5.1/share/hadoop/common/lib/servlet-api-2.5.jar:/home/user/bigdata/hadoop-2.5.1/share/hadoop/common/lib/jets3t-0.9.0.jar:/home/user/bigdata/hadoop-2.5.1/share/hadoop/common/lib/hadoop-annotations-2.5.1.jar:/home/user/bigdata/hadoop-2.5.1/share/hadoop/common/lib/protobuf-java-2.5.0.jar:/home/user/bigdata/hadoop-2.5.1/share/hadoop/common/lib/commons-codec-1.4.jar:/home/user/bigdata/hadoop-2.5.1/share/hadoop/common/lib/activation-1.1.jar:/home/user/bigdata/hadoop-2.5.1/share/hadoop/common/lib/jackson-mapper-asl-1.9.13.jar:/home/user/bigdata/hadoop-2.5.1/share/hadoop/common/lib/commons-cli-1.2.jar:/home/user/bigdata/hadoop-2.5.1/share/hadoop/common/lib/jsch-0.1.42.jar:/home/user/bigdata/hadoop-2.5.1/share/hadoop/common/lib/jetty-6.1.26.jar:/home/user/bigdata/hadoop-2.5.1/share/hadoop/common/lib/asm-3.2.jar:/home/user/bigdata/hadoop-2.5.1/share/hadoop/common/hadoop-nfs-2.5.1.jar:/home/user/bigdata/hadoop-2.5.1/share/hadoop/common/hadoop-common-2.5.1.jar:/home/user/bigdata/hadoop-2.5.1/share/hadoop/common/hadoop-common-2.5.1-tests.jar:/home/user/bigdata/hadoop-2.5.1/share/hadoop/hdfs:/home/user/bigdata/hadoop-2.5.1/share/hadoop/hdfs/lib/jetty-util-6.1.26.jar:/home/user/bigdata/hadoop-2.5.1/share/hadoop/hdfs/lib/jackson-core-asl-1.9.13.jar:/home/user/bigdata/hadoop-2.5.1/share/hadoop/hdfs/lib/jersey-core-1.9.jar:/home/user/bigdata/hadoop-2.5.1/share/hadoop/hdfs/lib/jsr305-1.3.9.jar:/home/user/bigdata/hadoop-2.5.1/share/hadoop/hdfs/lib/log4j-1.2.17.jar:/home/user/bigdata/hadoop-2.5.1/share/hadoop/hdfs/lib/jersey-server-1.9.jar:/home/user/bigdata/hadoop-2.5.1/share/hadoop/hdfs/lib/commons-logging-1.1.3.jar:/home/user/bigdata/hadoop-2.5.1/share/hadoop/hdfs/lib/commons-lang-2.6.jar:/home/user/bigdata/hadoop-2.5.1/share/hadoop/hdfs/lib/netty-3.6.2.Final.jar:/home/user/bigdata/hadoop-2.5.1/share/hadoop/hdfs/lib/jsp-api-2.1.jar:/home/user/bigdata/hadoop-2.5.1/share/hadoop/hdfs/lib/commons-el-1.0.jar:/home/user/bigdata/hadoop-2.5.1/share/hadoop/hdfs/lib/commons-io-2.4.jar:/home/user/bigdata/hadoop-2.5.1/share/hadoop/hdfs/lib/xmlenc-0.52.jar:/home/user/bigdata/hadoop-2.5.1/share/hadoop/hdfs/lib/guava-11.0.2.jar:/home/user/bigdata/hadoop-2.5.1/share/hadoop/hdfs/lib/jasper-runtime-5.5.23.jar:/home/user/bigdata/hadoop-2.5.1/share/hadoop/hdfs/lib/servlet-api-2.5.jar:/home/user/bigdata/hadoop-2.5.1/share/hadoop/hdfs/lib/protobuf-java-2.5.0.jar:/home/user/bigdata/hadoop-2.5.1/share/hadoop/hdfs/lib/commons-codec-1.4.jar:/home/user/bigdata/hadoop-2.5.1/share/hadoop/hdfs/lib/jackson-mapper-asl-1.9.13.jar:/home/user/bigdata/hadoop-2.5.1/share/hadoop/hdfs/lib/commons-cli-1.2.jar:/home/user/bigdata/hadoop-2.5.1/share/hadoop/hdfs/lib/jetty-6.1.26.jar:/home/user/bigdata/hadoop-2.5.1/share/hadoop/hdfs/lib/commons-daemon-1.0.13.jar:/home/user/bigdata/hadoop-2.5.1/share/hadoop/hdfs/lib/asm-3.2.jar:/home/user/bigdata/hadoop-2.5.1/share/hadoop/hdfs/hadoop-hdfs-2.5.1-tests.jar:/home/user/bigdata/hadoop-2.5.1/share/hadoop/hdfs/hadoop-hdfs-2.5.1.jar:/home/user/bigdata/hadoop-2.5.1/share/hadoop/hdfs/hadoop-hdfs-nfs-2.5.1.jar:/home/user/bigdata/hadoop-2.5.1/share/hadoop/yarn/lib/jetty-util-6.1.26.jar:/home/user/bigdata/hadoop-2.5.1/share/hadoop/yarn/lib/guice-servlet-3.0.jar:/home/user/bigdata/hadoop-2.5.1/share/hadoop/yarn/lib/commons-collections-3.2.1.jar:/home/user/bigdata/hadoop-2.5.1/share/hadoop/yarn/lib/jackson-core-asl-1.9.13.jar:/home/user/bigdata/hadoop-2.5.1/share/hadoop/yarn/lib/zookeeper-3.4.6.jar:/home/user/bigdata/hadoop-2.5.1/share/hadoop/yarn/lib/jersey-client-1.9.jar:/home/user/bigdata/hadoop-2.5.1/share/hadoop/yarn/lib/jersey-core-1.9.jar:/home/user/bigdata/hadoop-2.5.1/share/hadoop/yarn/lib/jaxb-api-2.2.2.jar:/home/user/bigdata/hadoop-2.5.1/share/hadoop/yarn/lib/aopalliance-1.0.jar:/home/user/bigdata/hadoop-2.5.1/share/hadoop/yarn/lib/jackson-xc-1.9.13.jar:/home/user/bigdata/hadoop-2.5.1/share/hadoop/yarn/lib/jersey-guice-1.9.jar:/home/user/bigdata/hadoop-2.5.1/share/hadoop/yarn/lib/stax-api-1.0-2.jar:/home/user/bigdata/hadoop-2.5.1/share/hadoop/yarn/lib/jsr305-1.3.9.jar:/home/user/bigdata/hadoop-2.5.1/share/hadoop/yarn/lib/jackson-jaxrs-1.9.13.jar:/home/user/bigdata/hadoop-2.5.1/share/hadoop/yarn/lib/log4j-1.2.17.jar:/home/user/bigdata/hadoop-2.5.1/share/hadoop/yarn/lib/jline-0.9.94.jar:/home/user/bigdata/hadoop-2.5.1/share/hadoop/yarn/lib/jersey-server-1.9.jar:/home/user/bigdata/hadoop-2.5.1/share/hadoop/yarn/lib/commons-logging-1.1.3.jar:/home/user/bigdata/hadoop-2.5.1/share/hadoop/yarn/lib/jaxb-impl-2.2.3-1.jar:/home/user/bigdata/hadoop-2.5.1/share/hadoop/yarn/lib/javax.inject-1.jar:/home/user/bigdata/hadoop-2.5.1/share/hadoop/yarn/lib/jersey-json-1.9.jar:/home/user/bigdata/hadoop-2.5.1/share/hadoop/yarn/lib/commons-lang-2.6.jar:/home/user/bigdata/hadoop-2.5.1/share/hadoop/yarn/lib/commons-httpclient-3.1.jar:/home/user/bigdata/hadoop-2.5.1/share/hadoop/yarn/lib/jettison-1.1.jar:/home/user/bigdata/hadoop-2.5.1/share/hadoop/yarn/lib/netty-3.6.2.Final.jar:/home/user/bigdata/hadoop-2.5.1/share/hadoop/yarn/lib/commons-compress-1.4.1.jar:/home/user/bigdata/hadoop-2.5.1/share/hadoop/yarn/lib/xz-1.0.jar:/home/user/bigdata/hadoop-2.5.1/share/hadoop/yarn/lib/commons-io-2.4.jar:/home/user/bigdata/hadoop-2.5.1/share/hadoop/yarn/lib/leveldbjni-all-1.8.jar:/home/user/bigdata/hadoop-2.5.1/share/hadoop/yarn/lib/guava-11.0.2.jar:/home/user/bigdata/hadoop-2.5.1/share/hadoop/yarn/lib/servlet-api-2.5.jar:/home/user/bigdata/hadoop-2.5.1/share/hadoop/yarn/lib/protobuf-java-2.5.0.jar:/home/user/bigdata/hadoop-2.5.1/share/hadoop/yarn/lib/commons-codec-1.4.jar:/home/user/bigdata/hadoop-2.5.1/share/hadoop/yarn/lib/activation-1.1.jar:/home/user/bigdata/hadoop-2.5.1/share/hadoop/yarn/lib/jackson-mapper-asl-1.9.13.jar:/home/user/bigdata/hadoop-2.5.1/share/hadoop/yarn/lib/guice-3.0.jar:/home/user/bigdata/hadoop-2.5.1/share/hadoop/yarn/lib/commons-cli-1.2.jar:/home/user/bigdata/hadoop-2.5.1/share/hadoop/yarn/lib/jetty-6.1.26.jar:/home/user/bigdata/hadoop-2.5.1/share/hadoop/yarn/lib/asm-3.2.jar:/home/user/bigdata/hadoop-2.5.1/share/hadoop/yarn/hadoop-yarn-server-web-proxy-2.5.1.jar:/home/user/bigdata/hadoop-2.5.1/share/hadoop/yarn/hadoop-yarn-applications-unmanaged-am-launcher-2.5.1.jar:/home/user/bigdata/hadoop-2.5.1/share/hadoop/yarn/hadoop-yarn-applications-distributedshell-2.5.1.jar:/home/user/bigdata/hadoop-2.5.1/share/hadoop/yarn/hadoop-yarn-server-nodemanager-2.5.1.jar:/home/user/bigdata/hadoop-2.5.1/share/hadoop/yarn/hadoop-yarn-server-tests-2.5.1.jar:/home/user/bigdata/hadoop-2.5.1/share/hadoop/yarn/hadoop-yarn-server-common-2.5.1.jar:/home/user/bigdata/hadoop-2.5.1/share/hadoop/yarn/hadoop-yarn-common-2.5.1.jar:/home/user/bigdata/hadoop-2.5.1/share/hadoop/yarn/hadoop-yarn-server-resourcemanager-2.5.1.jar:/home/user/bigdata/hadoop-2.5.1/share/hadoop/yarn/hadoop-yarn-client-2.5.1.jar:/home/user/bigdata/hadoop-2.5.1/share/hadoop/yarn/hadoop-yarn-server-applicationhistoryservice-2.5.1.jar:/home/user/bigdata/hadoop-2.5.1/share/hadoop/yarn/hadoop-yarn-api-2.5.1.jar:/home/user/bigdata/hadoop-2.5.1/share/hadoop/mapreduce/lib/guice-servlet-3.0.jar:/home/user/bigdata/hadoop-2.5.1/share/hadoop/mapreduce/lib/jackson-core-asl-1.9.13.jar:/home/user/bigdata/hadoop-2.5.1/share/hadoop/mapreduce/lib/junit-4.11.jar:/home/user/bigdata/hadoop-2.5.1/share/hadoop/mapreduce/lib/jersey-core-1.9.jar:/home/user/bigdata/hadoop-2.5.1/share/hadoop/mapreduce/lib/aopalliance-1.0.jar:/home/user/bigdata/hadoop-2.5.1/share/hadoop/mapreduce/lib/jersey-guice-1.9.jar:/home/user/bigdata/hadoop-2.5.1/share/hadoop/mapreduce/lib/log4j-1.2.17.jar:/home/user/bigdata/hadoop-2.5.1/share/hadoop/mapreduce/lib/jersey-server-1.9.jar:/home/user/bigdata/hadoop-2.5.1/share/hadoop/mapreduce/lib/avro-1.7.4.jar:/home/user/bigdata/hadoop-2.5.1/share/hadoop/mapreduce/lib/javax.inject-1.jar:/home/user/bigdata/hadoop-2.5.1/share/hadoop/mapreduce/lib/netty-3.6.2.Final.jar:/home/user/bigdata/hadoop-2.5.1/share/hadoop/mapreduce/lib/commons-compress-1.4.1.jar:/home/user/bigdata/hadoop-2.5.1/share/hadoop/mapreduce/lib/snappy-java-1.0.4.1.jar:/home/user/bigdata/hadoop-2.5.1/share/hadoop/mapreduce/lib/hamcrest-core-1.3.jar:/home/user/bigdata/hadoop-2.5.1/share/hadoop/mapreduce/lib/xz-1.0.jar:/home/user/bigdata/hadoop-2.5.1/share/hadoop/mapreduce/lib/paranamer-2.3.jar:/home/user/bigdata/hadoop-2.5.1/share/hadoop/mapreduce/lib/commons-io-2.4.jar:/home/user/bigdata/hadoop-2.5.1/share/hadoop/mapreduce/lib/leveldbjni-all-1.8.jar:/home/user/bigdata/hadoop-2.5.1/share/hadoop/mapreduce/lib/hadoop-annotations-2.5.1.jar:/home/user/bigdata/hadoop-2.5.1/share/hadoop/mapreduce/lib/protobuf-java-2.5.0.jar:/home/user/bigdata/hadoop-2.5.1/share/hadoop/mapreduce/lib/jackson-mapper-asl-1.9.13.jar:/home/user/bigdata/hadoop-2.5.1/share/hadoop/mapreduce/lib/guice-3.0.jar:/home/user/bigdata/hadoop-2.5.1/share/hadoop/mapreduce/lib/asm-3.2.jar:/home/user/bigdata/hadoop-2.5.1/share/hadoop/mapreduce/hadoop-mapreduce-client-common-2.5.1.jar:/home/user/bigdata/hadoop-2.5.1/share/hadoop/mapreduce/hadoop-mapreduce-client-hs-2.5.1.jar:/home/user/bigdata/hadoop-2.5.1/share/hadoop/mapreduce/hadoop-mapreduce-client-shuffle-2.5.1.jar:/home/user/bigdata/hadoop-2.5.1/share/hadoop/mapreduce/hadoop-mapreduce-client-core-2.5.1.jar:/home/user/bigdata/hadoop-2.5.1/share/hadoop/mapreduce/hadoop-mapreduce-client-jobclient-2.5.1.jar:/home/user/bigdata/hadoop-2.5.1/share/hadoop/mapreduce/hadoop-mapreduce-client-hs-plugins-2.5.1.jar:/home/user/bigdata/hadoop-2.5.1/share/hadoop/mapreduce/hadoop-mapreduce-client-jobclient-2.5.1-tests.jar:/home/user/bigdata/hadoop-2.5.1/share/hadoop/mapreduce/hadoop-mapreduce-examples-2.5.1.jar:/home/user/bigdata/hadoop-2.5.1/share/hadoop/mapreduce/hadoop-mapreduce-client-app-2.5.1.jar:/usr/lib/jvm/java-8-openjdk-amd64//lib/tools.jar:/home/user/bigdata/hadoop-2.5.1//contrib/capacity-scheduler/*.jar:/home/user/bigdata/hadoop-2.5.1//contrib/capacity-scheduler/*.jar:/home/user/bigdata/hadoop-2.5.1//contrib/capacity-scheduler/*.jar:/home/user/bigdata/hadoop-2.5.1/share/hadoop/yarn/hadoop-yarn-server-web-proxy-2.5.1.jar:/home/user/bigdata/hadoop-2.5.1/share/hadoop/yarn/hadoop-yarn-applications-unmanaged-am-launcher-2.5.1.jar:/home/user/bigdata/hadoop-2.5.1/share/hadoop/yarn/hadoop-yarn-applications-distributedshell-2.5.1.jar:/home/user/bigdata/hadoop-2.5.1/share/hadoop/yarn/hadoop-yarn-server-nodemanager-2.5.1.jar:/home/user/bigdata/hadoop-2.5.1/share/hadoop/yarn/hadoop-yarn-server-tests-2.5.1.jar:/home/user/bigdata/hadoop-2.5.1/share/hadoop/yarn/hadoop-yarn-server-common-2.5.1.jar:/home/user/bigdata/hadoop-2.5.1/share/hadoop/yarn/hadoop-yarn-common-2.5.1.jar:/home/user/bigdata/hadoop-2.5.1/share/hadoop/yarn/hadoop-yarn-server-resourcemanager-2.5.1.jar:/home/user/bigdata/hadoop-2.5.1/share/hadoop/yarn/hadoop-yarn-client-2.5.1.jar:/home/user/bigdata/hadoop-2.5.1/share/hadoop/yarn/hadoop-yarn-server-applicationhistoryservice-2.5.1.jar:/home/user/bigdata/hadoop-2.5.1/share/hadoop/yarn/hadoop-yarn-api-2.5.1.jar:/home/user/bigdata/hadoop-2.5.1/share/hadoop/yarn/lib/jetty-util-6.1.26.jar:/home/user/bigdata/hadoop-2.5.1/share/hadoop/yarn/lib/guice-servlet-3.0.jar:/home/user/bigdata/hadoop-2.5.1/share/hadoop/yarn/lib/commons-collections-3.2.1.jar:/home/user/bigdata/hadoop-2.5.1/share/hadoop/yarn/lib/jackson-core-asl-1.9.13.jar:/home/user/bigdata/hadoop-2.5.1/share/hadoop/yarn/lib/zookeeper-3.4.6.jar:/home/user/bigdata/hadoop-2.5.1/share/hadoop/yarn/lib/jersey-client-1.9.jar:/home/user/bigdata/hadoop-2.5.1/share/hadoop/yarn/lib/jersey-core-1.9.jar:/home/user/bigdata/hadoop-2.5.1/share/hadoop/yarn/lib/jaxb-api-2.2.2.jar:/home/user/bigdata/hadoop-2.5.1/share/hadoop/yarn/lib/aopalliance-1.0.jar:/home/user/bigdata/hadoop-2.5.1/share/hadoop/yarn/lib/jackson-xc-1.9.13.jar:/home/user/bigdata/hadoop-2.5.1/share/hadoop/yarn/lib/jersey-guice-1.9.jar:/home/user/bigdata/hadoop-2.5.1/share/hadoop/yarn/lib/stax-api-1.0-2.jar:/home/user/bigdata/hadoop-2.5.1/share/hadoop/yarn/lib/jsr305-1.3.9.jar:/home/user/bigdata/hadoop-2.5.1/share/hadoop/yarn/lib/jackson-jaxrs-1.9.13.jar:/home/user/bigdata/hadoop-2.5.1/share/hadoop/yarn/lib/log4j-1.2.17.jar:/home/user/bigdata/hadoop-2.5.1/share/hadoop/yarn/lib/jline-0.9.94.jar:/home/user/bigdata/hadoop-2.5.1/share/hadoop/yarn/lib/jersey-server-1.9.jar:/home/user/bigdata/hadoop-2.5.1/share/hadoop/yarn/lib/commons-logging-1.1.3.jar:/home/user/bigdata/hadoop-2.5.1/share/hadoop/yarn/lib/jaxb-impl-2.2.3-1.jar:/home/user/bigdata/hadoop-2.5.1/share/hadoop/yarn/lib/javax.inject-1.jar:/home/user/bigdata/hadoop-2.5.1/share/hadoop/yarn/lib/jersey-json-1.9.jar:/home/user/bigdata/hadoop-2.5.1/share/hadoop/yarn/lib/commons-lang-2.6.jar:/home/user/bigdata/hadoop-2.5.1/share/hadoop/yarn/lib/commons-httpclient-3.1.jar:/home/user/bigdata/hadoop-2.5.1/share/hadoop/yarn/lib/jettison-1.1.jar:/home/user/bigdata/hadoop-2.5.1/share/hadoop/yarn/lib/netty-3.6.2.Final.jar:/home/user/bigdata/hadoop-2.5.1/share/hadoop/yarn/lib/commons-compress-1.4.1.jar:/home/user/bigdata/hadoop-2.5.1/share/hadoop/yarn/lib/xz-1.0.jar:/home/user/bigdata/hadoop-2.5.1/share/hadoop/yarn/lib/commons-io-2.4.jar:/home/user/bigdata/hadoop-2.5.1/share/hadoop/yarn/lib/leveldbjni-all-1.8.jar:/home/user/bigdata/hadoop-2.5.1/share/hadoop/yarn/lib/guava-11.0.2.jar:/home/user/bigdata/hadoop-2.5.1/share/hadoop/yarn/lib/servlet-api-2.5.jar:/home/user/bigdata/hadoop-2.5.1/share/hadoop/yarn/lib/protobuf-java-2.5.0.jar:/home/user/bigdata/hadoop-2.5.1/share/hadoop/yarn/lib/commons-codec-1.4.jar:/home/user/bigdata/hadoop-2.5.1/share/hadoop/yarn/lib/activation-1.1.jar:/home/user/bigdata/hadoop-2.5.1/share/hadoop/yarn/lib/jackson-mapper-asl-1.9.13.jar:/home/user/bigdata/hadoop-2.5.1/share/hadoop/yarn/lib/guice-3.0.jar:/home/user/bigdata/hadoop-2.5.1/share/hadoop/yarn/lib/commons-cli-1.2.jar:/home/user/bigdata/hadoop-2.5.1/share/hadoop/yarn/lib/jetty-6.1.26.jar:/home/user/bigdata/hadoop-2.5.1/share/hadoop/yarn/lib/asm-3.2.jar:/home/user/bigdata/hadoop-2.5.1/etc/hadoop/rm-config/log4j.properties
STARTUP_MSG:   build = https://git-wip-us.apache.org/repos/asf/hadoop.git -r 2e18d179e4a8065b6a9f29cf2de9451891265cce; compiled by 'jenkins' on 2014-09-05T23:11Z
STARTUP_MSG:   java = 1.8.0_362
************************************************************/
2026-08-26 00:07:09,991 INFO org.apache.hadoop.yarn.server.resourcemanager.ResourceManager: registered UNIX signal handlers for [TERM, HUP, INT]
2026-08-26 00:07:10,184 INFO org.apache.hadoop.conf.Configuration: found resource core-site.xml at file:/home/user/bigdata/hadoop-2.5.1/etc/hadoop/core-site.xml
2026-08-26 00:07:10,209 INFO org.apache.hadoop.security.Groups: clearing userToGroupsMap cache
2026-08-26 00:07:10,214 INFO org.apache.hadoop.conf.Configuration: found resource yarn-site.xml at file:/home/user/bigdata/hadoop-2.5.1/etc/hadoop/yarn-site.xml
2026-08-26 00:07:10,247 INFO org.apache.hadoop.yarn.event.AsyncDispatcher: Registering class org.apache.hadoop.yarn.server.resourcemanager.RMFatalEventType for class org.apache.hadoop.yarn.server.resourcemanager.ResourceManager$RMFatalEventDispatcher
2026-08-26 00:07:10,321 INFO org.apache.hadoop.yarn.server.resourcemanager.security.NMTokenSecretManagerInRM: NMTokenKeyRollingInterval: 86400000ms and NMTokenKeyActivationDelay: 900000ms
2026-08-26 00:07:10,326 INFO org.apache.hadoop.yarn.server.resourcemanager.security.RMContainerTokenSecretManager: ContainerTokenKeyRollingInterval: 86400000ms and ContainerTokenKeyActivationDelay: 900000ms
2026-08-26 00:07:10,327 INFO org.apache.hadoop.yarn.server.resourcemanager.security.AMRMTokenSecretManager: Rolling master-key for amrm-tokens
2026-08-26 00:07:10,355 INFO org.apache.hadoop.yarn.event.AsyncDispatcher: Registering class org.apache.hadoop.yarn.server.resourcemanager.recovery.RMStateStoreEventType for class org.apache.hadoop.yarn.server.resourcemanager.recovery.RMStateStore$ForwardingEventHandler
2026-08-26 00:07:10,488 INFO org.apache.hadoop.yarn.event.AsyncDispatcher: Registering class org.apache.hadoop.yarn.server.resourcemanager.NodesListManagerEventType for class org.apache.hadoop.yarn.server.resourcemanager.NodesListManager
2026-08-26 00:07:10,488 INFO org.apache.hadoop.yarn.server.resourcemanager.ResourceManager: Using Scheduler: org.apache.hadoop.yarn.server.resourcemanager.scheduler.capacity.CapacityScheduler
2026-08-26 00:07:10,541 INFO org.apache.hadoop.yarn.event.AsyncDispatcher: Registering class org.apache.hadoop.yarn.server.resourcemanager.scheduler.event.SchedulerEventType for class org.apache.hadoop.yarn.server.resourcemanager.ResourceManager$SchedulerEventDispatcher
2026-08-26 00:07:10,541 INFO org.apache.hadoop.yarn.event.AsyncDispatcher: Registering class org.apache.hadoop.yarn.server.resourcemanager.rmapp.RMAppEventType for class org.apache.hadoop.yarn.server.resourcemanager.ResourceManager$ApplicationEventDispatcher
2026-08-26 00:07:10,542 INFO org.apache.hadoop.yarn.event.AsyncDispatcher: Registering class org.apache.hadoop.yarn.server.resourcemanager.rmapp.attempt.RMAppAttemptEventType for class org.apache.hadoop.yarn.server.resourcemanager.ResourceManager$ApplicationAttemptEventDispatcher
2026-08-26 00:07:10,542 INFO org.apache.hadoop.yarn.event.AsyncDispatcher: Registering class org.apache.hadoop.yarn.server.resourcemanager.rmnode.RMNodeEventType for class org.apache.hadoop.yarn.server.resourcemanager.ResourceManager$NodeEventDispatcher
2026-08-26 00:07:10,649 INFO org.apache.hadoop.metrics2.impl.MetricsConfig: loaded properties from hadoop-metrics2.properties
2026-08-26 00:07:10,892 INFO org.apache.hadoop.metrics2.impl.MetricsSystemImpl: Scheduled snapshot period at 10 second(s).
2026-08-26 00:07:10,893 INFO org.apache.hadoop.metrics2.impl.MetricsSystemImpl: ResourceManager metrics system started
2026-08-26 00:07:10,971 INFO org.apache.hadoop.yarn.event.AsyncDispatcher: Registering class org.apache.hadoop.yarn.server.resourcemanager.RMAppManagerEventType for class org.apache.hadoop.yarn.server.resourcemanager.RMAppManager
2026-08-26 00:07:10,977 INFO org.apache.hadoop.yarn.event.AsyncDispatcher: Registering class org.apache.hadoop.yarn.server.resourcemanager.amlauncher.AMLauncherEventType for class org.apache.hadoop.yarn.server.resourcemanager.amlauncher.ApplicationMasterLauncher
2026-08-26 00:07:10,978 INFO org.apache.hadoop.yarn.server.resourcemanager.RMNMInfo: Registered RMNMInfo MBean
2026-08-26 00:07:10,979 INFO org.apache.hadoop.yarn.event.AsyncDispatcher: Registering class org.apache.hadoop.yarn.server.resourcemanager.ahs.WritingHistoryEventType for class org.apache.hadoop.yarn.server.resourcemanager.ahs.RMApplicationHistoryWriter$ForwardingEventHandler
2026-08-26 00:07:10,979 INFO org.apache.hadoop.yarn.event.AsyncDispatcher: Registering class org.apache.hadoop.yarn.server.resourcemanager.ahs.WritingHistoryEventType for class org.apache.hadoop.yarn.server.resourcemanager.ahs.RMApplicationHistoryWriter$ForwardingEventHandler
2026-08-26 00:07:10,979 INFO org.apache.hadoop.yarn.event.AsyncDispatcher: Registering class org.apache.hadoop.yarn.server.resourcemanager.ahs.WritingHistoryEventType for class org.apache.hadoop.yarn.server.resourcemanager.ahs.RMApplicationHistoryWriter$ForwardingEventHandler
2026-08-26 00:07:10,979 INFO org.apache.hadoop.yarn.event.AsyncDispatcher: Registering class org.apache.hadoop.yarn.server.resourcemanager.ahs.WritingHistoryEventType for class org.apache.hadoop.yarn.server.resourcemanager.ahs.RMApplicationHistoryWriter$ForwardingEventHandler
2026-08-26 00:07:10,979 INFO org.apache.hadoop.yarn.event.AsyncDispatcher: Registering class org.apache.hadoop.yarn.server.resourcemanager.ahs.WritingHistoryEventType for class org.apache.hadoop.yarn.server.resourcemanager.ahs.RMApplicationHistoryWriter$ForwardingEventHandler
2026-08-26 00:07:10,979 INFO org.apache.hadoop.yarn.event.AsyncDispatcher: Registering class org.apache.hadoop.yarn.server.resourcemanager.ahs.WritingHistoryEventType for class org.apache.hadoop.yarn.server.resourcemanager.ahs.RMApplicationHistoryWriter$ForwardingEventHandler
2026-08-26 00:07:10,979 INFO org.apache.hadoop.yarn.event.AsyncDispatcher: Registering class org.apache.hadoop.yarn.server.resourcemanager.ahs.WritingHistoryEventType for class org.apache.hadoop.yarn.server.resourcemanager.ahs.RMApplicationHistoryWriter$ForwardingEventHandler
2026-08-26 00:07:10,979 INFO org.apache.hadoop.yarn.event.AsyncDispatcher: Registering class org.apache.hadoop.yarn.server.resourcemanager.ahs.WritingHistoryEventType for class org.apache.hadoop.yarn.server.resourcemanager.ahs.RMApplicationHistoryWriter$ForwardingEventHandler
2026-08-26 00:07:10,979 INFO org.apache.hadoop.yarn.event.AsyncDispatcher: Registering class org.apache.hadoop.yarn.server.resourcemanager.ahs.WritingHistoryEventType for class org.apache.hadoop.yarn.server.resourcemanager.ahs.RMApplicationHistoryWriter$ForwardingEventHandler
2026-08-26 00:07:10,979 INFO org.apache.hadoop.yarn.event.AsyncDispatcher: Registering class org.apache.hadoop.yarn.server.resourcemanager.ahs.WritingHistoryEventType for class org.apache.hadoop.yarn.server.resourcemanager.ahs.RMApplicationHistoryWriter$ForwardingEventHandler
2026-08-26 00:07:10,980 INFO org.apache.hadoop.util.HostsFileReader: Refreshing hosts (include/exclude) list
2026-08-26 00:07:10,981 INFO org.apache.hadoop.conf.Configuration: found resource capacity-scheduler.xml at file:/home/user/bigdata/hadoop-2.5.1/etc/hadoop/capacity-scheduler.xml
2026-08-26 00:07:11,056 INFO org.apache.hadoop.yarn.server.resourcemanager.scheduler.capacity.ParentQueue: root, capacity=1.0, asboluteCapacity=1.0, maxCapacity=1.0, asboluteMaxCapacity=1.0, state=RUNNING, acls=SUBMIT_APPLICATIONS:*ADMINISTER_QUEUE:*
2026-08-26 00:07:11,057 INFO org.apache.hadoop.yarn.server.resourcemanager.scheduler.capacity.ParentQueue: Initialized parent-queue root name=root, fullname=root
2026-08-26 00:07:11,067 INFO org.apache.hadoop.yarn.server.resourcemanager.scheduler.capacity.LeafQueue: Initializing default
capacity = 1.0 [= (float) configuredCapacity / 100 ]
asboluteCapacity = 1.0 [= parentAbsoluteCapacity * capacity ]
maxCapacity = 1.0 [= configuredMaxCapacity ]
absoluteMaxCapacity = 1.0 [= 1.0 maximumCapacity undefined, (parentAbsoluteMaxCapacity * maximumCapacity) / 100 otherwise ]
userLimit = 100 [= configuredUserLimit ]
userLimitFactor = 1.0 [= configuredUserLimitFactor ]
maxApplications = 10000 [= configuredMaximumSystemApplicationsPerQueue or (int)(configuredMaximumSystemApplications * absoluteCapacity)]
maxApplicationsPerUser = 10000 [= (int)(maxApplications * (userLimit / 100.0f) * userLimitFactor) ]
maxActiveApplications = 1 [= max((int)ceil((clusterResourceMemory / minimumAllocation) * maxAMResourcePerQueuePercent * absoluteMaxCapacity),1) ]
maxActiveAppsUsingAbsCap = 1 [= max((int)ceil((clusterResourceMemory / minimumAllocation) *maxAMResourcePercent * absoluteCapacity),1) ]
maxActiveApplicationsPerUser = 1 [= max((int)(maxActiveApplications * (userLimit / 100.0f) * userLimitFactor),1) ]
usedCapacity = 0.0 [= usedResourcesMemory / (clusterResourceMemory * absoluteCapacity)]
absoluteUsedCapacity = 0.0 [= usedResourcesMemory / clusterResourceMemory]
maxAMResourcePerQueuePercent = 0.1 [= configuredMaximumAMResourcePercent ]
minimumAllocationFactor = 0.875 [= (float)(maximumAllocationMemory - minimumAllocationMemory) / maximumAllocationMemory ]
numContainers = 0 [= currentNumContainers ]
state = RUNNING [= configuredState ]
acls = SUBMIT_APPLICATIONS:*ADMINISTER_QUEUE:* [= configuredAcls ]
nodeLocalityDelay = 40

2026-08-26 00:07:11,069 INFO org.apache.hadoop.yarn.server.resourcemanager.scheduler.capacity.CapacityScheduler: Initialized queue: default: capacity=1.0, absoluteCapacity=1.0, usedResources=<memory:0, vCores:0>, usedCapacity=0.0, absoluteUsedCapacity=0.0, numApps=0, numContainers=0
2026-08-26 00:07:11,069 INFO org.apache.hadoop.yarn.server.resourcemanager.scheduler.capacity.CapacityScheduler: Initialized queue: root: numChildQueue= 1, capacity=1.0, absoluteCapacity=1.0, usedResources=<memory:0, vCores:0>usedCapacity=0.0, numApps=0, numContainers=0
2026-08-26 00:07:11,070 INFO org.apache.hadoop.yarn.server.resourcemanager.scheduler.capacity.CapacityScheduler: Initialized root queue root: numChildQueue= 1, capacity=1.0, absoluteCapacity=1.0, usedResources=<memory:0, vCores:0>usedCapacity=0.0, numApps=0, numContainers=0
2026-08-26 00:07:11,070 INFO org.apache.hadoop.yarn.server.resourcemanager.scheduler.capacity.CapacityScheduler: Initialized CapacityScheduler with calculator=class org.apache.hadoop.yarn.util.resource.DefaultResourceCalculator, minimumAllocation=<<memory:1024, vCores:1>>, maximumAllocation=<<memory:8192, vCores:32>>, asynchronousScheduling=false, asyncScheduleInterval=5ms
2026-08-26 00:07:11,077 INFO org.apache.hadoop.yarn.server.resourcemanager.ResourceManager: Transitioning to active state
2026-08-26 00:07:11,080 INFO org.apache.hadoop.yarn.server.resourcemanager.security.RMContainerTokenSecretManager: Rolling master-key for container-tokens
2026-08-26 00:07:11,081 INFO org.apache.hadoop.yarn.server.resourcemanager.security.AMRMTokenSecretManager: Rolling master-key for amrm-tokens
2026-08-26 00:07:11,082 INFO org.apache.hadoop.yarn.server.resourcemanager.security.NMTokenSecretManagerInRM: Rolling master-key for nm-tokens
2026-08-26 00:07:11,082 INFO org.apache.hadoop.security.token.delegation.AbstractDelegationTokenSecretManager: Updating the current master key for generating delegation tokens
2026-08-26 00:07:11,083 INFO org.apache.hadoop.yarn.server.resourcemanager.security.RMDelegationTokenSecretManager: storing master key with keyID 1
2026-08-26 00:07:11,088 INFO org.apache.hadoop.security.token.delegation.AbstractDelegationTokenSecretManager: Starting expired delegation token remover thread, tokenRemoverScanInterval=60 min(s)
2026-08-26 00:07:11,088 INFO org.apache.hadoop.security.token.delegation.AbstractDelegationTokenSecretManager: Updating the current master key for generating delegation tokens
2026-08-26 00:07:11,088 INFO org.apache.hadoop.yarn.server.resourcemanager.security.RMDelegationTokenSecretManager: storing master key with keyID 2
2026-08-26 00:07:11,144 INFO org.apache.hadoop.ipc.CallQueueManager: Using callQueue class java.util.concurrent.LinkedBlockingQueue
2026-08-26 00:07:11,181 INFO org.apache.hadoop.ipc.Server: Starting Socket Reader #1 for port 8031
2026-08-26 00:07:11,206 INFO org.apache.hadoop.yarn.factories.impl.pb.RpcServerFactoryPBImpl: Adding protocol org.apache.hadoop.yarn.server.api.ResourceTrackerPB to the server
2026-08-26 00:07:11,207 INFO org.apache.hadoop.ipc.Server: IPC Server Responder: starting
2026-08-26 00:07:11,210 INFO org.apache.hadoop.ipc.Server: IPC Server listener on 8031: starting
2026-08-26 00:07:11,387 INFO org.apache.hadoop.ipc.CallQueueManager: Using callQueue class java.util.concurrent.LinkedBlockingQueue
2026-08-26 00:07:11,397 INFO org.apache.hadoop.ipc.Server: Starting Socket Reader #1 for port 8030
2026-08-26 00:07:11,402 INFO org.apache.hadoop.yarn.factories.impl.pb.RpcServerFactoryPBImpl: Adding protocol org.apache.hadoop.yarn.api.ApplicationMasterProtocolPB to the server
2026-08-26 00:07:11,404 INFO org.apache.hadoop.ipc.Server: IPC Server Responder: starting
2026-08-26 00:07:11,407 INFO org.apache.hadoop.ipc.Server: IPC Server listener on 8030: starting
2026-08-26 00:07:11,573 INFO org.apache.hadoop.ipc.CallQueueManager: Using callQueue class java.util.concurrent.LinkedBlockingQueue
2026-08-26 00:07:11,576 INFO org.apache.hadoop.ipc.Server: Starting Socket Reader #1 for port 8032
2026-08-26 00:07:11,578 INFO org.apache.hadoop.yarn.factories.impl.pb.RpcServerFactoryPBImpl: Adding protocol org.apache.hadoop.yarn.api.ApplicationClientProtocolPB to the server
2026-08-26 00:07:11,591 INFO org.apache.hadoop.ipc.Server: IPC Server Responder: starting
2026-08-26 00:07:11,600 INFO org.apache.hadoop.ipc.Server: IPC Server listener on 8032: starting
2026-08-26 00:07:11,671 INFO org.apache.hadoop.yarn.server.resourcemanager.ResourceManager: Transitioned to active state
2026-08-26 00:07:11,788 INFO org.mortbay.log: Logging to org.slf4j.impl.Log4jLoggerAdapter(org.mortbay.log) via org.mortbay.log.Slf4jLog
2026-08-26 00:07:11,793 INFO org.apache.hadoop.http.HttpRequestLog: Http request log for http.requests.resourcemanager is not defined
2026-08-26 00:07:11,806 INFO org.apache.hadoop.http.HttpServer2: Added global filter 'safety' (class=org.apache.hadoop.http.HttpServer2$QuotingInputFilter)
2026-08-26 00:07:11,820 INFO org.apache.hadoop.http.HttpServer2: Added filter YARNAuthenticationFilter (class=org.apache.hadoop.yarn.server.security.http.RMAuthenticationFilter) to context cluster
2026-08-26 00:07:11,821 INFO org.apache.hadoop.http.HttpServer2: Added filter YARNAuthenticationFilter (class=org.apache.hadoop.yarn.server.security.http.RMAuthenticationFilter) to context static
2026-08-26 00:07:11,821 INFO org.apache.hadoop.http.HttpServer2: Added filter YARNAuthenticationFilter (class=org.apache.hadoop.yarn.server.security.http.RMAuthenticationFilter) to context logs
2026-08-26 00:07:11,822 INFO org.apache.hadoop.http.HttpServer2: Added filter static_user_filter (class=org.apache.hadoop.http.lib.StaticUserWebFilter$StaticUserFilter) to context cluster
2026-08-26 00:07:11,822 INFO org.apache.hadoop.http.HttpServer2: Added filter static_user_filter (class=org.apache.hadoop.http.lib.StaticUserWebFilter$StaticUserFilter) to context static
2026-08-26 00:07:11,822 INFO org.apache.hadoop.http.HttpServer2: Added filter static_user_filter (class=org.apache.hadoop.http.lib.StaticUserWebFilter$StaticUserFilter) to context logs
2026-08-26 00:07:11,834 INFO org.apache.hadoop.http.HttpServer2: adding path spec: /cluster/*
2026-08-26 00:07:11,835 INFO org.apache.hadoop.http.HttpServer2: adding path spec: /ws/*
2026-08-26 00:07:11,850 INFO org.apache.hadoop.http.HttpServer2: Jetty bound to port 8088
2026-08-26 00:07:11,851 INFO org.mortbay.log: jetty-6.1.26
2026-08-26 00:07:11,955 INFO org.mortbay.log: Extract jar:file:/home/user/bigdata/hadoop-2.5.1/share/hadoop/yarn/hadoop-yarn-common-2.5.1.jar!/webapps/cluster to /tmp/Jetty_0_0_0_0_8088_cluster____u0rgz3/webapp
2026-08-26 00:07:12,090 WARN org.apache.hadoop.security.authentication.server.AuthenticationFilter: 'signature.secret' configuration not set, using a random value as secret
2026-08-26 00:07:12,112 WARN org.apache.hadoop.security.authentication.server.AuthenticationFilter: 'signature.secret' configuration not set, using a random value as secret
2026-08-26 00:07:12,113 WARN org.apache.hadoop.security.authentication.server.AuthenticationFilter: 'signature.secret' configuration not set, using a random value as secret
2026-08-26 00:07:12,119 INFO org.mortbay.log: Started HttpServer2$SelectChannelConnectorWithSafeStartup@0.0.0.0:8088
2026-08-26 00:07:12,119 INFO org.apache.hadoop.yarn.webapp.WebApps: Web app /cluster started at 8088
2026-08-26 00:07:13,046 INFO org.apache.hadoop.yarn.webapp.WebApps: Registered webapp guice modules
2026-08-26 00:07:13,070 INFO org.apache.hadoop.ipc.CallQueueManager: Using callQueue class java.util.concurrent.LinkedBlockingQueue
2026-08-26 00:07:13,072 INFO org.apache.hadoop.ipc.Server: Starting Socket Reader #1 for port 8033
2026-08-26 00:07:13,078 INFO org.apache.hadoop.yarn.factories.impl.pb.RpcServerFactoryPBImpl: Adding protocol org.apache.hadoop.yarn.server.api.ResourceManagerAdministrationProtocolPB to the server
2026-08-26 00:07:13,087 INFO org.apache.hadoop.ipc.Server: IPC Server listener on 8033: starting
2026-08-26 00:07:13,088 INFO org.apache.hadoop.ipc.Server: IPC Server Responder: starting
2026-08-26 00:07:14,835 INFO org.apache.hadoop.yarn.util.RackResolver: Resolved ubuntu to /default-rack
2026-08-26 00:07:14,842 INFO org.apache.hadoop.yarn.server.resourcemanager.rmnode.RMNodeImpl: ubuntu:39493 Node Transitioned from NEW to RUNNING
2026-08-26 00:07:14,843 INFO org.apache.hadoop.yarn.server.resourcemanager.ResourceTrackerService: NodeManager from node ubuntu(cmPort: 39493 httpPort: 8042) registered with capability: <memory:8192, vCores:8>, assigned nodeId ubuntu:39493
2026-08-26 00:07:14,844 INFO org.apache.hadoop.yarn.server.resourcemanager.scheduler.capacity.CapacityScheduler: Added node ubuntu:39493 clusterResource: <memory:8192, vCores:8>
2026-08-26 17:12:16,300 INFO org.apache.hadoop.yarn.server.resourcemanager.ResourceManager: STARTUP_MSG: 
/************************************************************
STARTUP_MSG: Starting ResourceManager
STARTUP_MSG:   host = ubuntu/127.0.1.1
STARTUP_MSG:   args = []
STARTUP_MSG:   version = 2.5.1
STARTUP_MSG:   classpath = /home/user/bigdata/hadoop-2.5.1/etc/hadoop:/home/user/bigdata/hadoop-2.5.1/etc/hadoop:/home/user/bigdata/hadoop-2.5.1/etc/hadoop:/home/user/bigdata/hadoop-2.5.1/share/hadoop/common/lib/jetty-util-6.1.26.jar:/home/user/bigdata/hadoop-2.5.1/share/hadoop/common/lib/apacheds-kerberos-codec-2.0.0-M15.jar:/home/user/bigdata/hadoop-2.5.1/share/hadoop/common/lib/commons-collections-3.2.1.jar:/home/user/bigdata/hadoop-2.5.1/share/hadoop/common/lib/jackson-core-asl-1.9.13.jar:/home/user/bigdata/hadoop-2.5.1/share/hadoop/common/lib/slf4j-log4j12-1.7.5.jar:/home/user/bigdata/hadoop-2.5.1/share/hadoop/common/lib/zookeeper-3.4.6.jar:/home/user/bigdata/hadoop-2.5.1/share/hadoop/common/lib/hadoop-auth-2.5.1.jar:/home/user/bigdata/hadoop-2.5.1/share/hadoop/common/lib/junit-4.11.jar:/home/user/bigdata/hadoop-2.5.1/share/hadoop/common/lib/api-util-1.0.0-M20.jar:/home/user/bigdata/hadoop-2.5.1/share/hadoop/common/lib/api-asn1-api-1.0.0-M20.jar:/home/user/bigdata/hadoop-2.5.1/share/hadoop/common/lib/jersey-core-1.9.jar:/home/user/bigdata/hadoop-2.5.1/share/hadoop/common/lib/commons-math3-3.1.1.jar:/home/user/bigdata/hadoop-2.5.1/share/hadoop/common/lib/jaxb-api-2.2.2.jar:/home/user/bigdata/hadoop-2.5.1/share/hadoop/common/lib/jackson-xc-1.9.13.jar:/home/user/bigdata/hadoop-2.5.1/share/hadoop/common/lib/junit.jar:/home/user/bigdata/hadoop-2.5.1/share/hadoop/common/lib/commons-configuration-1.6.jar:/home/user/bigdata/hadoop-2.5.1/share/hadoop/common/lib/stax-api-1.0-2.jar:/home/user/bigdata/hadoop-2.5.1/share/hadoop/common/lib/jsr305-1.3.9.jar:/home/user/bigdata/hadoop-2.5.1/share/hadoop/common/lib/jackson-jaxrs-1.9.13.jar:/home/user/bigdata/hadoop-2.5.1/share/hadoop/common/lib/log4j-1.2.17.jar:/home/user/bigdata/hadoop-2.5.1/share/hadoop/common/lib/jersey-server-1.9.jar:/home/user/bigdata/hadoop-2.5.1/share/hadoop/common/lib/java-xmlbuilder-0.4.jar:/home/user/bigdata/hadoop-2.5.1/share/hadoop/common/lib/avro-1.7.4.jar:/home/user/bigdata/hadoop-2.5.1/share/hadoop/common/lib/commons-logging-1.1.3.jar:/home/user/bigdata/hadoop-2.5.1/share/hadoop/common/lib/slf4j-api-1.7.5.jar:/home/user/bigdata/hadoop-2.5.1/share/hadoop/common/lib/httpcore-4.2.5.jar:/home/user/bigdata/hadoop-2.5.1/share/hadoop/common/lib/jaxb-impl-2.2.3-1.jar:/home/user/bigdata/hadoop-2.5.1/share/hadoop/common/lib/httpclient-4.2.5.jar:/home/user/bigdata/hadoop-2.5.1/share/hadoop/common/lib/jersey-json-1.9.jar:/home/user/bigdata/hadoop-2.5.1/share/hadoop/common/lib/commons-lang-2.6.jar:/home/user/bigdata/hadoop-2.5.1/share/hadoop/common/lib/commons-httpclient-3.1.jar:/home/user/bigdata/hadoop-2.5.1/share/hadoop/common/lib/jettison-1.1.jar:/home/user/bigdata/hadoop-2.5.1/share/hadoop/common/lib/netty-3.6.2.Final.jar:/home/user/bigdata/hadoop-2.5.1/share/hadoop/common/lib/commons-digester-1.8.jar:/home/user/bigdata/hadoop-2.5.1/share/hadoop/common/lib/apacheds-i18n-2.0.0-M15.jar:/home/user/bigdata/hadoop-2.5.1/share/hadoop/common/lib/commons-compress-1.4.1.jar:/home/user/bigdata/hadoop-2.5.1/share/hadoop/common/lib/commons-net-3.1.jar:/home/user/bigdata/hadoop-2.5.1/share/hadoop/common/lib/jsp-api-2.1.jar:/home/user/bigdata/hadoop-2.5.1/share/hadoop/common/lib/snappy-java-1.0.4.1.jar:/home/user/bigdata/hadoop-2.5.1/share/hadoop/common/lib/commons-el-1.0.jar:/home/user/bigdata/hadoop-2.5.1/share/hadoop/common/lib/hamcrest-core-1.3.jar:/home/user/bigdata/hadoop-2.5.1/share/hadoop/common/lib/xz-1.0.jar:/home/user/bigdata/hadoop-2.5.1/share/hadoop/common/lib/paranamer-2.3.jar:/home/user/bigdata/hadoop-2.5.1/share/hadoop/common/lib/commons-beanutils-core-1.8.0.jar:/home/user/bigdata/hadoop-2.5.1/share/hadoop/common/lib/commons-io-2.4.jar:/home/user/bigdata/hadoop-2.5.1/share/hadoop/common/lib/xmlenc-0.52.jar:/home/user/bigdata/hadoop-2.5.1/share/hadoop/common/lib/jasper-compiler-5.5.23.jar:/home/user/bigdata/hadoop-2.5.1/share/hadoop/common/lib/hamcrest-all-1.3.jar:/home/user/bigdata/hadoop-2.5.1/share/hadoop/common/lib/mockito-all-1.8.5.jar:/home/user/bigdata/hadoop-2.5.1/share/hadoop/common/lib/guava-11.0.2.jar:/home/user/bigdata/hadoop-2.5.1/share/hadoop/common/lib/jasper-runtime-5.5.23.jar:/home/user/bigdata/hadoop-2.5.1/share/hadoop/common/lib/commons-beanutils-1.7.0.jar:/home/user/bigdata/hadoop-2.5.1/share/hadoop/common/lib/servlet-api-2.5.jar:/home/user/bigdata/hadoop-2.5.1/share/hadoop/common/lib/jets3t-0.9.0.jar:/home/user/bigdata/hadoop-2.5.1/share/hadoop/common/lib/hadoop-annotations-2.5.1.jar:/home/user/bigdata/hadoop-2.5.1/share/hadoop/common/lib/protobuf-java-2.5.0.jar:/home/user/bigdata/hadoop-2.5.1/share/hadoop/common/lib/commons-codec-1.4.jar:/home/user/bigdata/hadoop-2.5.1/share/hadoop/common/lib/activation-1.1.jar:/home/user/bigdata/hadoop-2.5.1/share/hadoop/common/lib/jackson-mapper-asl-1.9.13.jar:/home/user/bigdata/hadoop-2.5.1/share/hadoop/common/lib/commons-cli-1.2.jar:/home/user/bigdata/hadoop-2.5.1/share/hadoop/common/lib/jsch-0.1.42.jar:/home/user/bigdata/hadoop-2.5.1/share/hadoop/common/lib/jetty-6.1.26.jar:/home/user/bigdata/hadoop-2.5.1/share/hadoop/common/lib/asm-3.2.jar:/home/user/bigdata/hadoop-2.5.1/share/hadoop/common/hadoop-nfs-2.5.1.jar:/home/user/bigdata/hadoop-2.5.1/share/hadoop/common/hadoop-common-2.5.1.jar:/home/user/bigdata/hadoop-2.5.1/share/hadoop/common/hadoop-common-2.5.1-tests.jar:/home/user/bigdata/hadoop-2.5.1/share/hadoop/hdfs:/home/user/bigdata/hadoop-2.5.1/share/hadoop/hdfs/lib/jetty-util-6.1.26.jar:/home/user/bigdata/hadoop-2.5.1/share/hadoop/hdfs/lib/jackson-core-asl-1.9.13.jar:/home/user/bigdata/hadoop-2.5.1/share/hadoop/hdfs/lib/jersey-core-1.9.jar:/home/user/bigdata/hadoop-2.5.1/share/hadoop/hdfs/lib/jsr305-1.3.9.jar:/home/user/bigdata/hadoop-2.5.1/share/hadoop/hdfs/lib/log4j-1.2.17.jar:/home/user/bigdata/hadoop-2.5.1/share/hadoop/hdfs/lib/jersey-server-1.9.jar:/home/user/bigdata/hadoop-2.5.1/share/hadoop/hdfs/lib/commons-logging-1.1.3.jar:/home/user/bigdata/hadoop-2.5.1/share/hadoop/hdfs/lib/commons-lang-2.6.jar:/home/user/bigdata/hadoop-2.5.1/share/hadoop/hdfs/lib/netty-3.6.2.Final.jar:/home/user/bigdata/hadoop-2.5.1/share/hadoop/hdfs/lib/jsp-api-2.1.jar:/home/user/bigdata/hadoop-2.5.1/share/hadoop/hdfs/lib/commons-el-1.0.jar:/home/user/bigdata/hadoop-2.5.1/share/hadoop/hdfs/lib/commons-io-2.4.jar:/home/user/bigdata/hadoop-2.5.1/share/hadoop/hdfs/lib/xmlenc-0.52.jar:/home/user/bigdata/hadoop-2.5.1/share/hadoop/hdfs/lib/guava-11.0.2.jar:/home/user/bigdata/hadoop-2.5.1/share/hadoop/hdfs/lib/jasper-runtime-5.5.23.jar:/home/user/bigdata/hadoop-2.5.1/share/hadoop/hdfs/lib/servlet-api-2.5.jar:/home/user/bigdata/hadoop-2.5.1/share/hadoop/hdfs/lib/protobuf-java-2.5.0.jar:/home/user/bigdata/hadoop-2.5.1/share/hadoop/hdfs/lib/commons-codec-1.4.jar:/home/user/bigdata/hadoop-2.5.1/share/hadoop/hdfs/lib/jackson-mapper-asl-1.9.13.jar:/home/user/bigdata/hadoop-2.5.1/share/hadoop/hdfs/lib/commons-cli-1.2.jar:/home/user/bigdata/hadoop-2.5.1/share/hadoop/hdfs/lib/jetty-6.1.26.jar:/home/user/bigdata/hadoop-2.5.1/share/hadoop/hdfs/lib/commons-daemon-1.0.13.jar:/home/user/bigdata/hadoop-2.5.1/share/hadoop/hdfs/lib/asm-3.2.jar:/home/user/bigdata/hadoop-2.5.1/share/hadoop/hdfs/hadoop-hdfs-2.5.1-tests.jar:/home/user/bigdata/hadoop-2.5.1/share/hadoop/hdfs/hadoop-hdfs-2.5.1.jar:/home/user/bigdata/hadoop-2.5.1/share/hadoop/hdfs/hadoop-hdfs-nfs-2.5.1.jar:/home/user/bigdata/hadoop-2.5.1/share/hadoop/yarn/lib/jetty-util-6.1.26.jar:/home/user/bigdata/hadoop-2.5.1/share/hadoop/yarn/lib/guice-servlet-3.0.jar:/home/user/bigdata/hadoop-2.5.1/share/hadoop/yarn/lib/commons-collections-3.2.1.jar:/home/user/bigdata/hadoop-2.5.1/share/hadoop/yarn/lib/jackson-core-asl-1.9.13.jar:/home/user/bigdata/hadoop-2.5.1/share/hadoop/yarn/lib/zookeeper-3.4.6.jar:/home/user/bigdata/hadoop-2.5.1/share/hadoop/yarn/lib/jersey-client-1.9.jar:/home/user/bigdata/hadoop-2.5.1/share/hadoop/yarn/lib/jersey-core-1.9.jar:/home/user/bigdata/hadoop-2.5.1/share/hadoop/yarn/lib/jaxb-api-2.2.2.jar:/home/user/bigdata/hadoop-2.5.1/share/hadoop/yarn/lib/aopalliance-1.0.jar:/home/user/bigdata/hadoop-2.5.1/share/hadoop/yarn/lib/jackson-xc-1.9.13.jar:/home/user/bigdata/hadoop-2.5.1/share/hadoop/yarn/lib/jersey-guice-1.9.jar:/home/user/bigdata/hadoop-2.5.1/share/hadoop/yarn/lib/stax-api-1.0-2.jar:/home/user/bigdata/hadoop-2.5.1/share/hadoop/yarn/lib/jsr305-1.3.9.jar:/home/user/bigdata/hadoop-2.5.1/share/hadoop/yarn/lib/jackson-jaxrs-1.9.13.jar:/home/user/bigdata/hadoop-2.5.1/share/hadoop/yarn/lib/log4j-1.2.17.jar:/home/user/bigdata/hadoop-2.5.1/share/hadoop/yarn/lib/jline-0.9.94.jar:/home/user/bigdata/hadoop-2.5.1/share/hadoop/yarn/lib/jersey-server-1.9.jar:/home/user/bigdata/hadoop-2.5.1/share/hadoop/yarn/lib/commons-logging-1.1.3.jar:/home/user/bigdata/hadoop-2.5.1/share/hadoop/yarn/lib/jaxb-impl-2.2.3-1.jar:/home/user/bigdata/hadoop-2.5.1/share/hadoop/yarn/lib/javax.inject-1.jar:/home/user/bigdata/hadoop-2.5.1/share/hadoop/yarn/lib/jersey-json-1.9.jar:/home/user/bigdata/hadoop-2.5.1/share/hadoop/yarn/lib/commons-lang-2.6.jar:/home/user/bigdata/hadoop-2.5.1/share/hadoop/yarn/lib/commons-httpclient-3.1.jar:/home/user/bigdata/hadoop-2.5.1/share/hadoop/yarn/lib/jettison-1.1.jar:/home/user/bigdata/hadoop-2.5.1/share/hadoop/yarn/lib/netty-3.6.2.Final.jar:/home/user/bigdata/hadoop-2.5.1/share/hadoop/yarn/lib/commons-compress-1.4.1.jar:/home/user/bigdata/hadoop-2.5.1/share/hadoop/yarn/lib/xz-1.0.jar:/home/user/bigdata/hadoop-2.5.1/share/hadoop/yarn/lib/commons-io-2.4.jar:/home/user/bigdata/hadoop-2.5.1/share/hadoop/yarn/lib/leveldbjni-all-1.8.jar:/home/user/bigdata/hadoop-2.5.1/share/hadoop/yarn/lib/guava-11.0.2.jar:/home/user/bigdata/hadoop-2.5.1/share/hadoop/yarn/lib/servlet-api-2.5.jar:/home/user/bigdata/hadoop-2.5.1/share/hadoop/yarn/lib/protobuf-java-2.5.0.jar:/home/user/bigdata/hadoop-2.5.1/share/hadoop/yarn/lib/commons-codec-1.4.jar:/home/user/bigdata/hadoop-2.5.1/share/hadoop/yarn/lib/activation-1.1.jar:/home/user/bigdata/hadoop-2.5.1/share/hadoop/yarn/lib/jackson-mapper-asl-1.9.13.jar:/home/user/bigdata/hadoop-2.5.1/share/hadoop/yarn/lib/guice-3.0.jar:/home/user/bigdata/hadoop-2.5.1/share/hadoop/yarn/lib/commons-cli-1.2.jar:/home/user/bigdata/hadoop-2.5.1/share/hadoop/yarn/lib/jetty-6.1.26.jar:/home/user/bigdata/hadoop-2.5.1/share/hadoop/yarn/lib/asm-3.2.jar:/home/user/bigdata/hadoop-2.5.1/share/hadoop/yarn/hadoop-yarn-server-web-proxy-2.5.1.jar:/home/user/bigdata/hadoop-2.5.1/share/hadoop/yarn/hadoop-yarn-applications-unmanaged-am-launcher-2.5.1.jar:/home/user/bigdata/hadoop-2.5.1/share/hadoop/yarn/hadoop-yarn-applications-distributedshell-2.5.1.jar:/home/user/bigdata/hadoop-2.5.1/share/hadoop/yarn/hadoop-yarn-server-nodemanager-2.5.1.jar:/home/user/bigdata/hadoop-2.5.1/share/hadoop/yarn/hadoop-yarn-server-tests-2.5.1.jar:/home/user/bigdata/hadoop-2.5.1/share/hadoop/yarn/hadoop-yarn-server-common-2.5.1.jar:/home/user/bigdata/hadoop-2.5.1/share/hadoop/yarn/hadoop-yarn-common-2.5.1.jar:/home/user/bigdata/hadoop-2.5.1/share/hadoop/yarn/hadoop-yarn-server-resourcemanager-2.5.1.jar:/home/user/bigdata/hadoop-2.5.1/share/hadoop/yarn/hadoop-yarn-client-2.5.1.jar:/home/user/bigdata/hadoop-2.5.1/share/hadoop/yarn/hadoop-yarn-server-applicationhistoryservice-2.5.1.jar:/home/user/bigdata/hadoop-2.5.1/share/hadoop/yarn/hadoop-yarn-api-2.5.1.jar:/home/user/bigdata/hadoop-2.5.1/share/hadoop/mapreduce/lib/guice-servlet-3.0.jar:/home/user/bigdata/hadoop-2.5.1/share/hadoop/mapreduce/lib/jackson-core-asl-1.9.13.jar:/home/user/bigdata/hadoop-2.5.1/share/hadoop/mapreduce/lib/junit-4.11.jar:/home/user/bigdata/hadoop-2.5.1/share/hadoop/mapreduce/lib/jersey-core-1.9.jar:/home/user/bigdata/hadoop-2.5.1/share/hadoop/mapreduce/lib/aopalliance-1.0.jar:/home/user/bigdata/hadoop-2.5.1/share/hadoop/mapreduce/lib/jersey-guice-1.9.jar:/home/user/bigdata/hadoop-2.5.1/share/hadoop/mapreduce/lib/log4j-1.2.17.jar:/home/user/bigdata/hadoop-2.5.1/share/hadoop/mapreduce/lib/jersey-server-1.9.jar:/home/user/bigdata/hadoop-2.5.1/share/hadoop/mapreduce/lib/avro-1.7.4.jar:/home/user/bigdata/hadoop-2.5.1/share/hadoop/mapreduce/lib/javax.inject-1.jar:/home/user/bigdata/hadoop-2.5.1/share/hadoop/mapreduce/lib/netty-3.6.2.Final.jar:/home/user/bigdata/hadoop-2.5.1/share/hadoop/mapreduce/lib/commons-compress-1.4.1.jar:/home/user/bigdata/hadoop-2.5.1/share/hadoop/mapreduce/lib/snappy-java-1.0.4.1.jar:/home/user/bigdata/hadoop-2.5.1/share/hadoop/mapreduce/lib/hamcrest-core-1.3.jar:/home/user/bigdata/hadoop-2.5.1/share/hadoop/mapreduce/lib/xz-1.0.jar:/home/user/bigdata/hadoop-2.5.1/share/hadoop/mapreduce/lib/paranamer-2.3.jar:/home/user/bigdata/hadoop-2.5.1/share/hadoop/mapreduce/lib/commons-io-2.4.jar:/home/user/bigdata/hadoop-2.5.1/share/hadoop/mapreduce/lib/leveldbjni-all-1.8.jar:/home/user/bigdata/hadoop-2.5.1/share/hadoop/mapreduce/lib/hadoop-annotations-2.5.1.jar:/home/user/bigdata/hadoop-2.5.1/share/hadoop/mapreduce/lib/protobuf-java-2.5.0.jar:/home/user/bigdata/hadoop-2.5.1/share/hadoop/mapreduce/lib/jackson-mapper-asl-1.9.13.jar:/home/user/bigdata/hadoop-2.5.1/share/hadoop/mapreduce/lib/guice-3.0.jar:/home/user/bigdata/hadoop-2.5.1/share/hadoop/mapreduce/lib/asm-3.2.jar:/home/user/bigdata/hadoop-2.5.1/share/hadoop/mapreduce/hadoop-mapreduce-client-common-2.5.1.jar:/home/user/bigdata/hadoop-2.5.1/share/hadoop/mapreduce/hadoop-mapreduce-client-hs-2.5.1.jar:/home/user/bigdata/hadoop-2.5.1/share/hadoop/mapreduce/hadoop-mapreduce-client-shuffle-2.5.1.jar:/home/user/bigdata/hadoop-2.5.1/share/hadoop/mapreduce/hadoop-mapreduce-client-core-2.5.1.jar:/home/user/bigdata/hadoop-2.5.1/share/hadoop/mapreduce/hadoop-mapreduce-client-jobclient-2.5.1.jar:/home/user/bigdata/hadoop-2.5.1/share/hadoop/mapreduce/hadoop-mapreduce-client-hs-plugins-2.5.1.jar:/home/user/bigdata/hadoop-2.5.1/share/hadoop/mapreduce/hadoop-mapreduce-client-jobclient-2.5.1-tests.jar:/home/user/bigdata/hadoop-2.5.1/share/hadoop/mapreduce/hadoop-mapreduce-examples-2.5.1.jar:/home/user/bigdata/hadoop-2.5.1/share/hadoop/mapreduce/hadoop-mapreduce-client-app-2.5.1.jar:/usr/lib/jvm/java-8-openjdk-amd64//lib/tools.jar:/home/user/bigdata/hadoop-2.5.1//contrib/capacity-scheduler/*.jar:/home/user/bigdata/hadoop-2.5.1//contrib/capacity-scheduler/*.jar:/home/user/bigdata/hadoop-2.5.1//contrib/capacity-scheduler/*.jar:/home/user/bigdata/hadoop-2.5.1/share/hadoop/yarn/hadoop-yarn-server-web-proxy-2.5.1.jar:/home/user/bigdata/hadoop-2.5.1/share/hadoop/yarn/hadoop-yarn-applications-unmanaged-am-launcher-2.5.1.jar:/home/user/bigdata/hadoop-2.5.1/share/hadoop/yarn/hadoop-yarn-applications-distributedshell-2.5.1.jar:/home/user/bigdata/hadoop-2.5.1/share/hadoop/yarn/hadoop-yarn-server-nodemanager-2.5.1.jar:/home/user/bigdata/hadoop-2.5.1/share/hadoop/yarn/hadoop-yarn-server-tests-2.5.1.jar:/home/user/bigdata/hadoop-2.5.1/share/hadoop/yarn/hadoop-yarn-server-common-2.5.1.jar:/home/user/bigdata/hadoop-2.5.1/share/hadoop/yarn/hadoop-yarn-common-2.5.1.jar:/home/user/bigdata/hadoop-2.5.1/share/hadoop/yarn/hadoop-yarn-server-resourcemanager-2.5.1.jar:/home/user/bigdata/hadoop-2.5.1/share/hadoop/yarn/hadoop-yarn-client-2.5.1.jar:/home/user/bigdata/hadoop-2.5.1/share/hadoop/yarn/hadoop-yarn-server-applicationhistoryservice-2.5.1.jar:/home/user/bigdata/hadoop-2.5.1/share/hadoop/yarn/hadoop-yarn-api-2.5.1.jar:/home/user/bigdata/hadoop-2.5.1/share/hadoop/yarn/lib/jetty-util-6.1.26.jar:/home/user/bigdata/hadoop-2.5.1/share/hadoop/yarn/lib/guice-servlet-3.0.jar:/home/user/bigdata/hadoop-2.5.1/share/hadoop/yarn/lib/commons-collections-3.2.1.jar:/home/user/bigdata/hadoop-2.5.1/share/hadoop/yarn/lib/jackson-core-asl-1.9.13.jar:/home/user/bigdata/hadoop-2.5.1/share/hadoop/yarn/lib/zookeeper-3.4.6.jar:/home/user/bigdata/hadoop-2.5.1/share/hadoop/yarn/lib/jersey-client-1.9.jar:/home/user/bigdata/hadoop-2.5.1/share/hadoop/yarn/lib/jersey-core-1.9.jar:/home/user/bigdata/hadoop-2.5.1/share/hadoop/yarn/lib/jaxb-api-2.2.2.jar:/home/user/bigdata/hadoop-2.5.1/share/hadoop/yarn/lib/aopalliance-1.0.jar:/home/user/bigdata/hadoop-2.5.1/share/hadoop/yarn/lib/jackson-xc-1.9.13.jar:/home/user/bigdata/hadoop-2.5.1/share/hadoop/yarn/lib/jersey-guice-1.9.jar:/home/user/bigdata/hadoop-2.5.1/share/hadoop/yarn/lib/stax-api-1.0-2.jar:/home/user/bigdata/hadoop-2.5.1/share/hadoop/yarn/lib/jsr305-1.3.9.jar:/home/user/bigdata/hadoop-2.5.1/share/hadoop/yarn/lib/jackson-jaxrs-1.9.13.jar:/home/user/bigdata/hadoop-2.5.1/share/hadoop/yarn/lib/log4j-1.2.17.jar:/home/user/bigdata/hadoop-2.5.1/share/hadoop/yarn/lib/jline-0.9.94.jar:/home/user/bigdata/hadoop-2.5.1/share/hadoop/yarn/lib/jersey-server-1.9.jar:/home/user/bigdata/hadoop-2.5.1/share/hadoop/yarn/lib/commons-logging-1.1.3.jar:/home/user/bigdata/hadoop-2.5.1/share/hadoop/yarn/lib/jaxb-impl-2.2.3-1.jar:/home/user/bigdata/hadoop-2.5.1/share/hadoop/yarn/lib/javax.inject-1.jar:/home/user/bigdata/hadoop-2.5.1/share/hadoop/yarn/lib/jersey-json-1.9.jar:/home/user/bigdata/hadoop-2.5.1/share/hadoop/yarn/lib/commons-lang-2.6.jar:/home/user/bigdata/hadoop-2.5.1/share/hadoop/yarn/lib/commons-httpclient-3.1.jar:/home/user/bigdata/hadoop-2.5.1/share/hadoop/yarn/lib/jettison-1.1.jar:/home/user/bigdata/hadoop-2.5.1/share/hadoop/yarn/lib/netty-3.6.2.Final.jar:/home/user/bigdata/hadoop-2.5.1/share/hadoop/yarn/lib/commons-compress-1.4.1.jar:/home/user/bigdata/hadoop-2.5.1/share/hadoop/yarn/lib/xz-1.0.jar:/home/user/bigdata/hadoop-2.5.1/share/hadoop/yarn/lib/commons-io-2.4.jar:/home/user/bigdata/hadoop-2.5.1/share/hadoop/yarn/lib/leveldbjni-all-1.8.jar:/home/user/bigdata/hadoop-2.5.1/share/hadoop/yarn/lib/guava-11.0.2.jar:/home/user/bigdata/hadoop-2.5.1/share/hadoop/yarn/lib/servlet-api-2.5.jar:/home/user/bigdata/hadoop-2.5.1/share/hadoop/yarn/lib/protobuf-java-2.5.0.jar:/home/user/bigdata/hadoop-2.5.1/share/hadoop/yarn/lib/commons-codec-1.4.jar:/home/user/bigdata/hadoop-2.5.1/share/hadoop/yarn/lib/activation-1.1.jar:/home/user/bigdata/hadoop-2.5.1/share/hadoop/yarn/lib/jackson-mapper-asl-1.9.13.jar:/home/user/bigdata/hadoop-2.5.1/share/hadoop/yarn/lib/guice-3.0.jar:/home/user/bigdata/hadoop-2.5.1/share/hadoop/yarn/lib/commons-cli-1.2.jar:/home/user/bigdata/hadoop-2.5.1/share/hadoop/yarn/lib/jetty-6.1.26.jar:/home/user/bigdata/hadoop-2.5.1/share/hadoop/yarn/lib/asm-3.2.jar:/home/user/bigdata/hadoop-2.5.1/etc/hadoop/rm-config/log4j.properties
STARTUP_MSG:   build = https://git-wip-us.apache.org/repos/asf/hadoop.git -r 2e18d179e4a8065b6a9f29cf2de9451891265cce; compiled by 'jenkins' on 2014-09-05T23:11Z
STARTUP_MSG:   java = 1.8.0_362
************************************************************/
2026-08-26 17:12:16,316 INFO org.apache.hadoop.yarn.server.resourcemanager.ResourceManager: registered UNIX signal handlers for [TERM, HUP, INT]
2026-08-26 17:12:16,466 INFO org.apache.hadoop.conf.Configuration: found resource core-site.xml at file:/home/user/bigdata/hadoop-2.5.1/etc/hadoop/core-site.xml
2026-08-26 17:12:16,504 INFO org.apache.hadoop.security.Groups: clearing userToGroupsMap cache
2026-08-26 17:12:16,507 INFO org.apache.hadoop.conf.Configuration: found resource yarn-site.xml at file:/home/user/bigdata/hadoop-2.5.1/etc/hadoop/yarn-site.xml
2026-08-26 17:12:16,556 INFO org.apache.hadoop.yarn.event.AsyncDispatcher: Registering class org.apache.hadoop.yarn.server.resourcemanager.RMFatalEventType for class org.apache.hadoop.yarn.server.resourcemanager.ResourceManager$RMFatalEventDispatcher
2026-08-26 17:12:16,755 INFO org.apache.hadoop.yarn.server.resourcemanager.security.NMTokenSecretManagerInRM: NMTokenKeyRollingInterval: 86400000ms and NMTokenKeyActivationDelay: 900000ms
2026-08-26 17:12:16,773 INFO org.apache.hadoop.yarn.server.resourcemanager.security.RMContainerTokenSecretManager: ContainerTokenKeyRollingInterval: 86400000ms and ContainerTokenKeyActivationDelay: 900000ms
2026-08-26 17:12:16,777 INFO org.apache.hadoop.yarn.server.resourcemanager.security.AMRMTokenSecretManager: Rolling master-key for amrm-tokens
2026-08-26 17:12:16,815 INFO org.apache.hadoop.yarn.event.AsyncDispatcher: Registering class org.apache.hadoop.yarn.server.resourcemanager.recovery.RMStateStoreEventType for class org.apache.hadoop.yarn.server.resourcemanager.recovery.RMStateStore$ForwardingEventHandler
2026-08-26 17:12:17,009 INFO org.apache.hadoop.yarn.event.AsyncDispatcher: Registering class org.apache.hadoop.yarn.server.resourcemanager.NodesListManagerEventType for class org.apache.hadoop.yarn.server.resourcemanager.NodesListManager
2026-08-26 17:12:17,009 INFO org.apache.hadoop.yarn.server.resourcemanager.ResourceManager: Using Scheduler: org.apache.hadoop.yarn.server.resourcemanager.scheduler.capacity.CapacityScheduler
2026-08-26 17:12:17,072 INFO org.apache.hadoop.yarn.event.AsyncDispatcher: Registering class org.apache.hadoop.yarn.server.resourcemanager.scheduler.event.SchedulerEventType for class org.apache.hadoop.yarn.server.resourcemanager.ResourceManager$SchedulerEventDispatcher
2026-08-26 17:12:17,073 INFO org.apache.hadoop.yarn.event.AsyncDispatcher: Registering class org.apache.hadoop.yarn.server.resourcemanager.rmapp.RMAppEventType for class org.apache.hadoop.yarn.server.resourcemanager.ResourceManager$ApplicationEventDispatcher
2026-08-26 17:12:17,074 INFO org.apache.hadoop.yarn.event.AsyncDispatcher: Registering class org.apache.hadoop.yarn.server.resourcemanager.rmapp.attempt.RMAppAttemptEventType for class org.apache.hadoop.yarn.server.resourcemanager.ResourceManager$ApplicationAttemptEventDispatcher
2026-08-26 17:12:17,074 INFO org.apache.hadoop.yarn.event.AsyncDispatcher: Registering class org.apache.hadoop.yarn.server.resourcemanager.rmnode.RMNodeEventType for class org.apache.hadoop.yarn.server.resourcemanager.ResourceManager$NodeEventDispatcher
2026-08-26 17:12:17,283 INFO org.apache.hadoop.metrics2.impl.MetricsConfig: loaded properties from hadoop-metrics2.properties
2026-08-26 17:12:17,496 INFO org.apache.hadoop.metrics2.impl.MetricsSystemImpl: Scheduled snapshot period at 10 second(s).
2026-08-26 17:12:17,496 INFO org.apache.hadoop.metrics2.impl.MetricsSystemImpl: ResourceManager metrics system started
2026-08-26 17:12:17,549 INFO org.apache.hadoop.yarn.event.AsyncDispatcher: Registering class org.apache.hadoop.yarn.server.resourcemanager.RMAppManagerEventType for class org.apache.hadoop.yarn.server.resourcemanager.RMAppManager
2026-08-26 17:12:17,564 INFO org.apache.hadoop.yarn.event.AsyncDispatcher: Registering class org.apache.hadoop.yarn.server.resourcemanager.amlauncher.AMLauncherEventType for class org.apache.hadoop.yarn.server.resourcemanager.amlauncher.ApplicationMasterLauncher
2026-08-26 17:12:17,568 INFO org.apache.hadoop.yarn.server.resourcemanager.RMNMInfo: Registered RMNMInfo MBean
2026-08-26 17:12:17,571 INFO org.apache.hadoop.yarn.event.AsyncDispatcher: Registering class org.apache.hadoop.yarn.server.resourcemanager.ahs.WritingHistoryEventType for class org.apache.hadoop.yarn.server.resourcemanager.ahs.RMApplicationHistoryWriter$ForwardingEventHandler
2026-08-26 17:12:17,571 INFO org.apache.hadoop.yarn.event.AsyncDispatcher: Registering class org.apache.hadoop.yarn.server.resourcemanager.ahs.WritingHistoryEventType for class org.apache.hadoop.yarn.server.resourcemanager.ahs.RMApplicationHistoryWriter$ForwardingEventHandler
2026-08-26 17:12:17,571 INFO org.apache.hadoop.yarn.event.AsyncDispatcher: Registering class org.apache.hadoop.yarn.server.resourcemanager.ahs.WritingHistoryEventType for class org.apache.hadoop.yarn.server.resourcemanager.ahs.RMApplicationHistoryWriter$ForwardingEventHandler
2026-08-26 17:12:17,571 INFO org.apache.hadoop.yarn.event.AsyncDispatcher: Registering class org.apache.hadoop.yarn.server.resourcemanager.ahs.WritingHistoryEventType for class org.apache.hadoop.yarn.server.resourcemanager.ahs.RMApplicationHistoryWriter$ForwardingEventHandler
2026-08-26 17:12:17,571 INFO org.apache.hadoop.yarn.event.AsyncDispatcher: Registering class org.apache.hadoop.yarn.server.resourcemanager.ahs.WritingHistoryEventType for class org.apache.hadoop.yarn.server.resourcemanager.ahs.RMApplicationHistoryWriter$ForwardingEventHandler
2026-08-26 17:12:17,571 INFO org.apache.hadoop.yarn.event.AsyncDispatcher: Registering class org.apache.hadoop.yarn.server.resourcemanager.ahs.WritingHistoryEventType for class org.apache.hadoop.yarn.server.resourcemanager.ahs.RMApplicationHistoryWriter$ForwardingEventHandler
2026-08-26 17:12:17,571 INFO org.apache.hadoop.yarn.event.AsyncDispatcher: Registering class org.apache.hadoop.yarn.server.resourcemanager.ahs.WritingHistoryEventType for class org.apache.hadoop.yarn.server.resourcemanager.ahs.RMApplicationHistoryWriter$ForwardingEventHandler
2026-08-26 17:12:17,574 INFO org.apache.hadoop.yarn.event.AsyncDispatcher: Registering class org.apache.hadoop.yarn.server.resourcemanager.ahs.WritingHistoryEventType for class org.apache.hadoop.yarn.server.resourcemanager.ahs.RMApplicationHistoryWriter$ForwardingEventHandler
2026-08-26 17:12:17,574 INFO org.apache.hadoop.yarn.event.AsyncDispatcher: Registering class org.apache.hadoop.yarn.server.resourcemanager.ahs.WritingHistoryEventType for class org.apache.hadoop.yarn.server.resourcemanager.ahs.RMApplicationHistoryWriter$ForwardingEventHandler
2026-08-26 17:12:17,574 INFO org.apache.hadoop.yarn.event.AsyncDispatcher: Registering class org.apache.hadoop.yarn.server.resourcemanager.ahs.WritingHistoryEventType for class org.apache.hadoop.yarn.server.resourcemanager.ahs.RMApplicationHistoryWriter$ForwardingEventHandler
2026-08-26 17:12:17,575 INFO org.apache.hadoop.util.HostsFileReader: Refreshing hosts (include/exclude) list
2026-08-26 17:12:17,578 INFO org.apache.hadoop.conf.Configuration: found resource capacity-scheduler.xml at file:/home/user/bigdata/hadoop-2.5.1/etc/hadoop/capacity-scheduler.xml
2026-08-26 17:12:17,646 INFO org.apache.hadoop.yarn.server.resourcemanager.scheduler.capacity.ParentQueue: root, capacity=1.0, asboluteCapacity=1.0, maxCapacity=1.0, asboluteMaxCapacity=1.0, state=RUNNING, acls=SUBMIT_APPLICATIONS:*ADMINISTER_QUEUE:*
2026-08-26 17:12:17,646 INFO org.apache.hadoop.yarn.server.resourcemanager.scheduler.capacity.ParentQueue: Initialized parent-queue root name=root, fullname=root
2026-08-26 17:12:17,668 INFO org.apache.hadoop.yarn.server.resourcemanager.scheduler.capacity.LeafQueue: Initializing default
capacity = 1.0 [= (float) configuredCapacity / 100 ]
asboluteCapacity = 1.0 [= parentAbsoluteCapacity * capacity ]
maxCapacity = 1.0 [= configuredMaxCapacity ]
absoluteMaxCapacity = 1.0 [= 1.0 maximumCapacity undefined, (parentAbsoluteMaxCapacity * maximumCapacity) / 100 otherwise ]
userLimit = 100 [= configuredUserLimit ]
userLimitFactor = 1.0 [= configuredUserLimitFactor ]
maxApplications = 10000 [= configuredMaximumSystemApplicationsPerQueue or (int)(configuredMaximumSystemApplications * absoluteCapacity)]
maxApplicationsPerUser = 10000 [= (int)(maxApplications * (userLimit / 100.0f) * userLimitFactor) ]
maxActiveApplications = 1 [= max((int)ceil((clusterResourceMemory / minimumAllocation) * maxAMResourcePerQueuePercent * absoluteMaxCapacity),1) ]
maxActiveAppsUsingAbsCap = 1 [= max((int)ceil((clusterResourceMemory / minimumAllocation) *maxAMResourcePercent * absoluteCapacity),1) ]
maxActiveApplicationsPerUser = 1 [= max((int)(maxActiveApplications * (userLimit / 100.0f) * userLimitFactor),1) ]
usedCapacity = 0.0 [= usedResourcesMemory / (clusterResourceMemory * absoluteCapacity)]
absoluteUsedCapacity = 0.0 [= usedResourcesMemory / clusterResourceMemory]
maxAMResourcePerQueuePercent = 0.1 [= configuredMaximumAMResourcePercent ]
minimumAllocationFactor = 0.875 [= (float)(maximumAllocationMemory - minimumAllocationMemory) / maximumAllocationMemory ]
numContainers = 0 [= currentNumContainers ]
state = RUNNING [= configuredState ]
acls = SUBMIT_APPLICATIONS:*ADMINISTER_QUEUE:* [= configuredAcls ]
nodeLocalityDelay = 40

2026-08-26 17:12:17,668 INFO org.apache.hadoop.yarn.server.resourcemanager.scheduler.capacity.CapacityScheduler: Initialized queue: default: capacity=1.0, absoluteCapacity=1.0, usedResources=<memory:0, vCores:0>, usedCapacity=0.0, absoluteUsedCapacity=0.0, numApps=0, numContainers=0
2026-08-26 17:12:17,668 INFO org.apache.hadoop.yarn.server.resourcemanager.scheduler.capacity.CapacityScheduler: Initialized queue: root: numChildQueue= 1, capacity=1.0, absoluteCapacity=1.0, usedResources=<memory:0, vCores:0>usedCapacity=0.0, numApps=0, numContainers=0
2026-08-26 17:12:17,668 INFO org.apache.hadoop.yarn.server.resourcemanager.scheduler.capacity.CapacityScheduler: Initialized root queue root: numChildQueue= 1, capacity=1.0, absoluteCapacity=1.0, usedResources=<memory:0, vCores:0>usedCapacity=0.0, numApps=0, numContainers=0
2026-08-26 17:12:17,670 INFO org.apache.hadoop.yarn.server.resourcemanager.scheduler.capacity.CapacityScheduler: Initialized CapacityScheduler with calculator=class org.apache.hadoop.yarn.util.resource.DefaultResourceCalculator, minimumAllocation=<<memory:1024, vCores:1>>, maximumAllocation=<<memory:8192, vCores:32>>, asynchronousScheduling=false, asyncScheduleInterval=5ms
2026-08-26 17:12:17,678 INFO org.apache.hadoop.yarn.server.resourcemanager.ResourceManager: Transitioning to active state
2026-08-26 17:12:17,684 INFO org.apache.hadoop.yarn.server.resourcemanager.security.RMContainerTokenSecretManager: Rolling master-key for container-tokens
2026-08-26 17:12:17,685 INFO org.apache.hadoop.yarn.server.resourcemanager.security.AMRMTokenSecretManager: Rolling master-key for amrm-tokens
2026-08-26 17:12:17,688 INFO org.apache.hadoop.yarn.server.resourcemanager.security.NMTokenSecretManagerInRM: Rolling master-key for nm-tokens
2026-08-26 17:12:17,688 INFO org.apache.hadoop.security.token.delegation.AbstractDelegationTokenSecretManager: Updating the current master key for generating delegation tokens
2026-08-26 17:12:17,688 INFO org.apache.hadoop.yarn.server.resourcemanager.security.RMDelegationTokenSecretManager: storing master key with keyID 1
2026-08-26 17:12:17,691 INFO org.apache.hadoop.security.token.delegation.AbstractDelegationTokenSecretManager: Starting expired delegation token remover thread, tokenRemoverScanInterval=60 min(s)
2026-08-26 17:12:17,691 INFO org.apache.hadoop.security.token.delegation.AbstractDelegationTokenSecretManager: Updating the current master key for generating delegation tokens
2026-08-26 17:12:17,691 INFO org.apache.hadoop.yarn.server.resourcemanager.security.RMDelegationTokenSecretManager: storing master key with keyID 2
2026-08-26 17:12:17,825 INFO org.apache.hadoop.ipc.CallQueueManager: Using callQueue class java.util.concurrent.LinkedBlockingQueue
2026-08-26 17:12:17,865 INFO org.apache.hadoop.ipc.Server: Starting Socket Reader #1 for port 8031
2026-08-26 17:12:17,890 INFO org.apache.hadoop.yarn.factories.impl.pb.RpcServerFactoryPBImpl: Adding protocol org.apache.hadoop.yarn.server.api.ResourceTrackerPB to the server
2026-08-26 17:12:17,891 INFO org.apache.hadoop.ipc.Server: IPC Server listener on 8031: starting
2026-08-26 17:12:17,897 INFO org.apache.hadoop.ipc.Server: IPC Server Responder: starting
2026-08-26 17:12:18,189 INFO org.apache.hadoop.ipc.CallQueueManager: Using callQueue class java.util.concurrent.LinkedBlockingQueue
2026-08-26 17:12:18,195 INFO org.apache.hadoop.ipc.Server: Starting Socket Reader #1 for port 8030
2026-08-26 17:12:18,206 INFO org.apache.hadoop.yarn.factories.impl.pb.RpcServerFactoryPBImpl: Adding protocol org.apache.hadoop.yarn.api.ApplicationMasterProtocolPB to the server
2026-08-26 17:12:18,211 INFO org.apache.hadoop.ipc.Server: IPC Server Responder: starting
2026-08-26 17:12:18,213 INFO org.apache.hadoop.ipc.Server: IPC Server listener on 8030: starting
2026-08-26 17:12:18,504 INFO org.apache.hadoop.ipc.CallQueueManager: Using callQueue class java.util.concurrent.LinkedBlockingQueue
2026-08-26 17:12:18,520 INFO org.apache.hadoop.ipc.Server: Starting Socket Reader #1 for port 8032
2026-08-26 17:12:18,526 INFO org.apache.hadoop.yarn.factories.impl.pb.RpcServerFactoryPBImpl: Adding protocol org.apache.hadoop.yarn.api.ApplicationClientProtocolPB to the server
2026-08-26 17:12:18,538 INFO org.apache.hadoop.ipc.Server: IPC Server Responder: starting
2026-08-26 17:12:18,540 INFO org.apache.hadoop.ipc.Server: IPC Server listener on 8032: starting
2026-08-26 17:12:18,673 INFO org.apache.hadoop.yarn.server.resourcemanager.ResourceManager: Transitioned to active state
2026-08-26 17:12:19,051 INFO org.mortbay.log: Logging to org.slf4j.impl.Log4jLoggerAdapter(org.mortbay.log) via org.mortbay.log.Slf4jLog
2026-08-26 17:12:19,055 INFO org.apache.hadoop.http.HttpRequestLog: Http request log for http.requests.resourcemanager is not defined
2026-08-26 17:12:19,067 INFO org.apache.hadoop.http.HttpServer2: Added global filter 'safety' (class=org.apache.hadoop.http.HttpServer2$QuotingInputFilter)
2026-08-26 17:12:19,081 INFO org.apache.hadoop.http.HttpServer2: Added filter YARNAuthenticationFilter (class=org.apache.hadoop.yarn.server.security.http.RMAuthenticationFilter) to context cluster
2026-08-26 17:12:19,081 INFO org.apache.hadoop.http.HttpServer2: Added filter YARNAuthenticationFilter (class=org.apache.hadoop.yarn.server.security.http.RMAuthenticationFilter) to context static
2026-08-26 17:12:19,081 INFO org.apache.hadoop.http.HttpServer2: Added filter YARNAuthenticationFilter (class=org.apache.hadoop.yarn.server.security.http.RMAuthenticationFilter) to context logs
2026-08-26 17:12:19,082 INFO org.apache.hadoop.http.HttpServer2: Added filter static_user_filter (class=org.apache.hadoop.http.lib.StaticUserWebFilter$StaticUserFilter) to context cluster
2026-08-26 17:12:19,082 INFO org.apache.hadoop.http.HttpServer2: Added filter static_user_filter (class=org.apache.hadoop.http.lib.StaticUserWebFilter$StaticUserFilter) to context static
2026-08-26 17:12:19,082 INFO org.apache.hadoop.http.HttpServer2: Added filter static_user_filter (class=org.apache.hadoop.http.lib.StaticUserWebFilter$StaticUserFilter) to context logs
2026-08-26 17:12:19,093 INFO org.apache.hadoop.http.HttpServer2: adding path spec: /cluster/*
2026-08-26 17:12:19,093 INFO org.apache.hadoop.http.HttpServer2: adding path spec: /ws/*
2026-08-26 17:12:19,114 INFO org.apache.hadoop.http.HttpServer2: Jetty bound to port 8088
2026-08-26 17:12:19,114 INFO org.mortbay.log: jetty-6.1.26
2026-08-26 17:12:19,159 INFO org.mortbay.log: Extract jar:file:/home/user/bigdata/hadoop-2.5.1/share/hadoop/yarn/hadoop-yarn-common-2.5.1.jar!/webapps/cluster to /tmp/Jetty_0_0_0_0_8088_cluster____u0rgz3/webapp
2026-08-26 17:12:19,420 WARN org.apache.hadoop.security.authentication.server.AuthenticationFilter: 'signature.secret' configuration not set, using a random value as secret
2026-08-26 17:12:19,501 WARN org.apache.hadoop.security.authentication.server.AuthenticationFilter: 'signature.secret' configuration not set, using a random value as secret
2026-08-26 17:12:19,501 WARN org.apache.hadoop.security.authentication.server.AuthenticationFilter: 'signature.secret' configuration not set, using a random value as secret
2026-08-26 17:12:19,515 INFO org.mortbay.log: Started HttpServer2$SelectChannelConnectorWithSafeStartup@0.0.0.0:8088
2026-08-26 17:12:19,515 INFO org.apache.hadoop.yarn.webapp.WebApps: Web app /cluster started at 8088
2026-08-26 17:12:21,351 INFO org.apache.hadoop.yarn.webapp.WebApps: Registered webapp guice modules
2026-08-26 17:12:21,470 INFO org.apache.hadoop.ipc.CallQueueManager: Using callQueue class java.util.concurrent.LinkedBlockingQueue
2026-08-26 17:12:21,480 INFO org.apache.hadoop.ipc.Server: Starting Socket Reader #1 for port 8033
2026-08-26 17:12:21,480 INFO org.apache.hadoop.yarn.factories.impl.pb.RpcServerFactoryPBImpl: Adding protocol org.apache.hadoop.yarn.server.api.ResourceManagerAdministrationProtocolPB to the server
2026-08-26 17:12:21,501 INFO org.apache.hadoop.ipc.Server: IPC Server Responder: starting
2026-08-26 17:12:21,520 INFO org.apache.hadoop.ipc.Server: IPC Server listener on 8033: starting
2026-08-26 17:12:23,120 INFO org.apache.hadoop.yarn.util.RackResolver: Resolved ubuntu to /default-rack
2026-08-26 17:12:23,125 INFO org.apache.hadoop.yarn.server.resourcemanager.ResourceTrackerService: NodeManager from node ubuntu(cmPort: 33501 httpPort: 8042) registered with capability: <memory:8192, vCores:8>, assigned nodeId ubuntu:33501
2026-08-26 17:12:23,151 INFO org.apache.hadoop.yarn.server.resourcemanager.rmnode.RMNodeImpl: ubuntu:33501 Node Transitioned from NEW to RUNNING
2026-08-26 17:12:23,161 INFO org.apache.hadoop.yarn.server.resourcemanager.scheduler.capacity.CapacityScheduler: Added node ubuntu:33501 clusterResource: <memory:8192, vCores:8>
2026-08-26 18:20:16,331 INFO org.apache.hadoop.yarn.server.resourcemanager.ClientRMService: Allocated new applicationId: 1
2026-08-26 18:20:17,916 INFO org.apache.hadoop.yarn.server.resourcemanager.rmapp.RMAppImpl: Storing application with id application_1787789537682_0001
2026-08-26 18:20:17,917 INFO org.apache.hadoop.yarn.server.resourcemanager.ClientRMService: Application with id 1 submitted by user user
2026-08-26 18:20:17,918 INFO org.apache.hadoop.yarn.server.resourcemanager.RMAuditLogger: USER=user	IP=127.0.0.1	OPERATION=Submit Application Request	TARGET=ClientRMService	RESULT=SUCCESS	APPID=application_1787789537682_0001
2026-08-26 18:20:17,919 INFO org.apache.hadoop.yarn.server.resourcemanager.rmapp.RMAppImpl: application_1787789537682_0001 State change from NEW to NEW_SAVING
2026-08-26 18:20:17,947 INFO org.apache.hadoop.yarn.server.resourcemanager.recovery.RMStateStore: Storing info for app: application_1787789537682_0001
2026-08-26 18:20:17,950 INFO org.apache.hadoop.yarn.server.resourcemanager.rmapp.RMAppImpl: application_1787789537682_0001 State change from NEW_SAVING to SUBMITTED
2026-08-26 18:20:17,950 INFO org.apache.hadoop.yarn.server.resourcemanager.scheduler.capacity.ParentQueue: Application added - appId: application_1787789537682_0001 user: user leaf-queue of parent: root #applications: 1
2026-08-26 18:20:17,951 INFO org.apache.hadoop.yarn.server.resourcemanager.scheduler.capacity.CapacityScheduler: Accepted application application_1787789537682_0001 from user: user, in queue: default
2026-08-26 18:20:17,972 INFO org.apache.hadoop.yarn.server.resourcemanager.rmapp.RMAppImpl: application_1787789537682_0001 State change from SUBMITTED to ACCEPTED
2026-08-26 18:20:17,978 INFO org.apache.hadoop.yarn.server.resourcemanager.ApplicationMasterService: Registering app attempt : appattempt_1787789537682_0001_000001
2026-08-26 18:20:17,994 INFO org.apache.hadoop.yarn.server.resourcemanager.rmapp.attempt.RMAppAttemptImpl: appattempt_1787789537682_0001_000001 State change from NEW to SUBMITTED
2026-08-26 18:20:18,022 INFO org.apache.hadoop.yarn.server.resourcemanager.scheduler.capacity.LeafQueue: Application application_1787789537682_0001 from user: user activated in queue: default
2026-08-26 18:20:18,022 INFO org.apache.hadoop.yarn.server.resourcemanager.scheduler.capacity.LeafQueue: Application added - appId: application_1787789537682_0001 user: org.apache.hadoop.yarn.server.resourcemanager.scheduler.capacity.LeafQueue$User@7a214d03, leaf-queue: default #user-pending-applications: 0 #user-active-applications: 1 #queue-pending-applications: 0 #queue-active-applications: 1
2026-08-26 18:20:18,027 INFO org.apache.hadoop.yarn.server.resourcemanager.scheduler.capacity.CapacityScheduler: Added Application Attempt appattempt_1787789537682_0001_000001 to scheduler from user user in queue default
2026-08-26 18:20:18,028 INFO org.apache.hadoop.yarn.server.resourcemanager.rmapp.attempt.RMAppAttemptImpl: appattempt_1787789537682_0001_000001 State change from SUBMITTED to SCHEDULED
2026-08-26 18:20:18,909 INFO org.apache.hadoop.yarn.server.resourcemanager.rmcontainer.RMContainerImpl: container_1787789537682_0001_01_000001 Container Transitioned from NEW to ALLOCATED
2026-08-26 18:20:18,910 INFO org.apache.hadoop.yarn.server.resourcemanager.RMAuditLogger: USER=user	OPERATION=AM Allocated Container	TARGET=SchedulerApp	RESULT=SUCCESS	APPID=application_1787789537682_0001	CONTAINERID=container_1787789537682_0001_01_000001
2026-08-26 18:20:18,912 INFO org.apache.hadoop.yarn.server.resourcemanager.scheduler.SchedulerNode: Assigned container container_1787789537682_0001_01_000001 of capacity <memory:2048, vCores:1> on host ubuntu:33501, which has 1 containers, <memory:2048, vCores:1> used and <memory:6144, vCores:7> available after allocation
2026-08-26 18:20:18,912 INFO org.apache.hadoop.yarn.server.resourcemanager.scheduler.capacity.LeafQueue: assignedContainer application attempt=appattempt_1787789537682_0001_000001 container=Container: [ContainerId: container_1787789537682_0001_01_000001, NodeId: ubuntu:33501, NodeHttpAddress: ubuntu:8042, Resource: <memory:2048, vCores:1>, Priority: 0, Token: null, ] queue=default: capacity=1.0, absoluteCapacity=1.0, usedResources=<memory:0, vCores:0>, usedCapacity=0.0, absoluteUsedCapacity=0.0, numApps=1, numContainers=0 clusterResource=<memory:8192, vCores:8>
2026-08-26 18:20:18,913 INFO org.apache.hadoop.yarn.server.resourcemanager.scheduler.capacity.ParentQueue: Re-sorting assigned queue: root.default stats: default: capacity=1.0, absoluteCapacity=1.0, usedResources=<memory:2048, vCores:1>, usedCapacity=0.25, absoluteUsedCapacity=0.25, numApps=1, numContainers=1
2026-08-26 18:20:18,917 INFO org.apache.hadoop.yarn.server.resourcemanager.security.NMTokenSecretManagerInRM: Sending NMToken for nodeId : ubuntu:33501 for container : container_1787789537682_0001_01_000001
2026-08-26 18:20:18,922 INFO org.apache.hadoop.yarn.server.resourcemanager.scheduler.capacity.ParentQueue: assignedContainer queue=root usedCapacity=0.25 absoluteUsedCapacity=0.25 used=<memory:2048, vCores:1> cluster=<memory:8192, vCores:8>
2026-08-26 18:20:18,928 INFO org.apache.hadoop.yarn.server.resourcemanager.rmcontainer.RMContainerImpl: container_1787789537682_0001_01_000001 Container Transitioned from ALLOCATED to ACQUIRED
2026-08-26 18:20:18,929 INFO org.apache.hadoop.yarn.server.resourcemanager.security.NMTokenSecretManagerInRM: Clear node set for appattempt_1787789537682_0001_000001
2026-08-26 18:20:18,932 INFO org.apache.hadoop.yarn.server.resourcemanager.rmapp.attempt.RMAppAttemptImpl: Storing attempt: AppId: application_1787789537682_0001 AttemptId: appattempt_1787789537682_0001_000001 MasterContainer: Container: [ContainerId: container_1787789537682_0001_01_000001, NodeId: ubuntu:33501, NodeHttpAddress: ubuntu:8042, Resource: <memory:2048, vCores:1>, Priority: 0, Token: Token { kind: ContainerToken, service: 127.0.1.1:33501 }, ]
2026-08-26 18:20:18,943 INFO org.apache.hadoop.yarn.server.resourcemanager.rmapp.attempt.RMAppAttemptImpl: appattempt_1787789537682_0001_000001 State change from SCHEDULED to ALLOCATED_SAVING
2026-08-26 18:20:18,959 INFO org.apache.hadoop.yarn.server.resourcemanager.rmapp.attempt.RMAppAttemptImpl: appattempt_1787789537682_0001_000001 State change from ALLOCATED_SAVING to ALLOCATED
2026-08-26 18:20:18,971 INFO org.apache.hadoop.yarn.server.resourcemanager.amlauncher.AMLauncher: Launching masterappattempt_1787789537682_0001_000001
2026-08-26 18:20:19,030 INFO org.apache.hadoop.yarn.server.resourcemanager.amlauncher.AMLauncher: Setting up container Container: [ContainerId: container_1787789537682_0001_01_000001, NodeId: ubuntu:33501, NodeHttpAddress: ubuntu:8042, Resource: <memory:2048, vCores:1>, Priority: 0, Token: Token { kind: ContainerToken, service: 127.0.1.1:33501 }, ] for AM appattempt_1787789537682_0001_000001
2026-08-26 18:20:19,030 INFO org.apache.hadoop.yarn.server.resourcemanager.amlauncher.AMLauncher: Command to launch container container_1787789537682_0001_01_000001 : $JAVA_HOME/bin/java -Dlog4j.configuration=container-log4j.properties -Dyarn.app.container.log.dir=<LOG_DIR> -Dyarn.app.container.log.filesize=0 -Dhadoop.root.logger=INFO,CLA  -Xmx1024m org.apache.hadoop.mapreduce.v2.app.MRAppMaster 1><LOG_DIR>/stdout 2><LOG_DIR>/stderr 
2026-08-26 18:20:19,849 INFO org.apache.hadoop.yarn.server.resourcemanager.amlauncher.AMLauncher: Done launching container Container: [ContainerId: container_1787789537682_0001_01_000001, NodeId: ubuntu:33501, NodeHttpAddress: ubuntu:8042, Resource: <memory:2048, vCores:1>, Priority: 0, Token: Token { kind: ContainerToken, service: 127.0.1.1:33501 }, ] for AM appattempt_1787789537682_0001_000001
2026-08-26 18:20:19,849 INFO org.apache.hadoop.yarn.server.resourcemanager.rmapp.attempt.RMAppAttemptImpl: appattempt_1787789537682_0001_000001 State change from ALLOCATED to LAUNCHED
2026-08-26 18:20:19,924 INFO org.apache.hadoop.yarn.server.resourcemanager.rmcontainer.RMContainerImpl: container_1787789537682_0001_01_000001 Container Transitioned from ACQUIRED to RUNNING
2026-08-26 18:20:26,523 INFO SecurityLogger.org.apache.hadoop.ipc.Server: Auth successful for appattempt_1787789537682_0001_000001 (auth:SIMPLE)
2026-08-26 18:20:26,539 INFO org.apache.hadoop.yarn.server.resourcemanager.ApplicationMasterService: AM registration appattempt_1787789537682_0001_000001
2026-08-26 18:20:26,540 INFO org.apache.hadoop.yarn.server.resourcemanager.RMAuditLogger: USER=user	IP=127.0.0.1	OPERATION=Register App Master	TARGET=ApplicationMasterService	RESULT=SUCCESS	APPID=application_1787789537682_0001	APPATTEMPTID=appattempt_1787789537682_0001_000001
2026-08-26 18:20:26,541 INFO org.apache.hadoop.yarn.server.resourcemanager.rmapp.attempt.RMAppAttemptImpl: appattempt_1787789537682_0001_000001 State change from LAUNCHED to RUNNING
2026-08-26 18:20:26,541 INFO org.apache.hadoop.yarn.server.resourcemanager.rmapp.RMAppImpl: application_1787789537682_0001 State change from ACCEPTED to RUNNING
2026-08-26 18:20:27,979 INFO org.apache.hadoop.yarn.server.resourcemanager.rmcontainer.RMContainerImpl: container_1787789537682_0001_01_000002 Container Transitioned from NEW to ALLOCATED
2026-08-26 18:20:27,980 INFO org.apache.hadoop.yarn.server.resourcemanager.RMAuditLogger: USER=user	OPERATION=AM Allocated Container	TARGET=SchedulerApp	RESULT=SUCCESS	APPID=application_1787789537682_0001	CONTAINERID=container_1787789537682_0001_01_000002
2026-08-26 18:20:27,980 INFO org.apache.hadoop.yarn.server.resourcemanager.scheduler.SchedulerNode: Assigned container container_1787789537682_0001_01_000002 of capacity <memory:1024, vCores:1> on host ubuntu:33501, which has 2 containers, <memory:3072, vCores:2> used and <memory:5120, vCores:6> available after allocation
2026-08-26 18:20:27,980 INFO org.apache.hadoop.yarn.server.resourcemanager.scheduler.capacity.LeafQueue: assignedContainer application attempt=appattempt_1787789537682_0001_000001 container=Container: [ContainerId: container_1787789537682_0001_01_000002, NodeId: ubuntu:33501, NodeHttpAddress: ubuntu:8042, Resource: <memory:1024, vCores:1>, Priority: 20, Token: null, ] queue=default: capacity=1.0, absoluteCapacity=1.0, usedResources=<memory:2048, vCores:1>, usedCapacity=0.25, absoluteUsedCapacity=0.25, numApps=1, numContainers=1 clusterResource=<memory:8192, vCores:8>
2026-08-26 18:20:27,980 INFO org.apache.hadoop.yarn.server.resourcemanager.scheduler.capacity.ParentQueue: Re-sorting assigned queue: root.default stats: default: capacity=1.0, absoluteCapacity=1.0, usedResources=<memory:3072, vCores:2>, usedCapacity=0.375, absoluteUsedCapacity=0.375, numApps=1, numContainers=2
2026-08-26 18:20:27,981 INFO org.apache.hadoop.yarn.server.resourcemanager.scheduler.capacity.ParentQueue: assignedContainer queue=root usedCapacity=0.375 absoluteUsedCapacity=0.375 used=<memory:3072, vCores:2> cluster=<memory:8192, vCores:8>
2026-08-26 18:20:27,982 INFO org.apache.hadoop.yarn.server.resourcemanager.rmcontainer.RMContainerImpl: container_1787789537682_0001_01_000003 Container Transitioned from NEW to ALLOCATED
2026-08-26 18:20:27,982 INFO org.apache.hadoop.yarn.server.resourcemanager.RMAuditLogger: USER=user	OPERATION=AM Allocated Container	TARGET=SchedulerApp	RESULT=SUCCESS	APPID=application_1787789537682_0001	CONTAINERID=container_1787789537682_0001_01_000003
2026-08-26 18:20:27,982 INFO org.apache.hadoop.yarn.server.resourcemanager.scheduler.SchedulerNode: Assigned container container_1787789537682_0001_01_000003 of capacity <memory:1024, vCores:1> on host ubuntu:33501, which has 3 containers, <memory:4096, vCores:3> used and <memory:4096, vCores:5> available after allocation
2026-08-26 18:20:27,982 INFO org.apache.hadoop.yarn.server.resourcemanager.scheduler.capacity.LeafQueue: assignedContainer application attempt=appattempt_1787789537682_0001_000001 container=Container: [ContainerId: container_1787789537682_0001_01_000003, NodeId: ubuntu:33501, NodeHttpAddress: ubuntu:8042, Resource: <memory:1024, vCores:1>, Priority: 20, Token: null, ] queue=default: capacity=1.0, absoluteCapacity=1.0, usedResources=<memory:3072, vCores:2>, usedCapacity=0.375, absoluteUsedCapacity=0.375, numApps=1, numContainers=2 clusterResource=<memory:8192, vCores:8>
2026-08-26 18:20:27,982 INFO org.apache.hadoop.yarn.server.resourcemanager.scheduler.capacity.ParentQueue: Re-sorting assigned queue: root.default stats: default: capacity=1.0, absoluteCapacity=1.0, usedResources=<memory:4096, vCores:3>, usedCapacity=0.5, absoluteUsedCapacity=0.5, numApps=1, numContainers=3
2026-08-26 18:20:27,982 INFO org.apache.hadoop.yarn.server.resourcemanager.scheduler.capacity.ParentQueue: assignedContainer queue=root usedCapacity=0.5 absoluteUsedCapacity=0.5 used=<memory:4096, vCores:3> cluster=<memory:8192, vCores:8>
2026-08-26 18:20:27,983 INFO org.apache.hadoop.yarn.server.resourcemanager.rmcontainer.RMContainerImpl: container_1787789537682_0001_01_000004 Container Transitioned from NEW to ALLOCATED
2026-08-26 18:20:27,983 INFO org.apache.hadoop.yarn.server.resourcemanager.RMAuditLogger: USER=user	OPERATION=AM Allocated Container	TARGET=SchedulerApp	RESULT=SUCCESS	APPID=application_1787789537682_0001	CONTAINERID=container_1787789537682_0001_01_000004
2026-08-26 18:20:27,983 INFO org.apache.hadoop.yarn.server.resourcemanager.scheduler.SchedulerNode: Assigned container container_1787789537682_0001_01_000004 of capacity <memory:1024, vCores:1> on host ubuntu:33501, which has 4 containers, <memory:5120, vCores:4> used and <memory:3072, vCores:4> available after allocation
2026-08-26 18:20:27,983 INFO org.apache.hadoop.yarn.server.resourcemanager.scheduler.capacity.LeafQueue: assignedContainer application attempt=appattempt_1787789537682_0001_000001 container=Container: [ContainerId: container_1787789537682_0001_01_000004, NodeId: ubuntu:33501, NodeHttpAddress: ubuntu:8042, Resource: <memory:1024, vCores:1>, Priority: 20, Token: null, ] queue=default: capacity=1.0, absoluteCapacity=1.0, usedResources=<memory:4096, vCores:3>, usedCapacity=0.5, absoluteUsedCapacity=0.5, numApps=1, numContainers=3 clusterResource=<memory:8192, vCores:8>
2026-08-26 18:20:27,983 INFO org.apache.hadoop.yarn.server.resourcemanager.scheduler.capacity.ParentQueue: Re-sorting assigned queue: root.default stats: default: capacity=1.0, absoluteCapacity=1.0, usedResources=<memory:5120, vCores:4>, usedCapacity=0.625, absoluteUsedCapacity=0.625, numApps=1, numContainers=4
2026-08-26 18:20:27,983 INFO org.apache.hadoop.yarn.server.resourcemanager.scheduler.capacity.ParentQueue: assignedContainer queue=root usedCapacity=0.625 absoluteUsedCapacity=0.625 used=<memory:5120, vCores:4> cluster=<memory:8192, vCores:8>
2026-08-26 18:20:27,984 INFO org.apache.hadoop.yarn.server.resourcemanager.rmcontainer.RMContainerImpl: container_1787789537682_0001_01_000005 Container Transitioned from NEW to ALLOCATED
2026-08-26 18:20:27,984 INFO org.apache.hadoop.yarn.server.resourcemanager.RMAuditLogger: USER=user	OPERATION=AM Allocated Container	TARGET=SchedulerApp	RESULT=SUCCESS	APPID=application_1787789537682_0001	CONTAINERID=container_1787789537682_0001_01_000005
2026-08-26 18:20:27,984 INFO org.apache.hadoop.yarn.server.resourcemanager.scheduler.SchedulerNode: Assigned container container_1787789537682_0001_01_000005 of capacity <memory:1024, vCores:1> on host ubuntu:33501, which has 5 containers, <memory:6144, vCores:5> used and <memory:2048, vCores:3> available after allocation
2026-08-26 18:20:27,984 INFO org.apache.hadoop.yarn.server.resourcemanager.scheduler.capacity.LeafQueue: assignedContainer application attempt=appattempt_1787789537682_0001_000001 container=Container: [ContainerId: container_1787789537682_0001_01_000005, NodeId: ubuntu:33501, NodeHttpAddress: ubuntu:8042, Resource: <memory:1024, vCores:1>, Priority: 20, Token: null, ] queue=default: capacity=1.0, absoluteCapacity=1.0, usedResources=<memory:5120, vCores:4>, usedCapacity=0.625, absoluteUsedCapacity=0.625, numApps=1, numContainers=4 clusterResource=<memory:8192, vCores:8>
2026-08-26 18:20:27,984 INFO org.apache.hadoop.yarn.server.resourcemanager.scheduler.capacity.ParentQueue: Re-sorting assigned queue: root.default stats: default: capacity=1.0, absoluteCapacity=1.0, usedResources=<memory:6144, vCores:5>, usedCapacity=0.75, absoluteUsedCapacity=0.75, numApps=1, numContainers=5
2026-08-26 18:20:27,984 INFO org.apache.hadoop.yarn.server.resourcemanager.scheduler.capacity.ParentQueue: assignedContainer queue=root usedCapacity=0.75 absoluteUsedCapacity=0.75 used=<memory:6144, vCores:5> cluster=<memory:8192, vCores:8>
2026-08-26 18:20:27,984 INFO org.apache.hadoop.yarn.server.resourcemanager.rmcontainer.RMContainerImpl: container_1787789537682_0001_01_000006 Container Transitioned from NEW to ALLOCATED
2026-08-26 18:20:27,984 INFO org.apache.hadoop.yarn.server.resourcemanager.RMAuditLogger: USER=user	OPERATION=AM Allocated Container	TARGET=SchedulerApp	RESULT=SUCCESS	APPID=application_1787789537682_0001	CONTAINERID=container_1787789537682_0001_01_000006
2026-08-26 18:20:27,984 INFO org.apache.hadoop.yarn.server.resourcemanager.scheduler.SchedulerNode: Assigned container container_1787789537682_0001_01_000006 of capacity <memory:1024, vCores:1> on host ubuntu:33501, which has 6 containers, <memory:7168, vCores:6> used and <memory:1024, vCores:2> available after allocation
2026-08-26 18:20:27,984 INFO org.apache.hadoop.yarn.server.resourcemanager.scheduler.capacity.LeafQueue: assignedContainer application attempt=appattempt_1787789537682_0001_000001 container=Container: [ContainerId: container_1787789537682_0001_01_000006, NodeId: ubuntu:33501, NodeHttpAddress: ubuntu:8042, Resource: <memory:1024, vCores:1>, Priority: 20, Token: null, ] queue=default: capacity=1.0, absoluteCapacity=1.0, usedResources=<memory:6144, vCores:5>, usedCapacity=0.75, absoluteUsedCapacity=0.75, numApps=1, numContainers=5 clusterResource=<memory:8192, vCores:8>
2026-08-26 18:20:27,984 INFO org.apache.hadoop.yarn.server.resourcemanager.scheduler.capacity.ParentQueue: Re-sorting assigned queue: root.default stats: default: capacity=1.0, absoluteCapacity=1.0, usedResources=<memory:7168, vCores:6>, usedCapacity=0.875, absoluteUsedCapacity=0.875, numApps=1, numContainers=6
2026-08-26 18:20:27,984 INFO org.apache.hadoop.yarn.server.resourcemanager.scheduler.capacity.ParentQueue: assignedContainer queue=root usedCapacity=0.875 absoluteUsedCapacity=0.875 used=<memory:7168, vCores:6> cluster=<memory:8192, vCores:8>
2026-08-26 18:20:27,985 INFO org.apache.hadoop.yarn.server.resourcemanager.rmcontainer.RMContainerImpl: container_1787789537682_0001_01_000007 Container Transitioned from NEW to ALLOCATED
2026-08-26 18:20:27,985 INFO org.apache.hadoop.yarn.server.resourcemanager.RMAuditLogger: USER=user	OPERATION=AM Allocated Container	TARGET=SchedulerApp	RESULT=SUCCESS	APPID=application_1787789537682_0001	CONTAINERID=container_1787789537682_0001_01_000007
2026-08-26 18:20:27,985 INFO org.apache.hadoop.yarn.server.resourcemanager.scheduler.SchedulerNode: Assigned container container_1787789537682_0001_01_000007 of capacity <memory:1024, vCores:1> on host ubuntu:33501, which has 7 containers, <memory:8192, vCores:7> used and <memory:0, vCores:1> available after allocation
2026-08-26 18:20:27,985 INFO org.apache.hadoop.yarn.server.resourcemanager.scheduler.capacity.LeafQueue: assignedContainer application attempt=appattempt_1787789537682_0001_000001 container=Container: [ContainerId: container_1787789537682_0001_01_000007, NodeId: ubuntu:33501, NodeHttpAddress: ubuntu:8042, Resource: <memory:1024, vCores:1>, Priority: 20, Token: null, ] queue=default: capacity=1.0, absoluteCapacity=1.0, usedResources=<memory:7168, vCores:6>, usedCapacity=0.875, absoluteUsedCapacity=0.875, numApps=1, numContainers=6 clusterResource=<memory:8192, vCores:8>
2026-08-26 18:20:27,985 INFO org.apache.hadoop.yarn.server.resourcemanager.scheduler.capacity.ParentQueue: Re-sorting assigned queue: root.default stats: default: capacity=1.0, absoluteCapacity=1.0, usedResources=<memory:8192, vCores:7>, usedCapacity=1.0, absoluteUsedCapacity=1.0, numApps=1, numContainers=7
2026-08-26 18:20:27,985 INFO org.apache.hadoop.yarn.server.resourcemanager.scheduler.capacity.ParentQueue: assignedContainer queue=root usedCapacity=1.0 absoluteUsedCapacity=1.0 used=<memory:8192, vCores:7> cluster=<memory:8192, vCores:8>
2026-08-26 18:20:28,643 INFO org.apache.hadoop.yarn.server.resourcemanager.security.NMTokenSecretManagerInRM: Sending NMToken for nodeId : ubuntu:33501 for container : container_1787789537682_0001_01_000002
2026-08-26 18:20:28,646 INFO org.apache.hadoop.yarn.server.resourcemanager.rmcontainer.RMContainerImpl: container_1787789537682_0001_01_000002 Container Transitioned from ALLOCATED to ACQUIRED
2026-08-26 18:20:28,647 INFO org.apache.hadoop.yarn.server.resourcemanager.rmcontainer.RMContainerImpl: container_1787789537682_0001_01_000003 Container Transitioned from ALLOCATED to ACQUIRED
2026-08-26 18:20:28,649 INFO org.apache.hadoop.yarn.server.resourcemanager.rmcontainer.RMContainerImpl: container_1787789537682_0001_01_000004 Container Transitioned from ALLOCATED to ACQUIRED
2026-08-26 18:20:28,650 INFO org.apache.hadoop.yarn.server.resourcemanager.rmcontainer.RMContainerImpl: container_1787789537682_0001_01_000005 Container Transitioned from ALLOCATED to ACQUIRED
2026-08-26 18:20:28,651 INFO org.apache.hadoop.yarn.server.resourcemanager.rmcontainer.RMContainerImpl: container_1787789537682_0001_01_000006 Container Transitioned from ALLOCATED to ACQUIRED
2026-08-26 18:20:28,652 INFO org.apache.hadoop.yarn.server.resourcemanager.rmcontainer.RMContainerImpl: container_1787789537682_0001_01_000007 Container Transitioned from ALLOCATED to ACQUIRED
2026-08-26 18:20:28,990 INFO org.apache.hadoop.yarn.server.resourcemanager.rmcontainer.RMContainerImpl: container_1787789537682_0001_01_000002 Container Transitioned from ACQUIRED to RUNNING
2026-08-26 18:20:28,991 INFO org.apache.hadoop.yarn.server.resourcemanager.rmcontainer.RMContainerImpl: container_1787789537682_0001_01_000003 Container Transitioned from ACQUIRED to RUNNING
2026-08-26 18:20:28,991 INFO org.apache.hadoop.yarn.server.resourcemanager.rmcontainer.RMContainerImpl: container_1787789537682_0001_01_000004 Container Transitioned from ACQUIRED to RUNNING
2026-08-26 18:20:28,991 INFO org.apache.hadoop.yarn.server.resourcemanager.rmcontainer.RMContainerImpl: container_1787789537682_0001_01_000005 Container Transitioned from ACQUIRED to RUNNING
2026-08-26 18:20:28,991 INFO org.apache.hadoop.yarn.server.resourcemanager.rmcontainer.RMContainerImpl: container_1787789537682_0001_01_000006 Container Transitioned from ACQUIRED to RUNNING
2026-08-26 18:20:28,991 INFO org.apache.hadoop.yarn.server.resourcemanager.rmcontainer.RMContainerImpl: container_1787789537682_0001_01_000007 Container Transitioned from ACQUIRED to RUNNING
2026-08-26 18:20:29,675 INFO org.apache.hadoop.yarn.server.resourcemanager.scheduler.AppSchedulingInfo: checking for deactivate... 
2026-08-26 18:20:44,863 INFO org.apache.hadoop.yarn.server.resourcemanager.rmcontainer.RMContainerImpl: container_1787789537682_0001_01_000003 Container Transitioned from RUNNING to COMPLETED
2026-08-26 18:20:44,872 INFO org.apache.hadoop.yarn.server.resourcemanager.scheduler.common.fica.FiCaSchedulerApp: Completed container: container_1787789537682_0001_01_000003 in state: COMPLETED event:FINISHED
2026-08-26 18:20:44,872 INFO org.apache.hadoop.yarn.server.resourcemanager.RMAuditLogger: USER=user	OPERATION=AM Released Container	TARGET=SchedulerApp	RESULT=SUCCESS	APPID=application_1787789537682_0001	CONTAINERID=container_1787789537682_0001_01_000003
2026-08-26 18:20:44,872 INFO org.apache.hadoop.yarn.server.resourcemanager.scheduler.SchedulerNode: Released container container_1787789537682_0001_01_000003 of capacity <memory:1024, vCores:1> on host ubuntu:33501, which currently has 6 containers, <memory:7168, vCores:6> used and <memory:1024, vCores:2> available, release resources=true
2026-08-26 18:20:44,872 INFO org.apache.hadoop.yarn.server.resourcemanager.scheduler.capacity.LeafQueue: default used=<memory:7168, vCores:6> numContainers=6 user=user user-resources=<memory:7168, vCores:6>
2026-08-26 18:20:44,887 INFO org.apache.hadoop.yarn.server.resourcemanager.scheduler.capacity.LeafQueue: completedContainer container=Container: [ContainerId: container_1787789537682_0001_01_000003, NodeId: ubuntu:33501, NodeHttpAddress: ubuntu:8042, Resource: <memory:1024, vCores:1>, Priority: 20, Token: Token { kind: ContainerToken, service: 127.0.1.1:33501 }, ] queue=default: capacity=1.0, absoluteCapacity=1.0, usedResources=<memory:7168, vCores:6>, usedCapacity=0.875, absoluteUsedCapacity=0.875, numApps=1, numContainers=6 cluster=<memory:8192, vCores:8>
2026-08-26 18:20:44,887 INFO org.apache.hadoop.yarn.server.resourcemanager.scheduler.capacity.ParentQueue: completedContainer queue=root usedCapacity=0.875 absoluteUsedCapacity=0.875 used=<memory:7168, vCores:6> cluster=<memory:8192, vCores:8>
2026-08-26 18:20:44,887 INFO org.apache.hadoop.yarn.server.resourcemanager.scheduler.capacity.ParentQueue: Re-sorting completed queue: root.default stats: default: capacity=1.0, absoluteCapacity=1.0, usedResources=<memory:7168, vCores:6>, usedCapacity=0.875, absoluteUsedCapacity=0.875, numApps=1, numContainers=6
2026-08-26 18:20:44,888 INFO org.apache.hadoop.yarn.server.resourcemanager.scheduler.capacity.CapacityScheduler: Application attempt appattempt_1787789537682_0001_000001 released container container_1787789537682_0001_01_000003 on node: host: ubuntu:33501 #containers=6 available=1024 used=7168 with event: FINISHED
2026-08-26 18:20:44,888 INFO org.apache.hadoop.yarn.server.resourcemanager.rmcontainer.RMContainerImpl: container_1787789537682_0001_01_000004 Container Transitioned from RUNNING to COMPLETED
2026-08-26 18:20:44,888 INFO org.apache.hadoop.yarn.server.resourcemanager.scheduler.common.fica.FiCaSchedulerApp: Completed container: container_1787789537682_0001_01_000004 in state: COMPLETED event:FINISHED
2026-08-26 18:20:44,888 INFO org.apache.hadoop.yarn.server.resourcemanager.RMAuditLogger: USER=user	OPERATION=AM Released Container	TARGET=SchedulerApp	RESULT=SUCCESS	APPID=application_1787789537682_0001	CONTAINERID=container_1787789537682_0001_01_000004
2026-08-26 18:20:44,888 INFO org.apache.hadoop.yarn.server.resourcemanager.scheduler.SchedulerNode: Released container container_1787789537682_0001_01_000004 of capacity <memory:1024, vCores:1> on host ubuntu:33501, which currently has 5 containers, <memory:6144, vCores:5> used and <memory:2048, vCores:3> available, release resources=true
2026-08-26 18:20:44,888 INFO org.apache.hadoop.yarn.server.resourcemanager.scheduler.capacity.LeafQueue: default used=<memory:6144, vCores:5> numContainers=5 user=user user-resources=<memory:6144, vCores:5>
2026-08-26 18:20:44,889 INFO org.apache.hadoop.yarn.server.resourcemanager.scheduler.capacity.LeafQueue: completedContainer container=Container: [ContainerId: container_1787789537682_0001_01_000004, NodeId: ubuntu:33501, NodeHttpAddress: ubuntu:8042, Resource: <memory:1024, vCores:1>, Priority: 20, Token: Token { kind: ContainerToken, service: 127.0.1.1:33501 }, ] queue=default: capacity=1.0, absoluteCapacity=1.0, usedResources=<memory:6144, vCores:5>, usedCapacity=0.75, absoluteUsedCapacity=0.75, numApps=1, numContainers=5 cluster=<memory:8192, vCores:8>
2026-08-26 18:20:44,889 INFO org.apache.hadoop.yarn.server.resourcemanager.scheduler.capacity.ParentQueue: completedContainer queue=root usedCapacity=0.75 absoluteUsedCapacity=0.75 used=<memory:6144, vCores:5> cluster=<memory:8192, vCores:8>
2026-08-26 18:20:44,889 INFO org.apache.hadoop.yarn.server.resourcemanager.scheduler.capacity.ParentQueue: Re-sorting completed queue: root.default stats: default: capacity=1.0, absoluteCapacity=1.0, usedResources=<memory:6144, vCores:5>, usedCapacity=0.75, absoluteUsedCapacity=0.75, numApps=1, numContainers=5
2026-08-26 18:20:44,889 INFO org.apache.hadoop.yarn.server.resourcemanager.scheduler.capacity.CapacityScheduler: Application attempt appattempt_1787789537682_0001_000001 released container container_1787789537682_0001_01_000004 on node: host: ubuntu:33501 #containers=5 available=2048 used=6144 with event: FINISHED
2026-08-26 18:20:44,889 INFO org.apache.hadoop.yarn.server.resourcemanager.rmcontainer.RMContainerImpl: container_1787789537682_0001_01_000005 Container Transitioned from RUNNING to COMPLETED
2026-08-26 18:20:44,889 INFO org.apache.hadoop.yarn.server.resourcemanager.scheduler.common.fica.FiCaSchedulerApp: Completed container: container_1787789537682_0001_01_000005 in state: COMPLETED event:FINISHED
2026-08-26 18:20:44,889 INFO org.apache.hadoop.yarn.server.resourcemanager.RMAuditLogger: USER=user	OPERATION=AM Released Container	TARGET=SchedulerApp	RESULT=SUCCESS	APPID=application_1787789537682_0001	CONTAINERID=container_1787789537682_0001_01_000005
2026-08-26 18:20:44,889 INFO org.apache.hadoop.yarn.server.resourcemanager.scheduler.SchedulerNode: Released container container_1787789537682_0001_01_000005 of capacity <memory:1024, vCores:1> on host ubuntu:33501, which currently has 4 containers, <memory:5120, vCores:4> used and <memory:3072, vCores:4> available, release resources=true
2026-08-26 18:20:44,889 INFO org.apache.hadoop.yarn.server.resourcemanager.scheduler.capacity.LeafQueue: default used=<memory:5120, vCores:4> numContainers=4 user=user user-resources=<memory:5120, vCores:4>
2026-08-26 18:20:44,890 INFO org.apache.hadoop.yarn.server.resourcemanager.scheduler.capacity.LeafQueue: completedContainer container=Container: [ContainerId: container_1787789537682_0001_01_000005, NodeId: ubuntu:33501, NodeHttpAddress: ubuntu:8042, Resource: <memory:1024, vCores:1>, Priority: 20, Token: Token { kind: ContainerToken, service: 127.0.1.1:33501 }, ] queue=default: capacity=1.0, absoluteCapacity=1.0, usedResources=<memory:5120, vCores:4>, usedCapacity=0.625, absoluteUsedCapacity=0.625, numApps=1, numContainers=4 cluster=<memory:8192, vCores:8>
2026-08-26 18:20:44,890 INFO org.apache.hadoop.yarn.server.resourcemanager.scheduler.capacity.ParentQueue: completedContainer queue=root usedCapacity=0.625 absoluteUsedCapacity=0.625 used=<memory:5120, vCores:4> cluster=<memory:8192, vCores:8>
2026-08-26 18:20:44,890 INFO org.apache.hadoop.yarn.server.resourcemanager.scheduler.capacity.ParentQueue: Re-sorting completed queue: root.default stats: default: capacity=1.0, absoluteCapacity=1.0, usedResources=<memory:5120, vCores:4>, usedCapacity=0.625, absoluteUsedCapacity=0.625, numApps=1, numContainers=4
2026-08-26 18:20:44,890 INFO org.apache.hadoop.yarn.server.resourcemanager.scheduler.capacity.CapacityScheduler: Application attempt appattempt_1787789537682_0001_000001 released container container_1787789537682_0001_01_000005 on node: host: ubuntu:33501 #containers=4 available=3072 used=5120 with event: FINISHED
2026-08-26 18:20:44,899 INFO org.apache.hadoop.yarn.server.resourcemanager.rmcontainer.RMContainerImpl: container_1787789537682_0001_01_000006 Container Transitioned from RUNNING to COMPLETED
2026-08-26 18:20:44,899 INFO org.apache.hadoop.yarn.server.resourcemanager.scheduler.common.fica.FiCaSchedulerApp: Completed container: container_1787789537682_0001_01_000006 in state: COMPLETED event:FINISHED
2026-08-26 18:20:44,899 INFO org.apache.hadoop.yarn.server.resourcemanager.RMAuditLogger: USER=user	OPERATION=AM Released Container	TARGET=SchedulerApp	RESULT=SUCCESS	APPID=application_1787789537682_0001	CONTAINERID=container_1787789537682_0001_01_000006
2026-08-26 18:20:44,899 INFO org.apache.hadoop.yarn.server.resourcemanager.scheduler.SchedulerNode: Released container container_1787789537682_0001_01_000006 of capacity <memory:1024, vCores:1> on host ubuntu:33501, which currently has 3 containers, <memory:4096, vCores:3> used and <memory:4096, vCores:5> available, release resources=true
2026-08-26 18:20:44,899 INFO org.apache.hadoop.yarn.server.resourcemanager.scheduler.capacity.LeafQueue: default used=<memory:4096, vCores:3> numContainers=3 user=user user-resources=<memory:4096, vCores:3>
2026-08-26 18:20:44,900 INFO org.apache.hadoop.yarn.server.resourcemanager.scheduler.capacity.LeafQueue: completedContainer container=Container: [ContainerId: container_1787789537682_0001_01_000006, NodeId: ubuntu:33501, NodeHttpAddress: ubuntu:8042, Resource: <memory:1024, vCores:1>, Priority: 20, Token: Token { kind: ContainerToken, service: 127.0.1.1:33501 }, ] queue=default: capacity=1.0, absoluteCapacity=1.0, usedResources=<memory:4096, vCores:3>, usedCapacity=0.5, absoluteUsedCapacity=0.5, numApps=1, numContainers=3 cluster=<memory:8192, vCores:8>
2026-08-26 18:20:44,900 INFO org.apache.hadoop.yarn.server.resourcemanager.scheduler.capacity.ParentQueue: completedContainer queue=root usedCapacity=0.5 absoluteUsedCapacity=0.5 used=<memory:4096, vCores:3> cluster=<memory:8192, vCores:8>
2026-08-26 18:20:44,900 INFO org.apache.hadoop.yarn.server.resourcemanager.scheduler.capacity.ParentQueue: Re-sorting completed queue: root.default stats: default: capacity=1.0, absoluteCapacity=1.0, usedResources=<memory:4096, vCores:3>, usedCapacity=0.5, absoluteUsedCapacity=0.5, numApps=1, numContainers=3
2026-08-26 18:20:44,900 INFO org.apache.hadoop.yarn.server.resourcemanager.scheduler.capacity.CapacityScheduler: Application attempt appattempt_1787789537682_0001_000001 released container container_1787789537682_0001_01_000006 on node: host: ubuntu:33501 #containers=3 available=4096 used=4096 with event: FINISHED
2026-08-26 18:20:44,900 INFO org.apache.hadoop.yarn.server.resourcemanager.rmcontainer.RMContainerImpl: container_1787789537682_0001_01_000007 Container Transitioned from RUNNING to COMPLETED
2026-08-26 18:20:44,901 INFO org.apache.hadoop.yarn.server.resourcemanager.scheduler.common.fica.FiCaSchedulerApp: Completed container: container_1787789537682_0001_01_000007 in state: COMPLETED event:FINISHED
2026-08-26 18:20:44,901 INFO org.apache.hadoop.yarn.server.resourcemanager.RMAuditLogger: USER=user	OPERATION=AM Released Container	TARGET=SchedulerApp	RESULT=SUCCESS	APPID=application_1787789537682_0001	CONTAINERID=container_1787789537682_0001_01_000007
2026-08-26 18:20:44,901 INFO org.apache.hadoop.yarn.server.resourcemanager.scheduler.SchedulerNode: Released container container_1787789537682_0001_01_000007 of capacity <memory:1024, vCores:1> on host ubuntu:33501, which currently has 2 containers, <memory:3072, vCores:2> used and <memory:5120, vCores:6> available, release resources=true
2026-08-26 18:20:44,901 INFO org.apache.hadoop.yarn.server.resourcemanager.scheduler.capacity.LeafQueue: default used=<memory:3072, vCores:2> numContainers=2 user=user user-resources=<memory:3072, vCores:2>
2026-08-26 18:20:44,903 INFO org.apache.hadoop.yarn.server.resourcemanager.scheduler.capacity.LeafQueue: completedContainer container=Container: [ContainerId: container_1787789537682_0001_01_000007, NodeId: ubuntu:33501, NodeHttpAddress: ubuntu:8042, Resource: <memory:1024, vCores:1>, Priority: 20, Token: Token { kind: ContainerToken, service: 127.0.1.1:33501 }, ] queue=default: capacity=1.0, absoluteCapacity=1.0, usedResources=<memory:3072, vCores:2>, usedCapacity=0.375, absoluteUsedCapacity=0.375, numApps=1, numContainers=2 cluster=<memory:8192, vCores:8>
2026-08-26 18:20:44,903 INFO org.apache.hadoop.yarn.server.resourcemanager.scheduler.capacity.ParentQueue: completedContainer queue=root usedCapacity=0.375 absoluteUsedCapacity=0.375 used=<memory:3072, vCores:2> cluster=<memory:8192, vCores:8>
2026-08-26 18:20:44,903 INFO org.apache.hadoop.yarn.server.resourcemanager.scheduler.capacity.ParentQueue: Re-sorting completed queue: root.default stats: default: capacity=1.0, absoluteCapacity=1.0, usedResources=<memory:3072, vCores:2>, usedCapacity=0.375, absoluteUsedCapacity=0.375, numApps=1, numContainers=2
2026-08-26 18:20:44,903 INFO org.apache.hadoop.yarn.server.resourcemanager.scheduler.capacity.CapacityScheduler: Application attempt appattempt_1787789537682_0001_000001 released container container_1787789537682_0001_01_000007 on node: host: ubuntu:33501 #containers=2 available=5120 used=3072 with event: FINISHED
2026-08-26 18:20:45,868 INFO org.apache.hadoop.yarn.server.resourcemanager.rmcontainer.RMContainerImpl: container_1787789537682_0001_01_000008 Container Transitioned from NEW to ALLOCATED
2026-08-26 18:20:45,868 INFO org.apache.hadoop.yarn.server.resourcemanager.RMAuditLogger: USER=user	OPERATION=AM Allocated Container	TARGET=SchedulerApp	RESULT=SUCCESS	APPID=application_1787789537682_0001	CONTAINERID=container_1787789537682_0001_01_000008
2026-08-26 18:20:45,868 INFO org.apache.hadoop.yarn.server.resourcemanager.scheduler.SchedulerNode: Assigned container container_1787789537682_0001_01_000008 of capacity <memory:1024, vCores:1> on host ubuntu:33501, which has 3 containers, <memory:4096, vCores:3> used and <memory:4096, vCores:5> available after allocation
2026-08-26 18:20:45,868 INFO org.apache.hadoop.yarn.server.resourcemanager.scheduler.capacity.LeafQueue: assignedContainer application attempt=appattempt_1787789537682_0001_000001 container=Container: [ContainerId: container_1787789537682_0001_01_000008, NodeId: ubuntu:33501, NodeHttpAddress: ubuntu:8042, Resource: <memory:1024, vCores:1>, Priority: 10, Token: null, ] queue=default: capacity=1.0, absoluteCapacity=1.0, usedResources=<memory:3072, vCores:2>, usedCapacity=0.375, absoluteUsedCapacity=0.375, numApps=1, numContainers=2 clusterResource=<memory:8192, vCores:8>
2026-08-26 18:20:45,869 INFO org.apache.hadoop.yarn.server.resourcemanager.scheduler.capacity.ParentQueue: Re-sorting assigned queue: root.default stats: default: capacity=1.0, absoluteCapacity=1.0, usedResources=<memory:4096, vCores:3>, usedCapacity=0.5, absoluteUsedCapacity=0.5, numApps=1, numContainers=3
2026-08-26 18:20:45,869 INFO org.apache.hadoop.yarn.server.resourcemanager.scheduler.capacity.ParentQueue: assignedContainer queue=root usedCapacity=0.5 absoluteUsedCapacity=0.5 used=<memory:4096, vCores:3> cluster=<memory:8192, vCores:8>
2026-08-26 18:20:46,414 INFO org.apache.hadoop.yarn.server.resourcemanager.rmcontainer.RMContainerImpl: container_1787789537682_0001_01_000008 Container Transitioned from ALLOCATED to ACQUIRED
2026-08-26 18:20:46,873 INFO org.apache.hadoop.yarn.server.resourcemanager.rmcontainer.RMContainerImpl: container_1787789537682_0001_01_000008 Container Transitioned from ACQUIRED to RUNNING
2026-08-26 18:20:46,873 INFO org.apache.hadoop.yarn.server.resourcemanager.rmcontainer.RMContainerImpl: container_1787789537682_0001_01_000009 Container Transitioned from NEW to ALLOCATED
2026-08-26 18:20:46,873 INFO org.apache.hadoop.yarn.server.resourcemanager.RMAuditLogger: USER=user	OPERATION=AM Allocated Container	TARGET=SchedulerApp	RESULT=SUCCESS	APPID=application_1787789537682_0001	CONTAINERID=container_1787789537682_0001_01_000009
2026-08-26 18:20:46,873 INFO org.apache.hadoop.yarn.server.resourcemanager.scheduler.SchedulerNode: Assigned container container_1787789537682_0001_01_000009 of capacity <memory:1024, vCores:1> on host ubuntu:33501, which has 4 containers, <memory:5120, vCores:4> used and <memory:3072, vCores:4> available after allocation
2026-08-26 18:20:46,873 INFO org.apache.hadoop.yarn.server.resourcemanager.scheduler.capacity.LeafQueue: assignedContainer application attempt=appattempt_1787789537682_0001_000001 container=Container: [ContainerId: container_1787789537682_0001_01_000009, NodeId: ubuntu:33501, NodeHttpAddress: ubuntu:8042, Resource: <memory:1024, vCores:1>, Priority: 20, Token: null, ] queue=default: capacity=1.0, absoluteCapacity=1.0, usedResources=<memory:4096, vCores:3>, usedCapacity=0.5, absoluteUsedCapacity=0.5, numApps=1, numContainers=3 clusterResource=<memory:8192, vCores:8>
2026-08-26 18:20:46,873 INFO org.apache.hadoop.yarn.server.resourcemanager.scheduler.capacity.ParentQueue: Re-sorting assigned queue: root.default stats: default: capacity=1.0, absoluteCapacity=1.0, usedResources=<memory:5120, vCores:4>, usedCapacity=0.625, absoluteUsedCapacity=0.625, numApps=1, numContainers=4
2026-08-26 18:20:46,873 INFO org.apache.hadoop.yarn.server.resourcemanager.scheduler.capacity.ParentQueue: assignedContainer queue=root usedCapacity=0.625 absoluteUsedCapacity=0.625 used=<memory:5120, vCores:4> cluster=<memory:8192, vCores:8>
2026-08-26 18:20:47,418 INFO org.apache.hadoop.yarn.server.resourcemanager.scheduler.AppSchedulingInfo: checking for deactivate... 
2026-08-26 18:20:47,420 INFO org.apache.hadoop.yarn.server.resourcemanager.rmcontainer.RMContainerImpl: container_1787789537682_0001_01_000009 Container Transitioned from ALLOCATED to ACQUIRED
2026-08-26 18:20:47,877 INFO org.apache.hadoop.yarn.server.resourcemanager.rmcontainer.RMContainerImpl: container_1787789537682_0001_01_000009 Container Transitioned from ACQUIRED to RUNNING
2026-08-26 18:20:48,424 INFO org.apache.hadoop.yarn.server.resourcemanager.scheduler.AppSchedulingInfo: checking for deactivate... 
2026-08-26 18:20:52,846 INFO org.apache.hadoop.yarn.server.resourcemanager.rmcontainer.RMContainerImpl: container_1787789537682_0001_01_000002 Container Transitioned from RUNNING to COMPLETED
2026-08-26 18:20:52,846 INFO org.apache.hadoop.yarn.server.resourcemanager.scheduler.common.fica.FiCaSchedulerApp: Completed container: container_1787789537682_0001_01_000002 in state: COMPLETED event:FINISHED
2026-08-26 18:20:52,846 INFO org.apache.hadoop.yarn.server.resourcemanager.RMAuditLogger: USER=user	OPERATION=AM Released Container	TARGET=SchedulerApp	RESULT=SUCCESS	APPID=application_1787789537682_0001	CONTAINERID=container_1787789537682_0001_01_000002
2026-08-26 18:20:52,846 INFO org.apache.hadoop.yarn.server.resourcemanager.scheduler.SchedulerNode: Released container container_1787789537682_0001_01_000002 of capacity <memory:1024, vCores:1> on host ubuntu:33501, which currently has 3 containers, <memory:4096, vCores:3> used and <memory:4096, vCores:5> available, release resources=true
2026-08-26 18:20:52,846 INFO org.apache.hadoop.yarn.server.resourcemanager.scheduler.capacity.LeafQueue: default used=<memory:4096, vCores:3> numContainers=3 user=user user-resources=<memory:4096, vCores:3>
2026-08-26 18:20:52,847 INFO org.apache.hadoop.yarn.server.resourcemanager.scheduler.capacity.LeafQueue: completedContainer container=Container: [ContainerId: container_1787789537682_0001_01_000002, NodeId: ubuntu:33501, NodeHttpAddress: ubuntu:8042, Resource: <memory:1024, vCores:1>, Priority: 20, Token: Token { kind: ContainerToken, service: 127.0.1.1:33501 }, ] queue=default: capacity=1.0, absoluteCapacity=1.0, usedResources=<memory:4096, vCores:3>, usedCapacity=0.5, absoluteUsedCapacity=0.5, numApps=1, numContainers=3 cluster=<memory:8192, vCores:8>
2026-08-26 18:20:52,847 INFO org.apache.hadoop.yarn.server.resourcemanager.scheduler.capacity.ParentQueue: completedContainer queue=root usedCapacity=0.5 absoluteUsedCapacity=0.5 used=<memory:4096, vCores:3> cluster=<memory:8192, vCores:8>
2026-08-26 18:20:52,847 INFO org.apache.hadoop.yarn.server.resourcemanager.scheduler.capacity.ParentQueue: Re-sorting completed queue: root.default stats: default: capacity=1.0, absoluteCapacity=1.0, usedResources=<memory:4096, vCores:3>, usedCapacity=0.5, absoluteUsedCapacity=0.5, numApps=1, numContainers=3
2026-08-26 18:20:52,847 INFO org.apache.hadoop.yarn.server.resourcemanager.scheduler.capacity.CapacityScheduler: Application attempt appattempt_1787789537682_0001_000001 released container container_1787789537682_0001_01_000002 on node: host: ubuntu:33501 #containers=3 available=4096 used=4096 with event: FINISHED
2026-08-26 18:20:52,847 INFO org.apache.hadoop.yarn.server.resourcemanager.rmcontainer.RMContainerImpl: container_1787789537682_0001_01_000009 Container Transitioned from RUNNING to COMPLETED
2026-08-26 18:20:52,847 INFO org.apache.hadoop.yarn.server.resourcemanager.scheduler.common.fica.FiCaSchedulerApp: Completed container: container_1787789537682_0001_01_000009 in state: COMPLETED event:FINISHED
2026-08-26 18:20:52,847 INFO org.apache.hadoop.yarn.server.resourcemanager.RMAuditLogger: USER=user	OPERATION=AM Released Container	TARGET=SchedulerApp	RESULT=SUCCESS	APPID=application_1787789537682_0001	CONTAINERID=container_1787789537682_0001_01_000009
2026-08-26 18:20:52,847 INFO org.apache.hadoop.yarn.server.resourcemanager.scheduler.SchedulerNode: Released container container_1787789537682_0001_01_000009 of capacity <memory:1024, vCores:1> on host ubuntu:33501, which currently has 2 containers, <memory:3072, vCores:2> used and <memory:5120, vCores:6> available, release resources=true
2026-08-26 18:20:52,848 INFO org.apache.hadoop.yarn.server.resourcemanager.scheduler.capacity.LeafQueue: default used=<memory:3072, vCores:2> numContainers=2 user=user user-resources=<memory:3072, vCores:2>
2026-08-26 18:20:52,848 INFO org.apache.hadoop.yarn.server.resourcemanager.scheduler.capacity.LeafQueue: completedContainer container=Container: [ContainerId: container_1787789537682_0001_01_000009, NodeId: ubuntu:33501, NodeHttpAddress: ubuntu:8042, Resource: <memory:1024, vCores:1>, Priority: 20, Token: Token { kind: ContainerToken, service: 127.0.1.1:33501 }, ] queue=default: capacity=1.0, absoluteCapacity=1.0, usedResources=<memory:3072, vCores:2>, usedCapacity=0.375, absoluteUsedCapacity=0.375, numApps=1, numContainers=2 cluster=<memory:8192, vCores:8>
2026-08-26 18:20:52,848 INFO org.apache.hadoop.yarn.server.resourcemanager.scheduler.capacity.ParentQueue: completedContainer queue=root usedCapacity=0.375 absoluteUsedCapacity=0.375 used=<memory:3072, vCores:2> cluster=<memory:8192, vCores:8>
2026-08-26 18:20:52,848 INFO org.apache.hadoop.yarn.server.resourcemanager.scheduler.capacity.ParentQueue: Re-sorting completed queue: root.default stats: default: capacity=1.0, absoluteCapacity=1.0, usedResources=<memory:3072, vCores:2>, usedCapacity=0.375, absoluteUsedCapacity=0.375, numApps=1, numContainers=2
2026-08-26 18:20:52,849 INFO org.apache.hadoop.yarn.server.resourcemanager.scheduler.capacity.CapacityScheduler: Application attempt appattempt_1787789537682_0001_000001 released container container_1787789537682_0001_01_000009 on node: host: ubuntu:33501 #containers=2 available=5120 used=3072 with event: FINISHED
2026-08-26 18:20:54,315 INFO org.apache.hadoop.yarn.server.resourcemanager.rmapp.attempt.RMAppAttemptImpl: Updating application attempt appattempt_1787789537682_0001_000001 with final state: FINISHING, and exit status: -1000
2026-08-26 18:20:54,323 INFO org.apache.hadoop.yarn.server.resourcemanager.rmapp.attempt.RMAppAttemptImpl: appattempt_1787789537682_0001_000001 State change from RUNNING to FINAL_SAVING
2026-08-26 18:20:54,323 INFO org.apache.hadoop.yarn.server.resourcemanager.rmapp.RMAppImpl: Updating application application_1787789537682_0001 with final state: FINISHING
2026-08-26 18:20:54,324 INFO org.apache.hadoop.yarn.server.resourcemanager.rmapp.RMAppImpl: application_1787789537682_0001 State change from RUNNING to FINAL_SAVING
2026-08-26 18:20:54,325 INFO org.apache.hadoop.yarn.server.resourcemanager.recovery.RMStateStore: Updating info for app: application_1787789537682_0001
2026-08-26 18:20:54,325 INFO org.apache.hadoop.yarn.server.resourcemanager.rmapp.attempt.RMAppAttemptImpl: appattempt_1787789537682_0001_000001 State change from FINAL_SAVING to FINISHING
2026-08-26 18:20:54,326 INFO org.apache.hadoop.yarn.server.resourcemanager.rmapp.RMAppImpl: application_1787789537682_0001 State change from FINAL_SAVING to FINISHING
2026-08-26 18:20:55,031 INFO org.apache.hadoop.yarn.server.resourcemanager.rmcontainer.RMContainerImpl: container_1787789537682_0001_01_000008 Container Transitioned from RUNNING to COMPLETED
2026-08-26 18:20:55,032 INFO org.apache.hadoop.yarn.server.resourcemanager.scheduler.common.fica.FiCaSchedulerApp: Completed container: container_1787789537682_0001_01_000008 in state: COMPLETED event:FINISHED
2026-08-26 18:20:55,032 INFO org.apache.hadoop.yarn.server.resourcemanager.RMAuditLogger: USER=user	OPERATION=AM Released Container	TARGET=SchedulerApp	RESULT=SUCCESS	APPID=application_1787789537682_0001	CONTAINERID=container_1787789537682_0001_01_000008
2026-08-26 18:20:55,032 INFO org.apache.hadoop.yarn.server.resourcemanager.scheduler.SchedulerNode: Released container container_1787789537682_0001_01_000008 of capacity <memory:1024, vCores:1> on host ubuntu:33501, which currently has 1 containers, <memory:2048, vCores:1> used and <memory:6144, vCores:7> available, release resources=true
2026-08-26 18:20:55,035 INFO org.apache.hadoop.yarn.server.resourcemanager.scheduler.capacity.LeafQueue: default used=<memory:2048, vCores:1> numContainers=1 user=user user-resources=<memory:2048, vCores:1>
2026-08-26 18:20:55,037 INFO org.apache.hadoop.yarn.server.resourcemanager.scheduler.capacity.LeafQueue: completedContainer container=Container: [ContainerId: container_1787789537682_0001_01_000008, NodeId: ubuntu:33501, NodeHttpAddress: ubuntu:8042, Resource: <memory:1024, vCores:1>, Priority: 10, Token: Token { kind: ContainerToken, service: 127.0.1.1:33501 }, ] queue=default: capacity=1.0, absoluteCapacity=1.0, usedResources=<memory:2048, vCores:1>, usedCapacity=0.25, absoluteUsedCapacity=0.25, numApps=1, numContainers=1 cluster=<memory:8192, vCores:8>
2026-08-26 18:20:55,037 INFO org.apache.hadoop.yarn.server.resourcemanager.scheduler.capacity.ParentQueue: completedContainer queue=root usedCapacity=0.25 absoluteUsedCapacity=0.25 used=<memory:2048, vCores:1> cluster=<memory:8192, vCores:8>
2026-08-26 18:20:55,037 INFO org.apache.hadoop.yarn.server.resourcemanager.scheduler.capacity.ParentQueue: Re-sorting completed queue: root.default stats: default: capacity=1.0, absoluteCapacity=1.0, usedResources=<memory:2048, vCores:1>, usedCapacity=0.25, absoluteUsedCapacity=0.25, numApps=1, numContainers=1
2026-08-26 18:20:55,037 INFO org.apache.hadoop.yarn.server.resourcemanager.scheduler.capacity.CapacityScheduler: Application attempt appattempt_1787789537682_0001_000001 released container container_1787789537682_0001_01_000008 on node: host: ubuntu:33501 #containers=1 available=6144 used=2048 with event: FINISHED
2026-08-26 18:21:01,053 INFO org.apache.hadoop.yarn.server.resourcemanager.rmcontainer.RMContainerImpl: container_1787789537682_0001_01_000001 Container Transitioned from RUNNING to COMPLETED
2026-08-26 18:21:01,054 INFO org.apache.hadoop.yarn.server.resourcemanager.scheduler.common.fica.FiCaSchedulerApp: Completed container: container_1787789537682_0001_01_000001 in state: COMPLETED event:FINISHED
2026-08-26 18:21:01,054 INFO org.apache.hadoop.yarn.server.resourcemanager.RMAuditLogger: USER=user	OPERATION=AM Released Container	TARGET=SchedulerApp	RESULT=SUCCESS	APPID=application_1787789537682_0001	CONTAINERID=container_1787789537682_0001_01_000001
2026-08-26 18:21:01,054 INFO org.apache.hadoop.yarn.server.resourcemanager.scheduler.SchedulerNode: Released container container_1787789537682_0001_01_000001 of capacity <memory:2048, vCores:1> on host ubuntu:33501, which currently has 0 containers, <memory:0, vCores:0> used and <memory:8192, vCores:8> available, release resources=true
2026-08-26 18:21:01,054 INFO org.apache.hadoop.yarn.server.resourcemanager.scheduler.capacity.LeafQueue: default used=<memory:0, vCores:0> numContainers=0 user=user user-resources=<memory:0, vCores:0>
2026-08-26 18:21:01,054 INFO org.apache.hadoop.yarn.server.resourcemanager.ApplicationMasterService: Unregistering app attempt : appattempt_1787789537682_0001_000001
2026-08-26 18:21:01,055 INFO org.apache.hadoop.yarn.server.resourcemanager.scheduler.capacity.LeafQueue: completedContainer container=Container: [ContainerId: container_1787789537682_0001_01_000001, NodeId: ubuntu:33501, NodeHttpAddress: ubuntu:8042, Resource: <memory:2048, vCores:1>, Priority: 0, Token: Token { kind: ContainerToken, service: 127.0.1.1:33501 }, ] queue=default: capacity=1.0, absoluteCapacity=1.0, usedResources=<memory:0, vCores:0>, usedCapacity=0.0, absoluteUsedCapacity=0.0, numApps=1, numContainers=0 cluster=<memory:8192, vCores:8>
2026-08-26 18:21:01,055 INFO org.apache.hadoop.yarn.server.resourcemanager.scheduler.capacity.ParentQueue: completedContainer queue=root usedCapacity=0.0 absoluteUsedCapacity=0.0 used=<memory:0, vCores:0> cluster=<memory:8192, vCores:8>
2026-08-26 18:21:01,055 INFO org.apache.hadoop.yarn.server.resourcemanager.scheduler.capacity.ParentQueue: Re-sorting completed queue: root.default stats: default: capacity=1.0, absoluteCapacity=1.0, usedResources=<memory:0, vCores:0>, usedCapacity=0.0, absoluteUsedCapacity=0.0, numApps=1, numContainers=0
2026-08-26 18:21:01,056 INFO org.apache.hadoop.yarn.server.resourcemanager.scheduler.capacity.CapacityScheduler: Application attempt appattempt_1787789537682_0001_000001 released container container_1787789537682_0001_01_000001 on node: host: ubuntu:33501 #containers=0 available=8192 used=0 with event: FINISHED
2026-08-26 18:21:01,057 INFO org.apache.hadoop.yarn.server.resourcemanager.rmapp.attempt.RMAppAttemptImpl: appattempt_1787789537682_0001_000001 State change from FINISHING to FINISHED
2026-08-26 18:21:01,061 INFO org.apache.hadoop.yarn.server.resourcemanager.rmapp.RMAppImpl: application_1787789537682_0001 State change from FINISHING to FINISHED
2026-08-26 18:21:01,062 INFO org.apache.hadoop.yarn.server.resourcemanager.scheduler.capacity.CapacityScheduler: Application Attempt appattempt_1787789537682_0001_000001 is done. finalState=FINISHED
2026-08-26 18:21:01,065 INFO org.apache.hadoop.yarn.server.resourcemanager.scheduler.AppSchedulingInfo: Application application_1787789537682_0001 requests cleared
2026-08-26 18:21:01,065 INFO org.apache.hadoop.yarn.server.resourcemanager.scheduler.capacity.LeafQueue: Application removed - appId: application_1787789537682_0001 user: user queue: default #user-pending-applications: 0 #user-active-applications: 0 #queue-pending-applications: 0 #queue-active-applications: 0
2026-08-26 18:21:01,065 INFO org.apache.hadoop.yarn.server.resourcemanager.scheduler.capacity.ParentQueue: Application removed - appId: application_1787789537682_0001 user: user leaf-queue of parent: root #applications: 0
2026-08-26 18:21:01,062 INFO org.apache.hadoop.yarn.server.resourcemanager.amlauncher.AMLauncher: Cleaning master appattempt_1787789537682_0001_000001
2026-08-26 18:21:01,068 INFO org.apache.hadoop.yarn.server.resourcemanager.RMAuditLogger: USER=user	OPERATION=Application Finished - Succeeded	TARGET=RMAppManager	RESULT=SUCCESS	APPID=application_1787789537682_0001
2026-08-26 18:21:01,078 INFO org.apache.hadoop.yarn.server.resourcemanager.RMAppManager$ApplicationSummary: appId=application_1787789537682_0001,name=Seoul Vacant Space Job1,user=user,queue=default,state=FINISHED,trackingUrl=http://ubuntu:8088/proxy/application_1787789537682_0001/jobhistory/job/job_1787789537682_0001,appMasterHost=ubuntu,startTime=1787793617914,finishTime=1787793654323,finalStatus=SUCCEEDED
2026-08-26 18:34:04,344 INFO org.apache.hadoop.yarn.server.resourcemanager.ClientRMService: Allocated new applicationId: 2
2026-08-26 18:34:04,983 INFO org.apache.hadoop.yarn.server.resourcemanager.ClientRMService: Application with id 2 submitted by user user
2026-08-26 18:34:04,983 INFO org.apache.hadoop.yarn.server.resourcemanager.rmapp.RMAppImpl: Storing application with id application_1787789537682_0002
2026-08-26 18:34:04,984 INFO org.apache.hadoop.yarn.server.resourcemanager.rmapp.RMAppImpl: application_1787789537682_0002 State change from NEW to NEW_SAVING
2026-08-26 18:34:04,984 INFO org.apache.hadoop.yarn.server.resourcemanager.recovery.RMStateStore: Storing info for app: application_1787789537682_0002
2026-08-26 18:34:04,983 INFO org.apache.hadoop.yarn.server.resourcemanager.RMAuditLogger: USER=user	IP=127.0.0.1	OPERATION=Submit Application Request	TARGET=ClientRMService	RESULT=SUCCESS	APPID=application_1787789537682_0002
2026-08-26 18:34:04,984 INFO org.apache.hadoop.yarn.server.resourcemanager.rmapp.RMAppImpl: application_1787789537682_0002 State change from NEW_SAVING to SUBMITTED
2026-08-26 18:34:04,986 INFO org.apache.hadoop.yarn.server.resourcemanager.scheduler.capacity.ParentQueue: Application added - appId: application_1787789537682_0002 user: user leaf-queue of parent: root #applications: 1
2026-08-26 18:34:04,986 INFO org.apache.hadoop.yarn.server.resourcemanager.scheduler.capacity.CapacityScheduler: Accepted application application_1787789537682_0002 from user: user, in queue: default
2026-08-26 18:34:04,987 INFO org.apache.hadoop.yarn.server.resourcemanager.rmapp.RMAppImpl: application_1787789537682_0002 State change from SUBMITTED to ACCEPTED
2026-08-26 18:34:04,988 INFO org.apache.hadoop.yarn.server.resourcemanager.ApplicationMasterService: Registering app attempt : appattempt_1787789537682_0002_000001
2026-08-26 18:34:04,988 INFO org.apache.hadoop.yarn.server.resourcemanager.rmapp.attempt.RMAppAttemptImpl: appattempt_1787789537682_0002_000001 State change from NEW to SUBMITTED
2026-08-26 18:34:04,989 INFO org.apache.hadoop.yarn.server.resourcemanager.scheduler.capacity.LeafQueue: Application application_1787789537682_0002 from user: user activated in queue: default
2026-08-26 18:34:04,990 INFO org.apache.hadoop.yarn.server.resourcemanager.scheduler.capacity.LeafQueue: Application added - appId: application_1787789537682_0002 user: org.apache.hadoop.yarn.server.resourcemanager.scheduler.capacity.LeafQueue$User@4a7964b2, leaf-queue: default #user-pending-applications: 0 #user-active-applications: 1 #queue-pending-applications: 0 #queue-active-applications: 1
2026-08-26 18:34:04,990 INFO org.apache.hadoop.yarn.server.resourcemanager.scheduler.capacity.CapacityScheduler: Added Application Attempt appattempt_1787789537682_0002_000001 to scheduler from user user in queue default
2026-08-26 18:34:04,990 INFO org.apache.hadoop.yarn.server.resourcemanager.rmapp.attempt.RMAppAttemptImpl: appattempt_1787789537682_0002_000001 State change from SUBMITTED to SCHEDULED
2026-08-26 18:34:05,770 INFO org.apache.hadoop.yarn.server.resourcemanager.rmcontainer.RMContainerImpl: container_1787789537682_0002_01_000001 Container Transitioned from NEW to ALLOCATED
2026-08-26 18:34:05,771 INFO org.apache.hadoop.yarn.server.resourcemanager.RMAuditLogger: USER=user	OPERATION=AM Allocated Container	TARGET=SchedulerApp	RESULT=SUCCESS	APPID=application_1787789537682_0002	CONTAINERID=container_1787789537682_0002_01_000001
2026-08-26 18:34:05,772 INFO org.apache.hadoop.yarn.server.resourcemanager.scheduler.SchedulerNode: Assigned container container_1787789537682_0002_01_000001 of capacity <memory:2048, vCores:1> on host ubuntu:33501, which has 1 containers, <memory:2048, vCores:1> used and <memory:6144, vCores:7> available after allocation
2026-08-26 18:34:05,774 INFO org.apache.hadoop.yarn.server.resourcemanager.scheduler.capacity.LeafQueue: assignedContainer application attempt=appattempt_1787789537682_0002_000001 container=Container: [ContainerId: container_1787789537682_0002_01_000001, NodeId: ubuntu:33501, NodeHttpAddress: ubuntu:8042, Resource: <memory:2048, vCores:1>, Priority: 0, Token: null, ] queue=default: capacity=1.0, absoluteCapacity=1.0, usedResources=<memory:0, vCores:0>, usedCapacity=0.0, absoluteUsedCapacity=0.0, numApps=1, numContainers=0 clusterResource=<memory:8192, vCores:8>
2026-08-26 18:34:05,775 INFO org.apache.hadoop.yarn.server.resourcemanager.security.NMTokenSecretManagerInRM: Sending NMToken for nodeId : ubuntu:33501 for container : container_1787789537682_0002_01_000001
2026-08-26 18:34:05,775 INFO org.apache.hadoop.yarn.server.resourcemanager.scheduler.capacity.ParentQueue: Re-sorting assigned queue: root.default stats: default: capacity=1.0, absoluteCapacity=1.0, usedResources=<memory:2048, vCores:1>, usedCapacity=0.25, absoluteUsedCapacity=0.25, numApps=1, numContainers=1
2026-08-26 18:34:05,776 INFO org.apache.hadoop.yarn.server.resourcemanager.scheduler.capacity.ParentQueue: assignedContainer queue=root usedCapacity=0.25 absoluteUsedCapacity=0.25 used=<memory:2048, vCores:1> cluster=<memory:8192, vCores:8>
2026-08-26 18:34:05,776 INFO org.apache.hadoop.yarn.server.resourcemanager.rmcontainer.RMContainerImpl: container_1787789537682_0002_01_000001 Container Transitioned from ALLOCATED to ACQUIRED
2026-08-26 18:34:05,776 INFO org.apache.hadoop.yarn.server.resourcemanager.security.NMTokenSecretManagerInRM: Clear node set for appattempt_1787789537682_0002_000001
2026-08-26 18:34:05,777 INFO org.apache.hadoop.yarn.server.resourcemanager.rmapp.attempt.RMAppAttemptImpl: Storing attempt: AppId: application_1787789537682_0002 AttemptId: appattempt_1787789537682_0002_000001 MasterContainer: Container: [ContainerId: container_1787789537682_0002_01_000001, NodeId: ubuntu:33501, NodeHttpAddress: ubuntu:8042, Resource: <memory:2048, vCores:1>, Priority: 0, Token: Token { kind: ContainerToken, service: 127.0.1.1:33501 }, ]
2026-08-26 18:34:05,778 INFO org.apache.hadoop.yarn.server.resourcemanager.rmapp.attempt.RMAppAttemptImpl: appattempt_1787789537682_0002_000001 State change from SCHEDULED to ALLOCATED_SAVING
2026-08-26 18:34:05,778 INFO org.apache.hadoop.yarn.server.resourcemanager.rmapp.attempt.RMAppAttemptImpl: appattempt_1787789537682_0002_000001 State change from ALLOCATED_SAVING to ALLOCATED
2026-08-26 18:34:05,782 INFO org.apache.hadoop.yarn.server.resourcemanager.amlauncher.AMLauncher: Launching masterappattempt_1787789537682_0002_000001
2026-08-26 18:34:05,789 INFO org.apache.hadoop.yarn.server.resourcemanager.amlauncher.AMLauncher: Setting up container Container: [ContainerId: container_1787789537682_0002_01_000001, NodeId: ubuntu:33501, NodeHttpAddress: ubuntu:8042, Resource: <memory:2048, vCores:1>, Priority: 0, Token: Token { kind: ContainerToken, service: 127.0.1.1:33501 }, ] for AM appattempt_1787789537682_0002_000001
2026-08-26 18:34:05,789 INFO org.apache.hadoop.yarn.server.resourcemanager.amlauncher.AMLauncher: Command to launch container container_1787789537682_0002_01_000001 : $JAVA_HOME/bin/java -Dlog4j.configuration=container-log4j.properties -Dyarn.app.container.log.dir=<LOG_DIR> -Dyarn.app.container.log.filesize=0 -Dhadoop.root.logger=INFO,CLA  -Xmx1024m org.apache.hadoop.mapreduce.v2.app.MRAppMaster 1><LOG_DIR>/stdout 2><LOG_DIR>/stderr 
2026-08-26 18:34:05,826 INFO org.apache.hadoop.yarn.server.resourcemanager.amlauncher.AMLauncher: Done launching container Container: [ContainerId: container_1787789537682_0002_01_000001, NodeId: ubuntu:33501, NodeHttpAddress: ubuntu:8042, Resource: <memory:2048, vCores:1>, Priority: 0, Token: Token { kind: ContainerToken, service: 127.0.1.1:33501 }, ] for AM appattempt_1787789537682_0002_000001
2026-08-26 18:34:05,826 INFO org.apache.hadoop.yarn.server.resourcemanager.rmapp.attempt.RMAppAttemptImpl: appattempt_1787789537682_0002_000001 State change from ALLOCATED to LAUNCHED
2026-08-26 18:34:06,767 INFO org.apache.hadoop.yarn.server.resourcemanager.rmcontainer.RMContainerImpl: container_1787789537682_0002_01_000001 Container Transitioned from ACQUIRED to RUNNING
2026-08-26 18:34:08,659 INFO SecurityLogger.org.apache.hadoop.ipc.Server: Auth successful for appattempt_1787789537682_0002_000001 (auth:SIMPLE)
2026-08-26 18:34:08,665 INFO org.apache.hadoop.yarn.server.resourcemanager.ApplicationMasterService: AM registration appattempt_1787789537682_0002_000001
2026-08-26 18:34:08,665 INFO org.apache.hadoop.yarn.server.resourcemanager.RMAuditLogger: USER=user	IP=127.0.0.1	OPERATION=Register App Master	TARGET=ApplicationMasterService	RESULT=SUCCESS	APPID=application_1787789537682_0002	APPATTEMPTID=appattempt_1787789537682_0002_000001
2026-08-26 18:34:08,666 INFO org.apache.hadoop.yarn.server.resourcemanager.rmapp.attempt.RMAppAttemptImpl: appattempt_1787789537682_0002_000001 State change from LAUNCHED to RUNNING
2026-08-26 18:34:08,666 INFO org.apache.hadoop.yarn.server.resourcemanager.rmapp.RMAppImpl: application_1787789537682_0002 State change from ACCEPTED to RUNNING
2026-08-26 18:34:09,773 INFO org.apache.hadoop.yarn.server.resourcemanager.rmcontainer.RMContainerImpl: container_1787789537682_0002_01_000002 Container Transitioned from NEW to ALLOCATED
2026-08-26 18:34:09,776 INFO org.apache.hadoop.yarn.server.resourcemanager.RMAuditLogger: USER=user	OPERATION=AM Allocated Container	TARGET=SchedulerApp	RESULT=SUCCESS	APPID=application_1787789537682_0002	CONTAINERID=container_1787789537682_0002_01_000002
2026-08-26 18:34:09,776 INFO org.apache.hadoop.yarn.server.resourcemanager.scheduler.SchedulerNode: Assigned container container_1787789537682_0002_01_000002 of capacity <memory:1024, vCores:1> on host ubuntu:33501, which has 2 containers, <memory:3072, vCores:2> used and <memory:5120, vCores:6> available after allocation
2026-08-26 18:34:09,776 INFO org.apache.hadoop.yarn.server.resourcemanager.scheduler.capacity.LeafQueue: assignedContainer application attempt=appattempt_1787789537682_0002_000001 container=Container: [ContainerId: container_1787789537682_0002_01_000002, NodeId: ubuntu:33501, NodeHttpAddress: ubuntu:8042, Resource: <memory:1024, vCores:1>, Priority: 20, Token: null, ] queue=default: capacity=1.0, absoluteCapacity=1.0, usedResources=<memory:2048, vCores:1>, usedCapacity=0.25, absoluteUsedCapacity=0.25, numApps=1, numContainers=1 clusterResource=<memory:8192, vCores:8>
2026-08-26 18:34:09,777 INFO org.apache.hadoop.yarn.server.resourcemanager.scheduler.capacity.ParentQueue: Re-sorting assigned queue: root.default stats: default: capacity=1.0, absoluteCapacity=1.0, usedResources=<memory:3072, vCores:2>, usedCapacity=0.375, absoluteUsedCapacity=0.375, numApps=1, numContainers=2
2026-08-26 18:34:09,778 INFO org.apache.hadoop.yarn.server.resourcemanager.scheduler.capacity.ParentQueue: assignedContainer queue=root usedCapacity=0.375 absoluteUsedCapacity=0.375 used=<memory:3072, vCores:2> cluster=<memory:8192, vCores:8>
2026-08-26 18:34:09,779 INFO org.apache.hadoop.yarn.server.resourcemanager.rmcontainer.RMContainerImpl: container_1787789537682_0002_01_000003 Container Transitioned from NEW to ALLOCATED
2026-08-26 18:34:09,779 INFO org.apache.hadoop.yarn.server.resourcemanager.RMAuditLogger: USER=user	OPERATION=AM Allocated Container	TARGET=SchedulerApp	RESULT=SUCCESS	APPID=application_1787789537682_0002	CONTAINERID=container_1787789537682_0002_01_000003
2026-08-26 18:34:09,779 INFO org.apache.hadoop.yarn.server.resourcemanager.scheduler.SchedulerNode: Assigned container container_1787789537682_0002_01_000003 of capacity <memory:1024, vCores:1> on host ubuntu:33501, which has 3 containers, <memory:4096, vCores:3> used and <memory:4096, vCores:5> available after allocation
2026-08-26 18:34:09,780 INFO org.apache.hadoop.yarn.server.resourcemanager.scheduler.capacity.LeafQueue: assignedContainer application attempt=appattempt_1787789537682_0002_000001 container=Container: [ContainerId: container_1787789537682_0002_01_000003, NodeId: ubuntu:33501, NodeHttpAddress: ubuntu:8042, Resource: <memory:1024, vCores:1>, Priority: 20, Token: null, ] queue=default: capacity=1.0, absoluteCapacity=1.0, usedResources=<memory:3072, vCores:2>, usedCapacity=0.375, absoluteUsedCapacity=0.375, numApps=1, numContainers=2 clusterResource=<memory:8192, vCores:8>
2026-08-26 18:34:09,780 INFO org.apache.hadoop.yarn.server.resourcemanager.scheduler.capacity.ParentQueue: Re-sorting assigned queue: root.default stats: default: capacity=1.0, absoluteCapacity=1.0, usedResources=<memory:4096, vCores:3>, usedCapacity=0.5, absoluteUsedCapacity=0.5, numApps=1, numContainers=3
2026-08-26 18:34:09,780 INFO org.apache.hadoop.yarn.server.resourcemanager.scheduler.capacity.ParentQueue: assignedContainer queue=root usedCapacity=0.5 absoluteUsedCapacity=0.5 used=<memory:4096, vCores:3> cluster=<memory:8192, vCores:8>
2026-08-26 18:34:09,780 INFO org.apache.hadoop.yarn.server.resourcemanager.rmcontainer.RMContainerImpl: container_1787789537682_0002_01_000004 Container Transitioned from NEW to ALLOCATED
2026-08-26 18:34:09,781 INFO org.apache.hadoop.yarn.server.resourcemanager.RMAuditLogger: USER=user	OPERATION=AM Allocated Container	TARGET=SchedulerApp	RESULT=SUCCESS	APPID=application_1787789537682_0002	CONTAINERID=container_1787789537682_0002_01_000004
2026-08-26 18:34:09,781 INFO org.apache.hadoop.yarn.server.resourcemanager.scheduler.SchedulerNode: Assigned container container_1787789537682_0002_01_000004 of capacity <memory:1024, vCores:1> on host ubuntu:33501, which has 4 containers, <memory:5120, vCores:4> used and <memory:3072, vCores:4> available after allocation
2026-08-26 18:34:09,781 INFO org.apache.hadoop.yarn.server.resourcemanager.scheduler.capacity.LeafQueue: assignedContainer application attempt=appattempt_1787789537682_0002_000001 container=Container: [ContainerId: container_1787789537682_0002_01_000004, NodeId: ubuntu:33501, NodeHttpAddress: ubuntu:8042, Resource: <memory:1024, vCores:1>, Priority: 20, Token: null, ] queue=default: capacity=1.0, absoluteCapacity=1.0, usedResources=<memory:4096, vCores:3>, usedCapacity=0.5, absoluteUsedCapacity=0.5, numApps=1, numContainers=3 clusterResource=<memory:8192, vCores:8>
2026-08-26 18:34:09,781 INFO org.apache.hadoop.yarn.server.resourcemanager.scheduler.capacity.ParentQueue: Re-sorting assigned queue: root.default stats: default: capacity=1.0, absoluteCapacity=1.0, usedResources=<memory:5120, vCores:4>, usedCapacity=0.625, absoluteUsedCapacity=0.625, numApps=1, numContainers=4
2026-08-26 18:34:09,781 INFO org.apache.hadoop.yarn.server.resourcemanager.scheduler.capacity.ParentQueue: assignedContainer queue=root usedCapacity=0.625 absoluteUsedCapacity=0.625 used=<memory:5120, vCores:4> cluster=<memory:8192, vCores:8>
2026-08-26 18:34:09,782 INFO org.apache.hadoop.yarn.server.resourcemanager.rmcontainer.RMContainerImpl: container_1787789537682_0002_01_000005 Container Transitioned from NEW to ALLOCATED
2026-08-26 18:34:09,782 INFO org.apache.hadoop.yarn.server.resourcemanager.RMAuditLogger: USER=user	OPERATION=AM Allocated Container	TARGET=SchedulerApp	RESULT=SUCCESS	APPID=application_1787789537682_0002	CONTAINERID=container_1787789537682_0002_01_000005
2026-08-26 18:34:09,782 INFO org.apache.hadoop.yarn.server.resourcemanager.scheduler.SchedulerNode: Assigned container container_1787789537682_0002_01_000005 of capacity <memory:1024, vCores:1> on host ubuntu:33501, which has 5 containers, <memory:6144, vCores:5> used and <memory:2048, vCores:3> available after allocation
2026-08-26 18:34:09,782 INFO org.apache.hadoop.yarn.server.resourcemanager.scheduler.capacity.LeafQueue: assignedContainer application attempt=appattempt_1787789537682_0002_000001 container=Container: [ContainerId: container_1787789537682_0002_01_000005, NodeId: ubuntu:33501, NodeHttpAddress: ubuntu:8042, Resource: <memory:1024, vCores:1>, Priority: 20, Token: null, ] queue=default: capacity=1.0, absoluteCapacity=1.0, usedResources=<memory:5120, vCores:4>, usedCapacity=0.625, absoluteUsedCapacity=0.625, numApps=1, numContainers=4 clusterResource=<memory:8192, vCores:8>
2026-08-26 18:34:09,783 INFO org.apache.hadoop.yarn.server.resourcemanager.scheduler.capacity.ParentQueue: Re-sorting assigned queue: root.default stats: default: capacity=1.0, absoluteCapacity=1.0, usedResources=<memory:6144, vCores:5>, usedCapacity=0.75, absoluteUsedCapacity=0.75, numApps=1, numContainers=5
2026-08-26 18:34:09,783 INFO org.apache.hadoop.yarn.server.resourcemanager.scheduler.capacity.ParentQueue: assignedContainer queue=root usedCapacity=0.75 absoluteUsedCapacity=0.75 used=<memory:6144, vCores:5> cluster=<memory:8192, vCores:8>
2026-08-26 18:34:09,783 INFO org.apache.hadoop.yarn.server.resourcemanager.rmcontainer.RMContainerImpl: container_1787789537682_0002_01_000006 Container Transitioned from NEW to ALLOCATED
2026-08-26 18:34:09,783 INFO org.apache.hadoop.yarn.server.resourcemanager.RMAuditLogger: USER=user	OPERATION=AM Allocated Container	TARGET=SchedulerApp	RESULT=SUCCESS	APPID=application_1787789537682_0002	CONTAINERID=container_1787789537682_0002_01_000006
2026-08-26 18:34:09,783 INFO org.apache.hadoop.yarn.server.resourcemanager.scheduler.SchedulerNode: Assigned container container_1787789537682_0002_01_000006 of capacity <memory:1024, vCores:1> on host ubuntu:33501, which has 6 containers, <memory:7168, vCores:6> used and <memory:1024, vCores:2> available after allocation
2026-08-26 18:34:09,783 INFO org.apache.hadoop.yarn.server.resourcemanager.scheduler.capacity.LeafQueue: assignedContainer application attempt=appattempt_1787789537682_0002_000001 container=Container: [ContainerId: container_1787789537682_0002_01_000006, NodeId: ubuntu:33501, NodeHttpAddress: ubuntu:8042, Resource: <memory:1024, vCores:1>, Priority: 20, Token: null, ] queue=default: capacity=1.0, absoluteCapacity=1.0, usedResources=<memory:6144, vCores:5>, usedCapacity=0.75, absoluteUsedCapacity=0.75, numApps=1, numContainers=5 clusterResource=<memory:8192, vCores:8>
2026-08-26 18:34:09,784 INFO org.apache.hadoop.yarn.server.resourcemanager.scheduler.capacity.ParentQueue: Re-sorting assigned queue: root.default stats: default: capacity=1.0, absoluteCapacity=1.0, usedResources=<memory:7168, vCores:6>, usedCapacity=0.875, absoluteUsedCapacity=0.875, numApps=1, numContainers=6
2026-08-26 18:34:09,784 INFO org.apache.hadoop.yarn.server.resourcemanager.scheduler.capacity.ParentQueue: assignedContainer queue=root usedCapacity=0.875 absoluteUsedCapacity=0.875 used=<memory:7168, vCores:6> cluster=<memory:8192, vCores:8>
2026-08-26 18:34:09,786 INFO org.apache.hadoop.yarn.server.resourcemanager.rmcontainer.RMContainerImpl: container_1787789537682_0002_01_000007 Container Transitioned from NEW to ALLOCATED
2026-08-26 18:34:09,787 INFO org.apache.hadoop.yarn.server.resourcemanager.RMAuditLogger: USER=user	OPERATION=AM Allocated Container	TARGET=SchedulerApp	RESULT=SUCCESS	APPID=application_1787789537682_0002	CONTAINERID=container_1787789537682_0002_01_000007
2026-08-26 18:34:09,787 INFO org.apache.hadoop.yarn.server.resourcemanager.scheduler.SchedulerNode: Assigned container container_1787789537682_0002_01_000007 of capacity <memory:1024, vCores:1> on host ubuntu:33501, which has 7 containers, <memory:8192, vCores:7> used and <memory:0, vCores:1> available after allocation
2026-08-26 18:34:09,787 INFO org.apache.hadoop.yarn.server.resourcemanager.scheduler.capacity.LeafQueue: assignedContainer application attempt=appattempt_1787789537682_0002_000001 container=Container: [ContainerId: container_1787789537682_0002_01_000007, NodeId: ubuntu:33501, NodeHttpAddress: ubuntu:8042, Resource: <memory:1024, vCores:1>, Priority: 20, Token: null, ] queue=default: capacity=1.0, absoluteCapacity=1.0, usedResources=<memory:7168, vCores:6>, usedCapacity=0.875, absoluteUsedCapacity=0.875, numApps=1, numContainers=6 clusterResource=<memory:8192, vCores:8>
2026-08-26 18:34:09,787 INFO org.apache.hadoop.yarn.server.resourcemanager.scheduler.capacity.ParentQueue: Re-sorting assigned queue: root.default stats: default: capacity=1.0, absoluteCapacity=1.0, usedResources=<memory:8192, vCores:7>, usedCapacity=1.0, absoluteUsedCapacity=1.0, numApps=1, numContainers=7
2026-08-26 18:34:09,788 INFO org.apache.hadoop.yarn.server.resourcemanager.scheduler.capacity.ParentQueue: assignedContainer queue=root usedCapacity=1.0 absoluteUsedCapacity=1.0 used=<memory:8192, vCores:7> cluster=<memory:8192, vCores:8>
2026-08-26 18:34:10,724 INFO org.apache.hadoop.yarn.server.resourcemanager.security.NMTokenSecretManagerInRM: Sending NMToken for nodeId : ubuntu:33501 for container : container_1787789537682_0002_01_000002
2026-08-26 18:34:10,730 INFO org.apache.hadoop.yarn.server.resourcemanager.rmcontainer.RMContainerImpl: container_1787789537682_0002_01_000002 Container Transitioned from ALLOCATED to ACQUIRED
2026-08-26 18:34:10,740 INFO org.apache.hadoop.yarn.server.resourcemanager.rmcontainer.RMContainerImpl: container_1787789537682_0002_01_000003 Container Transitioned from ALLOCATED to ACQUIRED
2026-08-26 18:34:10,744 INFO org.apache.hadoop.yarn.server.resourcemanager.rmcontainer.RMContainerImpl: container_1787789537682_0002_01_000004 Container Transitioned from ALLOCATED to ACQUIRED
2026-08-26 18:34:10,745 INFO org.apache.hadoop.yarn.server.resourcemanager.rmcontainer.RMContainerImpl: container_1787789537682_0002_01_000005 Container Transitioned from ALLOCATED to ACQUIRED
2026-08-26 18:34:10,746 INFO org.apache.hadoop.yarn.server.resourcemanager.rmcontainer.RMContainerImpl: container_1787789537682_0002_01_000006 Container Transitioned from ALLOCATED to ACQUIRED
2026-08-26 18:34:10,748 INFO org.apache.hadoop.yarn.server.resourcemanager.rmcontainer.RMContainerImpl: container_1787789537682_0002_01_000007 Container Transitioned from ALLOCATED to ACQUIRED
2026-08-26 18:34:11,768 INFO org.apache.hadoop.yarn.server.resourcemanager.scheduler.AppSchedulingInfo: checking for deactivate... 
2026-08-26 18:34:11,853 INFO org.apache.hadoop.yarn.server.resourcemanager.rmcontainer.RMContainerImpl: container_1787789537682_0002_01_000002 Container Transitioned from ACQUIRED to RUNNING
2026-08-26 18:34:11,853 INFO org.apache.hadoop.yarn.server.resourcemanager.rmcontainer.RMContainerImpl: container_1787789537682_0002_01_000003 Container Transitioned from ACQUIRED to RUNNING
2026-08-26 18:34:11,853 INFO org.apache.hadoop.yarn.server.resourcemanager.rmcontainer.RMContainerImpl: container_1787789537682_0002_01_000004 Container Transitioned from ACQUIRED to RUNNING
2026-08-26 18:34:11,853 INFO org.apache.hadoop.yarn.server.resourcemanager.rmcontainer.RMContainerImpl: container_1787789537682_0002_01_000005 Container Transitioned from ACQUIRED to RUNNING
2026-08-26 18:34:11,853 INFO org.apache.hadoop.yarn.server.resourcemanager.rmcontainer.RMContainerImpl: container_1787789537682_0002_01_000006 Container Transitioned from ACQUIRED to RUNNING
2026-08-26 18:34:11,855 INFO org.apache.hadoop.yarn.server.resourcemanager.rmcontainer.RMContainerImpl: container_1787789537682_0002_01_000007 Container Transitioned from ACQUIRED to RUNNING
2026-08-26 18:34:21,656 INFO org.apache.hadoop.yarn.server.resourcemanager.rmcontainer.RMContainerImpl: container_1787789537682_0002_01_000007 Container Transitioned from RUNNING to COMPLETED
2026-08-26 18:34:21,656 INFO org.apache.hadoop.yarn.server.resourcemanager.scheduler.common.fica.FiCaSchedulerApp: Completed container: container_1787789537682_0002_01_000007 in state: COMPLETED event:FINISHED
2026-08-26 18:34:21,656 INFO org.apache.hadoop.yarn.server.resourcemanager.RMAuditLogger: USER=user	OPERATION=AM Released Container	TARGET=SchedulerApp	RESULT=SUCCESS	APPID=application_1787789537682_0002	CONTAINERID=container_1787789537682_0002_01_000007
2026-08-26 18:34:21,656 INFO org.apache.hadoop.yarn.server.resourcemanager.scheduler.SchedulerNode: Released container container_1787789537682_0002_01_000007 of capacity <memory:1024, vCores:1> on host ubuntu:33501, which currently has 6 containers, <memory:7168, vCores:6> used and <memory:1024, vCores:2> available, release resources=true
2026-08-26 18:34:21,656 INFO org.apache.hadoop.yarn.server.resourcemanager.scheduler.capacity.LeafQueue: default used=<memory:7168, vCores:6> numContainers=6 user=user user-resources=<memory:7168, vCores:6>
2026-08-26 18:34:21,657 INFO org.apache.hadoop.yarn.server.resourcemanager.scheduler.capacity.LeafQueue: completedContainer container=Container: [ContainerId: container_1787789537682_0002_01_000007, NodeId: ubuntu:33501, NodeHttpAddress: ubuntu:8042, Resource: <memory:1024, vCores:1>, Priority: 20, Token: Token { kind: ContainerToken, service: 127.0.1.1:33501 }, ] queue=default: capacity=1.0, absoluteCapacity=1.0, usedResources=<memory:7168, vCores:6>, usedCapacity=0.875, absoluteUsedCapacity=0.875, numApps=1, numContainers=6 cluster=<memory:8192, vCores:8>
2026-08-26 18:34:21,657 INFO org.apache.hadoop.yarn.server.resourcemanager.scheduler.capacity.ParentQueue: completedContainer queue=root usedCapacity=0.875 absoluteUsedCapacity=0.875 used=<memory:7168, vCores:6> cluster=<memory:8192, vCores:8>
2026-08-26 18:34:21,657 INFO org.apache.hadoop.yarn.server.resourcemanager.scheduler.capacity.ParentQueue: Re-sorting completed queue: root.default stats: default: capacity=1.0, absoluteCapacity=1.0, usedResources=<memory:7168, vCores:6>, usedCapacity=0.875, absoluteUsedCapacity=0.875, numApps=1, numContainers=6
2026-08-26 18:34:21,657 INFO org.apache.hadoop.yarn.server.resourcemanager.scheduler.capacity.CapacityScheduler: Application attempt appattempt_1787789537682_0002_000001 released container container_1787789537682_0002_01_000007 on node: host: ubuntu:33501 #containers=6 available=1024 used=7168 with event: FINISHED
2026-08-26 18:34:21,799 INFO org.apache.hadoop.yarn.server.resourcemanager.scheduler.AppSchedulingInfo: checking for deactivate... 
2026-08-26 18:34:22,658 INFO org.apache.hadoop.yarn.server.resourcemanager.rmcontainer.RMContainerImpl: container_1787789537682_0002_01_000003 Container Transitioned from RUNNING to COMPLETED
2026-08-26 18:34:22,658 INFO org.apache.hadoop.yarn.server.resourcemanager.scheduler.common.fica.FiCaSchedulerApp: Completed container: container_1787789537682_0002_01_000003 in state: COMPLETED event:FINISHED
2026-08-26 18:34:22,658 INFO org.apache.hadoop.yarn.server.resourcemanager.RMAuditLogger: USER=user	OPERATION=AM Released Container	TARGET=SchedulerApp	RESULT=SUCCESS	APPID=application_1787789537682_0002	CONTAINERID=container_1787789537682_0002_01_000003
2026-08-26 18:34:22,658 INFO org.apache.hadoop.yarn.server.resourcemanager.scheduler.SchedulerNode: Released container container_1787789537682_0002_01_000003 of capacity <memory:1024, vCores:1> on host ubuntu:33501, which currently has 5 containers, <memory:6144, vCores:5> used and <memory:2048, vCores:3> available, release resources=true
2026-08-26 18:34:22,658 INFO org.apache.hadoop.yarn.server.resourcemanager.scheduler.capacity.LeafQueue: default used=<memory:6144, vCores:5> numContainers=5 user=user user-resources=<memory:6144, vCores:5>
2026-08-26 18:34:22,659 INFO org.apache.hadoop.yarn.server.resourcemanager.scheduler.capacity.LeafQueue: completedContainer container=Container: [ContainerId: container_1787789537682_0002_01_000003, NodeId: ubuntu:33501, NodeHttpAddress: ubuntu:8042, Resource: <memory:1024, vCores:1>, Priority: 20, Token: Token { kind: ContainerToken, service: 127.0.1.1:33501 }, ] queue=default: capacity=1.0, absoluteCapacity=1.0, usedResources=<memory:6144, vCores:5>, usedCapacity=0.75, absoluteUsedCapacity=0.75, numApps=1, numContainers=5 cluster=<memory:8192, vCores:8>
2026-08-26 18:34:22,659 INFO org.apache.hadoop.yarn.server.resourcemanager.scheduler.capacity.ParentQueue: completedContainer queue=root usedCapacity=0.75 absoluteUsedCapacity=0.75 used=<memory:6144, vCores:5> cluster=<memory:8192, vCores:8>
2026-08-26 18:34:22,659 INFO org.apache.hadoop.yarn.server.resourcemanager.scheduler.capacity.ParentQueue: Re-sorting completed queue: root.default stats: default: capacity=1.0, absoluteCapacity=1.0, usedResources=<memory:6144, vCores:5>, usedCapacity=0.75, absoluteUsedCapacity=0.75, numApps=1, numContainers=5
2026-08-26 18:34:22,659 INFO org.apache.hadoop.yarn.server.resourcemanager.scheduler.capacity.CapacityScheduler: Application attempt appattempt_1787789537682_0002_000001 released container container_1787789537682_0002_01_000003 on node: host: ubuntu:33501 #containers=5 available=2048 used=6144 with event: FINISHED
2026-08-26 18:34:22,659 INFO org.apache.hadoop.yarn.server.resourcemanager.rmcontainer.RMContainerImpl: container_1787789537682_0002_01_000004 Container Transitioned from RUNNING to COMPLETED
2026-08-26 18:34:22,659 INFO org.apache.hadoop.yarn.server.resourcemanager.scheduler.common.fica.FiCaSchedulerApp: Completed container: container_1787789537682_0002_01_000004 in state: COMPLETED event:FINISHED
2026-08-26 18:34:22,659 INFO org.apache.hadoop.yarn.server.resourcemanager.RMAuditLogger: USER=user	OPERATION=AM Released Container	TARGET=SchedulerApp	RESULT=SUCCESS	APPID=application_1787789537682_0002	CONTAINERID=container_1787789537682_0002_01_000004
2026-08-26 18:34:22,660 INFO org.apache.hadoop.yarn.server.resourcemanager.scheduler.SchedulerNode: Released container container_1787789537682_0002_01_000004 of capacity <memory:1024, vCores:1> on host ubuntu:33501, which currently has 4 containers, <memory:5120, vCores:4> used and <memory:3072, vCores:4> available, release resources=true
2026-08-26 18:34:22,660 INFO org.apache.hadoop.yarn.server.resourcemanager.scheduler.capacity.LeafQueue: default used=<memory:5120, vCores:4> numContainers=4 user=user user-resources=<memory:5120, vCores:4>
2026-08-26 18:34:22,660 INFO org.apache.hadoop.yarn.server.resourcemanager.scheduler.capacity.LeafQueue: completedContainer container=Container: [ContainerId: container_1787789537682_0002_01_000004, NodeId: ubuntu:33501, NodeHttpAddress: ubuntu:8042, Resource: <memory:1024, vCores:1>, Priority: 20, Token: Token { kind: ContainerToken, service: 127.0.1.1:33501 }, ] queue=default: capacity=1.0, absoluteCapacity=1.0, usedResources=<memory:5120, vCores:4>, usedCapacity=0.625, absoluteUsedCapacity=0.625, numApps=1, numContainers=4 cluster=<memory:8192, vCores:8>
2026-08-26 18:34:22,660 INFO org.apache.hadoop.yarn.server.resourcemanager.scheduler.capacity.ParentQueue: completedContainer queue=root usedCapacity=0.625 absoluteUsedCapacity=0.625 used=<memory:5120, vCores:4> cluster=<memory:8192, vCores:8>
2026-08-26 18:34:22,660 INFO org.apache.hadoop.yarn.server.resourcemanager.scheduler.capacity.ParentQueue: Re-sorting completed queue: root.default stats: default: capacity=1.0, absoluteCapacity=1.0, usedResources=<memory:5120, vCores:4>, usedCapacity=0.625, absoluteUsedCapacity=0.625, numApps=1, numContainers=4
2026-08-26 18:34:22,660 INFO org.apache.hadoop.yarn.server.resourcemanager.scheduler.capacity.CapacityScheduler: Application attempt appattempt_1787789537682_0002_000001 released container container_1787789537682_0002_01_000004 on node: host: ubuntu:33501 #containers=4 available=3072 used=5120 with event: FINISHED
2026-08-26 18:34:22,660 INFO org.apache.hadoop.yarn.server.resourcemanager.rmcontainer.RMContainerImpl: container_1787789537682_0002_01_000005 Container Transitioned from RUNNING to COMPLETED
2026-08-26 18:34:22,660 INFO org.apache.hadoop.yarn.server.resourcemanager.scheduler.common.fica.FiCaSchedulerApp: Completed container: container_1787789537682_0002_01_000005 in state: COMPLETED event:FINISHED
2026-08-26 18:34:22,660 INFO org.apache.hadoop.yarn.server.resourcemanager.RMAuditLogger: USER=user	OPERATION=AM Released Container	TARGET=SchedulerApp	RESULT=SUCCESS	APPID=application_1787789537682_0002	CONTAINERID=container_1787789537682_0002_01_000005
2026-08-26 18:34:22,660 INFO org.apache.hadoop.yarn.server.resourcemanager.scheduler.SchedulerNode: Released container container_1787789537682_0002_01_000005 of capacity <memory:1024, vCores:1> on host ubuntu:33501, which currently has 3 containers, <memory:4096, vCores:3> used and <memory:4096, vCores:5> available, release resources=true
2026-08-26 18:34:22,660 INFO org.apache.hadoop.yarn.server.resourcemanager.scheduler.capacity.LeafQueue: default used=<memory:4096, vCores:3> numContainers=3 user=user user-resources=<memory:4096, vCores:3>
2026-08-26 18:34:22,661 INFO org.apache.hadoop.yarn.server.resourcemanager.scheduler.capacity.LeafQueue: completedContainer container=Container: [ContainerId: container_1787789537682_0002_01_000005, NodeId: ubuntu:33501, NodeHttpAddress: ubuntu:8042, Resource: <memory:1024, vCores:1>, Priority: 20, Token: Token { kind: ContainerToken, service: 127.0.1.1:33501 }, ] queue=default: capacity=1.0, absoluteCapacity=1.0, usedResources=<memory:4096, vCores:3>, usedCapacity=0.5, absoluteUsedCapacity=0.5, numApps=1, numContainers=3 cluster=<memory:8192, vCores:8>
2026-08-26 18:34:22,661 INFO org.apache.hadoop.yarn.server.resourcemanager.scheduler.capacity.ParentQueue: completedContainer queue=root usedCapacity=0.5 absoluteUsedCapacity=0.5 used=<memory:4096, vCores:3> cluster=<memory:8192, vCores:8>
2026-08-26 18:34:22,661 INFO org.apache.hadoop.yarn.server.resourcemanager.scheduler.capacity.ParentQueue: Re-sorting completed queue: root.default stats: default: capacity=1.0, absoluteCapacity=1.0, usedResources=<memory:4096, vCores:3>, usedCapacity=0.5, absoluteUsedCapacity=0.5, numApps=1, numContainers=3
2026-08-26 18:34:22,661 INFO org.apache.hadoop.yarn.server.resourcemanager.scheduler.capacity.CapacityScheduler: Application attempt appattempt_1787789537682_0002_000001 released container container_1787789537682_0002_01_000005 on node: host: ubuntu:33501 #containers=3 available=4096 used=4096 with event: FINISHED
2026-08-26 18:34:22,661 INFO org.apache.hadoop.yarn.server.resourcemanager.rmcontainer.RMContainerImpl: container_1787789537682_0002_01_000006 Container Transitioned from RUNNING to COMPLETED
2026-08-26 18:34:22,661 INFO org.apache.hadoop.yarn.server.resourcemanager.scheduler.common.fica.FiCaSchedulerApp: Completed container: container_1787789537682_0002_01_000006 in state: COMPLETED event:FINISHED
2026-08-26 18:34:22,661 INFO org.apache.hadoop.yarn.server.resourcemanager.RMAuditLogger: USER=user	OPERATION=AM Released Container	TARGET=SchedulerApp	RESULT=SUCCESS	APPID=application_1787789537682_0002	CONTAINERID=container_1787789537682_0002_01_000006
2026-08-26 18:34:22,661 INFO org.apache.hadoop.yarn.server.resourcemanager.scheduler.SchedulerNode: Released container container_1787789537682_0002_01_000006 of capacity <memory:1024, vCores:1> on host ubuntu:33501, which currently has 2 containers, <memory:3072, vCores:2> used and <memory:5120, vCores:6> available, release resources=true
2026-08-26 18:34:22,661 INFO org.apache.hadoop.yarn.server.resourcemanager.scheduler.capacity.LeafQueue: default used=<memory:3072, vCores:2> numContainers=2 user=user user-resources=<memory:3072, vCores:2>
2026-08-26 18:34:22,661 INFO org.apache.hadoop.yarn.server.resourcemanager.scheduler.capacity.LeafQueue: completedContainer container=Container: [ContainerId: container_1787789537682_0002_01_000006, NodeId: ubuntu:33501, NodeHttpAddress: ubuntu:8042, Resource: <memory:1024, vCores:1>, Priority: 20, Token: Token { kind: ContainerToken, service: 127.0.1.1:33501 }, ] queue=default: capacity=1.0, absoluteCapacity=1.0, usedResources=<memory:3072, vCores:2>, usedCapacity=0.375, absoluteUsedCapacity=0.375, numApps=1, numContainers=2 cluster=<memory:8192, vCores:8>
2026-08-26 18:34:22,661 INFO org.apache.hadoop.yarn.server.resourcemanager.scheduler.capacity.ParentQueue: completedContainer queue=root usedCapacity=0.375 absoluteUsedCapacity=0.375 used=<memory:3072, vCores:2> cluster=<memory:8192, vCores:8>
2026-08-26 18:34:22,661 INFO org.apache.hadoop.yarn.server.resourcemanager.scheduler.capacity.ParentQueue: Re-sorting completed queue: root.default stats: default: capacity=1.0, absoluteCapacity=1.0, usedResources=<memory:3072, vCores:2>, usedCapacity=0.375, absoluteUsedCapacity=0.375, numApps=1, numContainers=2
2026-08-26 18:34:22,661 INFO org.apache.hadoop.yarn.server.resourcemanager.scheduler.capacity.CapacityScheduler: Application attempt appattempt_1787789537682_0002_000001 released container container_1787789537682_0002_01_000006 on node: host: ubuntu:33501 #containers=2 available=5120 used=3072 with event: FINISHED
2026-08-26 18:34:23,663 INFO org.apache.hadoop.yarn.server.resourcemanager.rmcontainer.RMContainerImpl: container_1787789537682_0002_01_000008 Container Transitioned from NEW to ALLOCATED
2026-08-26 18:34:23,663 INFO org.apache.hadoop.yarn.server.resourcemanager.RMAuditLogger: USER=user	OPERATION=AM Allocated Container	TARGET=SchedulerApp	RESULT=SUCCESS	APPID=application_1787789537682_0002	CONTAINERID=container_1787789537682_0002_01_000008
2026-08-26 18:34:23,663 INFO org.apache.hadoop.yarn.server.resourcemanager.scheduler.SchedulerNode: Assigned container container_1787789537682_0002_01_000008 of capacity <memory:1024, vCores:1> on host ubuntu:33501, which has 3 containers, <memory:4096, vCores:3> used and <memory:4096, vCores:5> available after allocation
2026-08-26 18:34:23,663 INFO org.apache.hadoop.yarn.server.resourcemanager.scheduler.capacity.LeafQueue: assignedContainer application attempt=appattempt_1787789537682_0002_000001 container=Container: [ContainerId: container_1787789537682_0002_01_000008, NodeId: ubuntu:33501, NodeHttpAddress: ubuntu:8042, Resource: <memory:1024, vCores:1>, Priority: 10, Token: null, ] queue=default: capacity=1.0, absoluteCapacity=1.0, usedResources=<memory:3072, vCores:2>, usedCapacity=0.375, absoluteUsedCapacity=0.375, numApps=1, numContainers=2 clusterResource=<memory:8192, vCores:8>
2026-08-26 18:34:23,664 INFO org.apache.hadoop.yarn.server.resourcemanager.scheduler.capacity.ParentQueue: Re-sorting assigned queue: root.default stats: default: capacity=1.0, absoluteCapacity=1.0, usedResources=<memory:4096, vCores:3>, usedCapacity=0.5, absoluteUsedCapacity=0.5, numApps=1, numContainers=3
2026-08-26 18:34:23,664 INFO org.apache.hadoop.yarn.server.resourcemanager.scheduler.capacity.ParentQueue: assignedContainer queue=root usedCapacity=0.5 absoluteUsedCapacity=0.5 used=<memory:4096, vCores:3> cluster=<memory:8192, vCores:8>
2026-08-26 18:34:23,820 INFO org.apache.hadoop.yarn.server.resourcemanager.rmcontainer.RMContainerImpl: container_1787789537682_0002_01_000008 Container Transitioned from ALLOCATED to ACQUIRED
2026-08-26 18:34:24,665 INFO org.apache.hadoop.yarn.server.resourcemanager.rmcontainer.RMContainerImpl: container_1787789537682_0002_01_000008 Container Transitioned from ACQUIRED to RUNNING
2026-08-26 18:34:24,832 INFO org.apache.hadoop.yarn.server.resourcemanager.scheduler.AppSchedulingInfo: checking for deactivate... 
2026-08-26 18:34:29,402 INFO org.apache.hadoop.yarn.server.resourcemanager.rmcontainer.RMContainerImpl: container_1787789537682_0002_01_000002 Container Transitioned from RUNNING to COMPLETED
2026-08-26 18:34:29,403 INFO org.apache.hadoop.yarn.server.resourcemanager.scheduler.common.fica.FiCaSchedulerApp: Completed container: container_1787789537682_0002_01_000002 in state: COMPLETED event:FINISHED
2026-08-26 18:34:29,403 INFO org.apache.hadoop.yarn.server.resourcemanager.RMAuditLogger: USER=user	OPERATION=AM Released Container	TARGET=SchedulerApp	RESULT=SUCCESS	APPID=application_1787789537682_0002	CONTAINERID=container_1787789537682_0002_01_000002
2026-08-26 18:34:29,403 INFO org.apache.hadoop.yarn.server.resourcemanager.scheduler.SchedulerNode: Released container container_1787789537682_0002_01_000002 of capacity <memory:1024, vCores:1> on host ubuntu:33501, which currently has 2 containers, <memory:3072, vCores:2> used and <memory:5120, vCores:6> available, release resources=true
2026-08-26 18:34:29,403 INFO org.apache.hadoop.yarn.server.resourcemanager.scheduler.capacity.LeafQueue: default used=<memory:3072, vCores:2> numContainers=2 user=user user-resources=<memory:3072, vCores:2>
2026-08-26 18:34:29,403 INFO org.apache.hadoop.yarn.server.resourcemanager.scheduler.capacity.LeafQueue: completedContainer container=Container: [ContainerId: container_1787789537682_0002_01_000002, NodeId: ubuntu:33501, NodeHttpAddress: ubuntu:8042, Resource: <memory:1024, vCores:1>, Priority: 20, Token: Token { kind: ContainerToken, service: 127.0.1.1:33501 }, ] queue=default: capacity=1.0, absoluteCapacity=1.0, usedResources=<memory:3072, vCores:2>, usedCapacity=0.375, absoluteUsedCapacity=0.375, numApps=1, numContainers=2 cluster=<memory:8192, vCores:8>
2026-08-26 18:34:29,403 INFO org.apache.hadoop.yarn.server.resourcemanager.scheduler.capacity.ParentQueue: completedContainer queue=root usedCapacity=0.375 absoluteUsedCapacity=0.375 used=<memory:3072, vCores:2> cluster=<memory:8192, vCores:8>
2026-08-26 18:34:29,403 INFO org.apache.hadoop.yarn.server.resourcemanager.scheduler.capacity.ParentQueue: Re-sorting completed queue: root.default stats: default: capacity=1.0, absoluteCapacity=1.0, usedResources=<memory:3072, vCores:2>, usedCapacity=0.375, absoluteUsedCapacity=0.375, numApps=1, numContainers=2
2026-08-26 18:34:29,403 INFO org.apache.hadoop.yarn.server.resourcemanager.scheduler.capacity.CapacityScheduler: Application attempt appattempt_1787789537682_0002_000001 released container container_1787789537682_0002_01_000002 on node: host: ubuntu:33501 #containers=2 available=5120 used=3072 with event: FINISHED
2026-08-26 18:34:30,663 INFO org.apache.hadoop.yarn.server.resourcemanager.rmapp.attempt.RMAppAttemptImpl: Updating application attempt appattempt_1787789537682_0002_000001 with final state: FINISHING, and exit status: -1000
2026-08-26 18:34:30,664 INFO org.apache.hadoop.yarn.server.resourcemanager.rmapp.attempt.RMAppAttemptImpl: appattempt_1787789537682_0002_000001 State change from RUNNING to FINAL_SAVING
2026-08-26 18:34:30,664 INFO org.apache.hadoop.yarn.server.resourcemanager.rmapp.RMAppImpl: Updating application application_1787789537682_0002 with final state: FINISHING
2026-08-26 18:34:30,664 INFO org.apache.hadoop.yarn.server.resourcemanager.rmapp.RMAppImpl: application_1787789537682_0002 State change from RUNNING to FINAL_SAVING
2026-08-26 18:34:30,664 INFO org.apache.hadoop.yarn.server.resourcemanager.recovery.RMStateStore: Updating info for app: application_1787789537682_0002
2026-08-26 18:34:30,665 INFO org.apache.hadoop.yarn.server.resourcemanager.rmapp.attempt.RMAppAttemptImpl: appattempt_1787789537682_0002_000001 State change from FINAL_SAVING to FINISHING
2026-08-26 18:34:30,665 INFO org.apache.hadoop.yarn.server.resourcemanager.rmapp.RMAppImpl: application_1787789537682_0002 State change from FINAL_SAVING to FINISHING
2026-08-26 18:34:31,472 INFO org.apache.hadoop.yarn.server.resourcemanager.rmcontainer.RMContainerImpl: container_1787789537682_0002_01_000008 Container Transitioned from RUNNING to COMPLETED
2026-08-26 18:34:31,472 INFO org.apache.hadoop.yarn.server.resourcemanager.scheduler.common.fica.FiCaSchedulerApp: Completed container: container_1787789537682_0002_01_000008 in state: COMPLETED event:FINISHED
2026-08-26 18:34:31,473 INFO org.apache.hadoop.yarn.server.resourcemanager.RMAuditLogger: USER=user	OPERATION=AM Released Container	TARGET=SchedulerApp	RESULT=SUCCESS	APPID=application_1787789537682_0002	CONTAINERID=container_1787789537682_0002_01_000008
2026-08-26 18:34:31,473 INFO org.apache.hadoop.yarn.server.resourcemanager.scheduler.SchedulerNode: Released container container_1787789537682_0002_01_000008 of capacity <memory:1024, vCores:1> on host ubuntu:33501, which currently has 1 containers, <memory:2048, vCores:1> used and <memory:6144, vCores:7> available, release resources=true
2026-08-26 18:34:31,473 INFO org.apache.hadoop.yarn.server.resourcemanager.scheduler.capacity.LeafQueue: default used=<memory:2048, vCores:1> numContainers=1 user=user user-resources=<memory:2048, vCores:1>
2026-08-26 18:34:31,476 INFO org.apache.hadoop.yarn.server.resourcemanager.scheduler.capacity.LeafQueue: completedContainer container=Container: [ContainerId: container_1787789537682_0002_01_000008, NodeId: ubuntu:33501, NodeHttpAddress: ubuntu:8042, Resource: <memory:1024, vCores:1>, Priority: 10, Token: Token { kind: ContainerToken, service: 127.0.1.1:33501 }, ] queue=default: capacity=1.0, absoluteCapacity=1.0, usedResources=<memory:2048, vCores:1>, usedCapacity=0.25, absoluteUsedCapacity=0.25, numApps=1, numContainers=1 cluster=<memory:8192, vCores:8>
2026-08-26 18:34:31,477 INFO org.apache.hadoop.yarn.server.resourcemanager.scheduler.capacity.ParentQueue: completedContainer queue=root usedCapacity=0.25 absoluteUsedCapacity=0.25 used=<memory:2048, vCores:1> cluster=<memory:8192, vCores:8>
2026-08-26 18:34:31,478 INFO org.apache.hadoop.yarn.server.resourcemanager.scheduler.capacity.ParentQueue: Re-sorting completed queue: root.default stats: default: capacity=1.0, absoluteCapacity=1.0, usedResources=<memory:2048, vCores:1>, usedCapacity=0.25, absoluteUsedCapacity=0.25, numApps=1, numContainers=1
2026-08-26 18:34:31,479 INFO org.apache.hadoop.yarn.server.resourcemanager.scheduler.capacity.CapacityScheduler: Application attempt appattempt_1787789537682_0002_000001 released container container_1787789537682_0002_01_000008 on node: host: ubuntu:33501 #containers=1 available=6144 used=2048 with event: FINISHED
2026-08-26 18:34:37,490 INFO org.apache.hadoop.yarn.server.resourcemanager.rmcontainer.RMContainerImpl: container_1787789537682_0002_01_000001 Container Transitioned from RUNNING to COMPLETED
2026-08-26 18:34:37,490 INFO org.apache.hadoop.yarn.server.resourcemanager.scheduler.common.fica.FiCaSchedulerApp: Completed container: container_1787789537682_0002_01_000001 in state: COMPLETED event:FINISHED
2026-08-26 18:34:37,490 INFO org.apache.hadoop.yarn.server.resourcemanager.RMAuditLogger: USER=user	OPERATION=AM Released Container	TARGET=SchedulerApp	RESULT=SUCCESS	APPID=application_1787789537682_0002	CONTAINERID=container_1787789537682_0002_01_000001
2026-08-26 18:34:37,490 INFO org.apache.hadoop.yarn.server.resourcemanager.scheduler.SchedulerNode: Released container container_1787789537682_0002_01_000001 of capacity <memory:2048, vCores:1> on host ubuntu:33501, which currently has 0 containers, <memory:0, vCores:0> used and <memory:8192, vCores:8> available, release resources=true
2026-08-26 18:34:37,490 INFO org.apache.hadoop.yarn.server.resourcemanager.scheduler.capacity.LeafQueue: default used=<memory:0, vCores:0> numContainers=0 user=user user-resources=<memory:0, vCores:0>
2026-08-26 18:34:37,490 INFO org.apache.hadoop.yarn.server.resourcemanager.scheduler.capacity.LeafQueue: completedContainer container=Container: [ContainerId: container_1787789537682_0002_01_000001, NodeId: ubuntu:33501, NodeHttpAddress: ubuntu:8042, Resource: <memory:2048, vCores:1>, Priority: 0, Token: Token { kind: ContainerToken, service: 127.0.1.1:33501 }, ] queue=default: capacity=1.0, absoluteCapacity=1.0, usedResources=<memory:0, vCores:0>, usedCapacity=0.0, absoluteUsedCapacity=0.0, numApps=1, numContainers=0 cluster=<memory:8192, vCores:8>
2026-08-26 18:34:37,490 INFO org.apache.hadoop.yarn.server.resourcemanager.scheduler.capacity.ParentQueue: completedContainer queue=root usedCapacity=0.0 absoluteUsedCapacity=0.0 used=<memory:0, vCores:0> cluster=<memory:8192, vCores:8>
2026-08-26 18:34:37,490 INFO org.apache.hadoop.yarn.server.resourcemanager.scheduler.capacity.ParentQueue: Re-sorting completed queue: root.default stats: default: capacity=1.0, absoluteCapacity=1.0, usedResources=<memory:0, vCores:0>, usedCapacity=0.0, absoluteUsedCapacity=0.0, numApps=1, numContainers=0
2026-08-26 18:34:37,491 INFO org.apache.hadoop.yarn.server.resourcemanager.scheduler.capacity.CapacityScheduler: Application attempt appattempt_1787789537682_0002_000001 released container container_1787789537682_0002_01_000001 on node: host: ubuntu:33501 #containers=0 available=8192 used=0 with event: FINISHED
2026-08-26 18:34:37,491 INFO org.apache.hadoop.yarn.server.resourcemanager.ApplicationMasterService: Unregistering app attempt : appattempt_1787789537682_0002_000001
2026-08-26 18:34:37,492 INFO org.apache.hadoop.yarn.server.resourcemanager.rmapp.attempt.RMAppAttemptImpl: appattempt_1787789537682_0002_000001 State change from FINISHING to FINISHED
2026-08-26 18:34:37,492 INFO org.apache.hadoop.yarn.server.resourcemanager.rmapp.RMAppImpl: application_1787789537682_0002 State change from FINISHING to FINISHED
2026-08-26 18:34:37,493 INFO org.apache.hadoop.yarn.server.resourcemanager.RMAuditLogger: USER=user	OPERATION=Application Finished - Succeeded	TARGET=RMAppManager	RESULT=SUCCESS	APPID=application_1787789537682_0002
2026-08-26 18:34:37,493 INFO org.apache.hadoop.yarn.server.resourcemanager.RMAppManager$ApplicationSummary: appId=application_1787789537682_0002,name=Seoul Vacant Space Job1,user=user,queue=default,state=FINISHED,trackingUrl=http://ubuntu:8088/proxy/application_1787789537682_0002/jobhistory/job/job_1787789537682_0002,appMasterHost=ubuntu,startTime=1787794444983,finishTime=1787794470664,finalStatus=SUCCEEDED
2026-08-26 18:34:37,494 INFO org.apache.hadoop.yarn.server.resourcemanager.scheduler.capacity.CapacityScheduler: Application Attempt appattempt_1787789537682_0002_000001 is done. finalState=FINISHED
2026-08-26 18:34:37,494 INFO org.apache.hadoop.yarn.server.resourcemanager.scheduler.AppSchedulingInfo: Application application_1787789537682_0002 requests cleared
2026-08-26 18:34:37,494 INFO org.apache.hadoop.yarn.server.resourcemanager.scheduler.capacity.LeafQueue: Application removed - appId: application_1787789537682_0002 user: user queue: default #user-pending-applications: 0 #user-active-applications: 0 #queue-pending-applications: 0 #queue-active-applications: 0
2026-08-26 18:34:37,494 INFO org.apache.hadoop.yarn.server.resourcemanager.scheduler.capacity.ParentQueue: Application removed - appId: application_1787789537682_0002 user: user leaf-queue of parent: root #applications: 0
2026-08-26 18:34:37,495 INFO org.apache.hadoop.yarn.server.resourcemanager.amlauncher.AMLauncher: Cleaning master appattempt_1787789537682_0002_000001
2026-08-26 18:51:30,563 INFO org.apache.hadoop.yarn.server.resourcemanager.ClientRMService: Allocated new applicationId: 3
2026-08-26 18:51:31,217 INFO org.apache.hadoop.yarn.server.resourcemanager.ClientRMService: Application with id 3 submitted by user user
2026-08-26 18:51:31,217 INFO org.apache.hadoop.yarn.server.resourcemanager.RMAuditLogger: USER=user	IP=127.0.0.1	OPERATION=Submit Application Request	TARGET=ClientRMService	RESULT=SUCCESS	APPID=application_1787789537682_0003
2026-08-26 18:51:31,217 INFO org.apache.hadoop.yarn.server.resourcemanager.rmapp.RMAppImpl: Storing application with id application_1787789537682_0003
2026-08-26 18:51:31,217 INFO org.apache.hadoop.yarn.server.resourcemanager.rmapp.RMAppImpl: application_1787789537682_0003 State change from NEW to NEW_SAVING
2026-08-26 18:51:31,217 INFO org.apache.hadoop.yarn.server.resourcemanager.recovery.RMStateStore: Storing info for app: application_1787789537682_0003
2026-08-26 18:51:31,218 INFO org.apache.hadoop.yarn.server.resourcemanager.rmapp.RMAppImpl: application_1787789537682_0003 State change from NEW_SAVING to SUBMITTED
2026-08-26 18:51:31,218 INFO org.apache.hadoop.yarn.server.resourcemanager.scheduler.capacity.ParentQueue: Application added - appId: application_1787789537682_0003 user: user leaf-queue of parent: root #applications: 1
2026-08-26 18:51:31,218 INFO org.apache.hadoop.yarn.server.resourcemanager.scheduler.capacity.CapacityScheduler: Accepted application application_1787789537682_0003 from user: user, in queue: default
2026-08-26 18:51:31,219 INFO org.apache.hadoop.yarn.server.resourcemanager.rmapp.RMAppImpl: application_1787789537682_0003 State change from SUBMITTED to ACCEPTED
2026-08-26 18:51:31,219 INFO org.apache.hadoop.yarn.server.resourcemanager.ApplicationMasterService: Registering app attempt : appattempt_1787789537682_0003_000001
2026-08-26 18:51:31,220 INFO org.apache.hadoop.yarn.server.resourcemanager.rmapp.attempt.RMAppAttemptImpl: appattempt_1787789537682_0003_000001 State change from NEW to SUBMITTED
2026-08-26 18:51:31,220 INFO org.apache.hadoop.yarn.server.resourcemanager.scheduler.capacity.LeafQueue: Application application_1787789537682_0003 from user: user activated in queue: default
2026-08-26 18:51:31,220 INFO org.apache.hadoop.yarn.server.resourcemanager.scheduler.capacity.LeafQueue: Application added - appId: application_1787789537682_0003 user: org.apache.hadoop.yarn.server.resourcemanager.scheduler.capacity.LeafQueue$User@570c8876, leaf-queue: default #user-pending-applications: 0 #user-active-applications: 1 #queue-pending-applications: 0 #queue-active-applications: 1
2026-08-26 18:51:31,220 INFO org.apache.hadoop.yarn.server.resourcemanager.scheduler.capacity.CapacityScheduler: Added Application Attempt appattempt_1787789537682_0003_000001 to scheduler from user user in queue default
2026-08-26 18:51:31,220 INFO org.apache.hadoop.yarn.server.resourcemanager.rmapp.attempt.RMAppAttemptImpl: appattempt_1787789537682_0003_000001 State change from SUBMITTED to SCHEDULED
2026-08-26 18:51:31,618 INFO org.apache.hadoop.yarn.server.resourcemanager.rmcontainer.RMContainerImpl: container_1787789537682_0003_01_000001 Container Transitioned from NEW to ALLOCATED
2026-08-26 18:51:31,618 INFO org.apache.hadoop.yarn.server.resourcemanager.RMAuditLogger: USER=user	OPERATION=AM Allocated Container	TARGET=SchedulerApp	RESULT=SUCCESS	APPID=application_1787789537682_0003	CONTAINERID=container_1787789537682_0003_01_000001
2026-08-26 18:51:31,618 INFO org.apache.hadoop.yarn.server.resourcemanager.scheduler.SchedulerNode: Assigned container container_1787789537682_0003_01_000001 of capacity <memory:2048, vCores:1> on host ubuntu:33501, which has 1 containers, <memory:2048, vCores:1> used and <memory:6144, vCores:7> available after allocation
2026-08-26 18:51:31,618 INFO org.apache.hadoop.yarn.server.resourcemanager.scheduler.capacity.LeafQueue: assignedContainer application attempt=appattempt_1787789537682_0003_000001 container=Container: [ContainerId: container_1787789537682_0003_01_000001, NodeId: ubuntu:33501, NodeHttpAddress: ubuntu:8042, Resource: <memory:2048, vCores:1>, Priority: 0, Token: null, ] queue=default: capacity=1.0, absoluteCapacity=1.0, usedResources=<memory:0, vCores:0>, usedCapacity=0.0, absoluteUsedCapacity=0.0, numApps=1, numContainers=0 clusterResource=<memory:8192, vCores:8>
2026-08-26 18:51:31,619 INFO org.apache.hadoop.yarn.server.resourcemanager.security.NMTokenSecretManagerInRM: Sending NMToken for nodeId : ubuntu:33501 for container : container_1787789537682_0003_01_000001
2026-08-26 18:51:31,620 INFO org.apache.hadoop.yarn.server.resourcemanager.rmcontainer.RMContainerImpl: container_1787789537682_0003_01_000001 Container Transitioned from ALLOCATED to ACQUIRED
2026-08-26 18:51:31,620 INFO org.apache.hadoop.yarn.server.resourcemanager.security.NMTokenSecretManagerInRM: Clear node set for appattempt_1787789537682_0003_000001
2026-08-26 18:51:31,620 INFO org.apache.hadoop.yarn.server.resourcemanager.rmapp.attempt.RMAppAttemptImpl: Storing attempt: AppId: application_1787789537682_0003 AttemptId: appattempt_1787789537682_0003_000001 MasterContainer: Container: [ContainerId: container_1787789537682_0003_01_000001, NodeId: ubuntu:33501, NodeHttpAddress: ubuntu:8042, Resource: <memory:2048, vCores:1>, Priority: 0, Token: Token { kind: ContainerToken, service: 127.0.1.1:33501 }, ]
2026-08-26 18:51:31,620 INFO org.apache.hadoop.yarn.server.resourcemanager.rmapp.attempt.RMAppAttemptImpl: appattempt_1787789537682_0003_000001 State change from SCHEDULED to ALLOCATED_SAVING
2026-08-26 18:51:31,620 INFO org.apache.hadoop.yarn.server.resourcemanager.scheduler.capacity.ParentQueue: Re-sorting assigned queue: root.default stats: default: capacity=1.0, absoluteCapacity=1.0, usedResources=<memory:2048, vCores:1>, usedCapacity=0.25, absoluteUsedCapacity=0.25, numApps=1, numContainers=1
2026-08-26 18:51:31,624 INFO org.apache.hadoop.yarn.server.resourcemanager.scheduler.capacity.ParentQueue: assignedContainer queue=root usedCapacity=0.25 absoluteUsedCapacity=0.25 used=<memory:2048, vCores:1> cluster=<memory:8192, vCores:8>
2026-08-26 18:51:31,621 INFO org.apache.hadoop.yarn.server.resourcemanager.rmapp.attempt.RMAppAttemptImpl: appattempt_1787789537682_0003_000001 State change from ALLOCATED_SAVING to ALLOCATED
2026-08-26 18:51:31,624 INFO org.apache.hadoop.yarn.server.resourcemanager.amlauncher.AMLauncher: Launching masterappattempt_1787789537682_0003_000001
2026-08-26 18:51:31,626 INFO org.apache.hadoop.yarn.server.resourcemanager.amlauncher.AMLauncher: Setting up container Container: [ContainerId: container_1787789537682_0003_01_000001, NodeId: ubuntu:33501, NodeHttpAddress: ubuntu:8042, Resource: <memory:2048, vCores:1>, Priority: 0, Token: Token { kind: ContainerToken, service: 127.0.1.1:33501 }, ] for AM appattempt_1787789537682_0003_000001
2026-08-26 18:51:31,626 INFO org.apache.hadoop.yarn.server.resourcemanager.amlauncher.AMLauncher: Command to launch container container_1787789537682_0003_01_000001 : $JAVA_HOME/bin/java -Dlog4j.configuration=container-log4j.properties -Dyarn.app.container.log.dir=<LOG_DIR> -Dyarn.app.container.log.filesize=0 -Dhadoop.root.logger=INFO,CLA  -Xmx1024m org.apache.hadoop.mapreduce.v2.app.MRAppMaster 1><LOG_DIR>/stdout 2><LOG_DIR>/stderr 
2026-08-26 18:51:31,659 INFO org.apache.hadoop.yarn.server.resourcemanager.amlauncher.AMLauncher: Done launching container Container: [ContainerId: container_1787789537682_0003_01_000001, NodeId: ubuntu:33501, NodeHttpAddress: ubuntu:8042, Resource: <memory:2048, vCores:1>, Priority: 0, Token: Token { kind: ContainerToken, service: 127.0.1.1:33501 }, ] for AM appattempt_1787789537682_0003_000001
2026-08-26 18:51:31,659 INFO org.apache.hadoop.yarn.server.resourcemanager.rmapp.attempt.RMAppAttemptImpl: appattempt_1787789537682_0003_000001 State change from ALLOCATED to LAUNCHED
2026-08-26 18:51:32,620 INFO org.apache.hadoop.yarn.server.resourcemanager.rmcontainer.RMContainerImpl: container_1787789537682_0003_01_000001 Container Transitioned from ACQUIRED to RUNNING
2026-08-26 18:51:34,274 INFO SecurityLogger.org.apache.hadoop.ipc.Server: Auth successful for appattempt_1787789537682_0003_000001 (auth:SIMPLE)
2026-08-26 18:51:34,280 INFO org.apache.hadoop.yarn.server.resourcemanager.ApplicationMasterService: AM registration appattempt_1787789537682_0003_000001
2026-08-26 18:51:34,280 INFO org.apache.hadoop.yarn.server.resourcemanager.RMAuditLogger: USER=user	IP=127.0.0.1	OPERATION=Register App Master	TARGET=ApplicationMasterService	RESULT=SUCCESS	APPID=application_1787789537682_0003	APPATTEMPTID=appattempt_1787789537682_0003_000001
2026-08-26 18:51:34,280 INFO org.apache.hadoop.yarn.server.resourcemanager.rmapp.attempt.RMAppAttemptImpl: appattempt_1787789537682_0003_000001 State change from LAUNCHED to RUNNING
2026-08-26 18:51:34,281 INFO org.apache.hadoop.yarn.server.resourcemanager.rmapp.RMAppImpl: application_1787789537682_0003 State change from ACCEPTED to RUNNING
2026-08-26 18:51:35,629 INFO org.apache.hadoop.yarn.server.resourcemanager.rmcontainer.RMContainerImpl: container_1787789537682_0003_01_000002 Container Transitioned from NEW to ALLOCATED
2026-08-26 18:51:35,629 INFO org.apache.hadoop.yarn.server.resourcemanager.RMAuditLogger: USER=user	OPERATION=AM Allocated Container	TARGET=SchedulerApp	RESULT=SUCCESS	APPID=application_1787789537682_0003	CONTAINERID=container_1787789537682_0003_01_000002
2026-08-26 18:51:35,629 INFO org.apache.hadoop.yarn.server.resourcemanager.scheduler.SchedulerNode: Assigned container container_1787789537682_0003_01_000002 of capacity <memory:1024, vCores:1> on host ubuntu:33501, which has 2 containers, <memory:3072, vCores:2> used and <memory:5120, vCores:6> available after allocation
2026-08-26 18:51:35,630 INFO org.apache.hadoop.yarn.server.resourcemanager.scheduler.capacity.LeafQueue: assignedContainer application attempt=appattempt_1787789537682_0003_000001 container=Container: [ContainerId: container_1787789537682_0003_01_000002, NodeId: ubuntu:33501, NodeHttpAddress: ubuntu:8042, Resource: <memory:1024, vCores:1>, Priority: 20, Token: null, ] queue=default: capacity=1.0, absoluteCapacity=1.0, usedResources=<memory:2048, vCores:1>, usedCapacity=0.25, absoluteUsedCapacity=0.25, numApps=1, numContainers=1 clusterResource=<memory:8192, vCores:8>
2026-08-26 18:51:35,630 INFO org.apache.hadoop.yarn.server.resourcemanager.scheduler.capacity.ParentQueue: Re-sorting assigned queue: root.default stats: default: capacity=1.0, absoluteCapacity=1.0, usedResources=<memory:3072, vCores:2>, usedCapacity=0.375, absoluteUsedCapacity=0.375, numApps=1, numContainers=2
2026-08-26 18:51:35,631 INFO org.apache.hadoop.yarn.server.resourcemanager.scheduler.capacity.ParentQueue: assignedContainer queue=root usedCapacity=0.375 absoluteUsedCapacity=0.375 used=<memory:3072, vCores:2> cluster=<memory:8192, vCores:8>
2026-08-26 18:51:35,631 INFO org.apache.hadoop.yarn.server.resourcemanager.rmcontainer.RMContainerImpl: container_1787789537682_0003_01_000003 Container Transitioned from NEW to ALLOCATED
2026-08-26 18:51:35,631 INFO org.apache.hadoop.yarn.server.resourcemanager.RMAuditLogger: USER=user	OPERATION=AM Allocated Container	TARGET=SchedulerApp	RESULT=SUCCESS	APPID=application_1787789537682_0003	CONTAINERID=container_1787789537682_0003_01_000003
2026-08-26 18:51:35,631 INFO org.apache.hadoop.yarn.server.resourcemanager.scheduler.SchedulerNode: Assigned container container_1787789537682_0003_01_000003 of capacity <memory:1024, vCores:1> on host ubuntu:33501, which has 3 containers, <memory:4096, vCores:3> used and <memory:4096, vCores:5> available after allocation
2026-08-26 18:51:35,631 INFO org.apache.hadoop.yarn.server.resourcemanager.scheduler.capacity.LeafQueue: assignedContainer application attempt=appattempt_1787789537682_0003_000001 container=Container: [ContainerId: container_1787789537682_0003_01_000003, NodeId: ubuntu:33501, NodeHttpAddress: ubuntu:8042, Resource: <memory:1024, vCores:1>, Priority: 20, Token: null, ] queue=default: capacity=1.0, absoluteCapacity=1.0, usedResources=<memory:3072, vCores:2>, usedCapacity=0.375, absoluteUsedCapacity=0.375, numApps=1, numContainers=2 clusterResource=<memory:8192, vCores:8>
2026-08-26 18:51:35,632 INFO org.apache.hadoop.yarn.server.resourcemanager.scheduler.capacity.ParentQueue: Re-sorting assigned queue: root.default stats: default: capacity=1.0, absoluteCapacity=1.0, usedResources=<memory:4096, vCores:3>, usedCapacity=0.5, absoluteUsedCapacity=0.5, numApps=1, numContainers=3
2026-08-26 18:51:35,632 INFO org.apache.hadoop.yarn.server.resourcemanager.scheduler.capacity.ParentQueue: assignedContainer queue=root usedCapacity=0.5 absoluteUsedCapacity=0.5 used=<memory:4096, vCores:3> cluster=<memory:8192, vCores:8>
2026-08-26 18:51:35,632 INFO org.apache.hadoop.yarn.server.resourcemanager.rmcontainer.RMContainerImpl: container_1787789537682_0003_01_000004 Container Transitioned from NEW to ALLOCATED
2026-08-26 18:51:35,632 INFO org.apache.hadoop.yarn.server.resourcemanager.RMAuditLogger: USER=user	OPERATION=AM Allocated Container	TARGET=SchedulerApp	RESULT=SUCCESS	APPID=application_1787789537682_0003	CONTAINERID=container_1787789537682_0003_01_000004
2026-08-26 18:51:35,632 INFO org.apache.hadoop.yarn.server.resourcemanager.scheduler.SchedulerNode: Assigned container container_1787789537682_0003_01_000004 of capacity <memory:1024, vCores:1> on host ubuntu:33501, which has 4 containers, <memory:5120, vCores:4> used and <memory:3072, vCores:4> available after allocation
2026-08-26 18:51:35,632 INFO org.apache.hadoop.yarn.server.resourcemanager.scheduler.capacity.LeafQueue: assignedContainer application attempt=appattempt_1787789537682_0003_000001 container=Container: [ContainerId: container_1787789537682_0003_01_000004, NodeId: ubuntu:33501, NodeHttpAddress: ubuntu:8042, Resource: <memory:1024, vCores:1>, Priority: 20, Token: null, ] queue=default: capacity=1.0, absoluteCapacity=1.0, usedResources=<memory:4096, vCores:3>, usedCapacity=0.5, absoluteUsedCapacity=0.5, numApps=1, numContainers=3 clusterResource=<memory:8192, vCores:8>
2026-08-26 18:51:35,632 INFO org.apache.hadoop.yarn.server.resourcemanager.scheduler.capacity.ParentQueue: Re-sorting assigned queue: root.default stats: default: capacity=1.0, absoluteCapacity=1.0, usedResources=<memory:5120, vCores:4>, usedCapacity=0.625, absoluteUsedCapacity=0.625, numApps=1, numContainers=4
2026-08-26 18:51:35,632 INFO org.apache.hadoop.yarn.server.resourcemanager.scheduler.capacity.ParentQueue: assignedContainer queue=root usedCapacity=0.625 absoluteUsedCapacity=0.625 used=<memory:5120, vCores:4> cluster=<memory:8192, vCores:8>
2026-08-26 18:51:35,632 INFO org.apache.hadoop.yarn.server.resourcemanager.rmcontainer.RMContainerImpl: container_1787789537682_0003_01_000005 Container Transitioned from NEW to ALLOCATED
2026-08-26 18:51:35,632 INFO org.apache.hadoop.yarn.server.resourcemanager.RMAuditLogger: USER=user	OPERATION=AM Allocated Container	TARGET=SchedulerApp	RESULT=SUCCESS	APPID=application_1787789537682_0003	CONTAINERID=container_1787789537682_0003_01_000005
2026-08-26 18:51:35,632 INFO org.apache.hadoop.yarn.server.resourcemanager.scheduler.SchedulerNode: Assigned container container_1787789537682_0003_01_000005 of capacity <memory:1024, vCores:1> on host ubuntu:33501, which has 5 containers, <memory:6144, vCores:5> used and <memory:2048, vCores:3> available after allocation
2026-08-26 18:51:35,632 INFO org.apache.hadoop.yarn.server.resourcemanager.scheduler.capacity.LeafQueue: assignedContainer application attempt=appattempt_1787789537682_0003_000001 container=Container: [ContainerId: container_1787789537682_0003_01_000005, NodeId: ubuntu:33501, NodeHttpAddress: ubuntu:8042, Resource: <memory:1024, vCores:1>, Priority: 20, Token: null, ] queue=default: capacity=1.0, absoluteCapacity=1.0, usedResources=<memory:5120, vCores:4>, usedCapacity=0.625, absoluteUsedCapacity=0.625, numApps=1, numContainers=4 clusterResource=<memory:8192, vCores:8>
2026-08-26 18:51:35,633 INFO org.apache.hadoop.yarn.server.resourcemanager.scheduler.capacity.ParentQueue: Re-sorting assigned queue: root.default stats: default: capacity=1.0, absoluteCapacity=1.0, usedResources=<memory:6144, vCores:5>, usedCapacity=0.75, absoluteUsedCapacity=0.75, numApps=1, numContainers=5
2026-08-26 18:51:35,633 INFO org.apache.hadoop.yarn.server.resourcemanager.scheduler.capacity.ParentQueue: assignedContainer queue=root usedCapacity=0.75 absoluteUsedCapacity=0.75 used=<memory:6144, vCores:5> cluster=<memory:8192, vCores:8>
2026-08-26 18:51:35,633 INFO org.apache.hadoop.yarn.server.resourcemanager.rmcontainer.RMContainerImpl: container_1787789537682_0003_01_000006 Container Transitioned from NEW to ALLOCATED
2026-08-26 18:51:35,633 INFO org.apache.hadoop.yarn.server.resourcemanager.RMAuditLogger: USER=user	OPERATION=AM Allocated Container	TARGET=SchedulerApp	RESULT=SUCCESS	APPID=application_1787789537682_0003	CONTAINERID=container_1787789537682_0003_01_000006
2026-08-26 18:51:35,633 INFO org.apache.hadoop.yarn.server.resourcemanager.scheduler.SchedulerNode: Assigned container container_1787789537682_0003_01_000006 of capacity <memory:1024, vCores:1> on host ubuntu:33501, which has 6 containers, <memory:7168, vCores:6> used and <memory:1024, vCores:2> available after allocation
2026-08-26 18:51:35,633 INFO org.apache.hadoop.yarn.server.resourcemanager.scheduler.capacity.LeafQueue: assignedContainer application attempt=appattempt_1787789537682_0003_000001 container=Container: [ContainerId: container_1787789537682_0003_01_000006, NodeId: ubuntu:33501, NodeHttpAddress: ubuntu:8042, Resource: <memory:1024, vCores:1>, Priority: 20, Token: null, ] queue=default: capacity=1.0, absoluteCapacity=1.0, usedResources=<memory:6144, vCores:5>, usedCapacity=0.75, absoluteUsedCapacity=0.75, numApps=1, numContainers=5 clusterResource=<memory:8192, vCores:8>
2026-08-26 18:51:35,633 INFO org.apache.hadoop.yarn.server.resourcemanager.scheduler.capacity.ParentQueue: Re-sorting assigned queue: root.default stats: default: capacity=1.0, absoluteCapacity=1.0, usedResources=<memory:7168, vCores:6>, usedCapacity=0.875, absoluteUsedCapacity=0.875, numApps=1, numContainers=6
2026-08-26 18:51:35,633 INFO org.apache.hadoop.yarn.server.resourcemanager.scheduler.capacity.ParentQueue: assignedContainer queue=root usedCapacity=0.875 absoluteUsedCapacity=0.875 used=<memory:7168, vCores:6> cluster=<memory:8192, vCores:8>
2026-08-26 18:51:35,633 INFO org.apache.hadoop.yarn.server.resourcemanager.rmcontainer.RMContainerImpl: container_1787789537682_0003_01_000007 Container Transitioned from NEW to ALLOCATED
2026-08-26 18:51:35,633 INFO org.apache.hadoop.yarn.server.resourcemanager.RMAuditLogger: USER=user	OPERATION=AM Allocated Container	TARGET=SchedulerApp	RESULT=SUCCESS	APPID=application_1787789537682_0003	CONTAINERID=container_1787789537682_0003_01_000007
2026-08-26 18:51:35,633 INFO org.apache.hadoop.yarn.server.resourcemanager.scheduler.SchedulerNode: Assigned container container_1787789537682_0003_01_000007 of capacity <memory:1024, vCores:1> on host ubuntu:33501, which has 7 containers, <memory:8192, vCores:7> used and <memory:0, vCores:1> available after allocation
2026-08-26 18:51:35,633 INFO org.apache.hadoop.yarn.server.resourcemanager.scheduler.capacity.LeafQueue: assignedContainer application attempt=appattempt_1787789537682_0003_000001 container=Container: [ContainerId: container_1787789537682_0003_01_000007, NodeId: ubuntu:33501, NodeHttpAddress: ubuntu:8042, Resource: <memory:1024, vCores:1>, Priority: 20, Token: null, ] queue=default: capacity=1.0, absoluteCapacity=1.0, usedResources=<memory:7168, vCores:6>, usedCapacity=0.875, absoluteUsedCapacity=0.875, numApps=1, numContainers=6 clusterResource=<memory:8192, vCores:8>
2026-08-26 18:51:35,633 INFO org.apache.hadoop.yarn.server.resourcemanager.scheduler.capacity.ParentQueue: Re-sorting assigned queue: root.default stats: default: capacity=1.0, absoluteCapacity=1.0, usedResources=<memory:8192, vCores:7>, usedCapacity=1.0, absoluteUsedCapacity=1.0, numApps=1, numContainers=7
2026-08-26 18:51:35,633 INFO org.apache.hadoop.yarn.server.resourcemanager.scheduler.capacity.ParentQueue: assignedContainer queue=root usedCapacity=1.0 absoluteUsedCapacity=1.0 used=<memory:8192, vCores:7> cluster=<memory:8192, vCores:8>
2026-08-26 18:51:36,374 INFO org.apache.hadoop.yarn.server.resourcemanager.security.NMTokenSecretManagerInRM: Sending NMToken for nodeId : ubuntu:33501 for container : container_1787789537682_0003_01_000002
2026-08-26 18:51:36,376 INFO org.apache.hadoop.yarn.server.resourcemanager.rmcontainer.RMContainerImpl: container_1787789537682_0003_01_000002 Container Transitioned from ALLOCATED to ACQUIRED
2026-08-26 18:51:36,376 INFO org.apache.hadoop.yarn.server.resourcemanager.rmcontainer.RMContainerImpl: container_1787789537682_0003_01_000003 Container Transitioned from ALLOCATED to ACQUIRED
2026-08-26 18:51:36,377 INFO org.apache.hadoop.yarn.server.resourcemanager.rmcontainer.RMContainerImpl: container_1787789537682_0003_01_000004 Container Transitioned from ALLOCATED to ACQUIRED
2026-08-26 18:51:36,378 INFO org.apache.hadoop.yarn.server.resourcemanager.rmcontainer.RMContainerImpl: container_1787789537682_0003_01_000005 Container Transitioned from ALLOCATED to ACQUIRED
2026-08-26 18:51:36,379 INFO org.apache.hadoop.yarn.server.resourcemanager.rmcontainer.RMContainerImpl: container_1787789537682_0003_01_000006 Container Transitioned from ALLOCATED to ACQUIRED
2026-08-26 18:51:36,379 INFO org.apache.hadoop.yarn.server.resourcemanager.rmcontainer.RMContainerImpl: container_1787789537682_0003_01_000007 Container Transitioned from ALLOCATED to ACQUIRED
2026-08-26 18:51:36,637 INFO org.apache.hadoop.yarn.server.resourcemanager.rmcontainer.RMContainerImpl: container_1787789537682_0003_01_000002 Container Transitioned from ACQUIRED to RUNNING
2026-08-26 18:51:36,637 INFO org.apache.hadoop.yarn.server.resourcemanager.rmcontainer.RMContainerImpl: container_1787789537682_0003_01_000003 Container Transitioned from ACQUIRED to RUNNING
2026-08-26 18:51:36,637 INFO org.apache.hadoop.yarn.server.resourcemanager.rmcontainer.RMContainerImpl: container_1787789537682_0003_01_000004 Container Transitioned from ACQUIRED to RUNNING
2026-08-26 18:51:36,637 INFO org.apache.hadoop.yarn.server.resourcemanager.rmcontainer.RMContainerImpl: container_1787789537682_0003_01_000005 Container Transitioned from ACQUIRED to RUNNING
2026-08-26 18:51:36,637 INFO org.apache.hadoop.yarn.server.resourcemanager.rmcontainer.RMContainerImpl: container_1787789537682_0003_01_000006 Container Transitioned from ACQUIRED to RUNNING
2026-08-26 18:51:36,637 INFO org.apache.hadoop.yarn.server.resourcemanager.rmcontainer.RMContainerImpl: container_1787789537682_0003_01_000007 Container Transitioned from ACQUIRED to RUNNING
2026-08-26 18:51:37,397 INFO org.apache.hadoop.yarn.server.resourcemanager.scheduler.AppSchedulingInfo: checking for deactivate... 
2026-08-26 18:51:47,153 INFO org.apache.hadoop.yarn.server.resourcemanager.rmcontainer.RMContainerImpl: container_1787789537682_0003_01_000004 Container Transitioned from RUNNING to COMPLETED
2026-08-26 18:51:47,153 INFO org.apache.hadoop.yarn.server.resourcemanager.scheduler.common.fica.FiCaSchedulerApp: Completed container: container_1787789537682_0003_01_000004 in state: COMPLETED event:FINISHED
2026-08-26 18:51:47,153 INFO org.apache.hadoop.yarn.server.resourcemanager.RMAuditLogger: USER=user	OPERATION=AM Released Container	TARGET=SchedulerApp	RESULT=SUCCESS	APPID=application_1787789537682_0003	CONTAINERID=container_1787789537682_0003_01_000004
2026-08-26 18:51:47,153 INFO org.apache.hadoop.yarn.server.resourcemanager.scheduler.SchedulerNode: Released container container_1787789537682_0003_01_000004 of capacity <memory:1024, vCores:1> on host ubuntu:33501, which currently has 6 containers, <memory:7168, vCores:6> used and <memory:1024, vCores:2> available, release resources=true
2026-08-26 18:51:47,153 INFO org.apache.hadoop.yarn.server.resourcemanager.scheduler.capacity.LeafQueue: default used=<memory:7168, vCores:6> numContainers=6 user=user user-resources=<memory:7168, vCores:6>
2026-08-26 18:51:47,154 INFO org.apache.hadoop.yarn.server.resourcemanager.scheduler.capacity.LeafQueue: completedContainer container=Container: [ContainerId: container_1787789537682_0003_01_000004, NodeId: ubuntu:33501, NodeHttpAddress: ubuntu:8042, Resource: <memory:1024, vCores:1>, Priority: 20, Token: Token { kind: ContainerToken, service: 127.0.1.1:33501 }, ] queue=default: capacity=1.0, absoluteCapacity=1.0, usedResources=<memory:7168, vCores:6>, usedCapacity=0.875, absoluteUsedCapacity=0.875, numApps=1, numContainers=6 cluster=<memory:8192, vCores:8>
2026-08-26 18:51:47,154 INFO org.apache.hadoop.yarn.server.resourcemanager.scheduler.capacity.ParentQueue: completedContainer queue=root usedCapacity=0.875 absoluteUsedCapacity=0.875 used=<memory:7168, vCores:6> cluster=<memory:8192, vCores:8>
2026-08-26 18:51:47,154 INFO org.apache.hadoop.yarn.server.resourcemanager.scheduler.capacity.ParentQueue: Re-sorting completed queue: root.default stats: default: capacity=1.0, absoluteCapacity=1.0, usedResources=<memory:7168, vCores:6>, usedCapacity=0.875, absoluteUsedCapacity=0.875, numApps=1, numContainers=6
2026-08-26 18:51:47,154 INFO org.apache.hadoop.yarn.server.resourcemanager.scheduler.capacity.CapacityScheduler: Application attempt appattempt_1787789537682_0003_000001 released container container_1787789537682_0003_01_000004 on node: host: ubuntu:33501 #containers=6 available=1024 used=7168 with event: FINISHED
2026-08-26 18:51:47,154 INFO org.apache.hadoop.yarn.server.resourcemanager.rmcontainer.RMContainerImpl: container_1787789537682_0003_01_000005 Container Transitioned from RUNNING to COMPLETED
2026-08-26 18:51:47,154 INFO org.apache.hadoop.yarn.server.resourcemanager.scheduler.common.fica.FiCaSchedulerApp: Completed container: container_1787789537682_0003_01_000005 in state: COMPLETED event:FINISHED
2026-08-26 18:51:47,154 INFO org.apache.hadoop.yarn.server.resourcemanager.RMAuditLogger: USER=user	OPERATION=AM Released Container	TARGET=SchedulerApp	RESULT=SUCCESS	APPID=application_1787789537682_0003	CONTAINERID=container_1787789537682_0003_01_000005
2026-08-26 18:51:47,154 INFO org.apache.hadoop.yarn.server.resourcemanager.scheduler.SchedulerNode: Released container container_1787789537682_0003_01_000005 of capacity <memory:1024, vCores:1> on host ubuntu:33501, which currently has 5 containers, <memory:6144, vCores:5> used and <memory:2048, vCores:3> available, release resources=true
2026-08-26 18:51:47,154 INFO org.apache.hadoop.yarn.server.resourcemanager.scheduler.capacity.LeafQueue: default used=<memory:6144, vCores:5> numContainers=5 user=user user-resources=<memory:6144, vCores:5>
2026-08-26 18:51:47,155 INFO org.apache.hadoop.yarn.server.resourcemanager.scheduler.capacity.LeafQueue: completedContainer container=Container: [ContainerId: container_1787789537682_0003_01_000005, NodeId: ubuntu:33501, NodeHttpAddress: ubuntu:8042, Resource: <memory:1024, vCores:1>, Priority: 20, Token: Token { kind: ContainerToken, service: 127.0.1.1:33501 }, ] queue=default: capacity=1.0, absoluteCapacity=1.0, usedResources=<memory:6144, vCores:5>, usedCapacity=0.75, absoluteUsedCapacity=0.75, numApps=1, numContainers=5 cluster=<memory:8192, vCores:8>
2026-08-26 18:51:47,155 INFO org.apache.hadoop.yarn.server.resourcemanager.scheduler.capacity.ParentQueue: completedContainer queue=root usedCapacity=0.75 absoluteUsedCapacity=0.75 used=<memory:6144, vCores:5> cluster=<memory:8192, vCores:8>
2026-08-26 18:51:47,155 INFO org.apache.hadoop.yarn.server.resourcemanager.scheduler.capacity.ParentQueue: Re-sorting completed queue: root.default stats: default: capacity=1.0, absoluteCapacity=1.0, usedResources=<memory:6144, vCores:5>, usedCapacity=0.75, absoluteUsedCapacity=0.75, numApps=1, numContainers=5
2026-08-26 18:51:47,155 INFO org.apache.hadoop.yarn.server.resourcemanager.scheduler.capacity.CapacityScheduler: Application attempt appattempt_1787789537682_0003_000001 released container container_1787789537682_0003_01_000005 on node: host: ubuntu:33501 #containers=5 available=2048 used=6144 with event: FINISHED
2026-08-26 18:51:47,155 INFO org.apache.hadoop.yarn.server.resourcemanager.rmcontainer.RMContainerImpl: container_1787789537682_0003_01_000006 Container Transitioned from RUNNING to COMPLETED
2026-08-26 18:51:47,155 INFO org.apache.hadoop.yarn.server.resourcemanager.scheduler.common.fica.FiCaSchedulerApp: Completed container: container_1787789537682_0003_01_000006 in state: COMPLETED event:FINISHED
2026-08-26 18:51:47,155 INFO org.apache.hadoop.yarn.server.resourcemanager.RMAuditLogger: USER=user	OPERATION=AM Released Container	TARGET=SchedulerApp	RESULT=SUCCESS	APPID=application_1787789537682_0003	CONTAINERID=container_1787789537682_0003_01_000006
2026-08-26 18:51:47,155 INFO org.apache.hadoop.yarn.server.resourcemanager.scheduler.SchedulerNode: Released container container_1787789537682_0003_01_000006 of capacity <memory:1024, vCores:1> on host ubuntu:33501, which currently has 4 containers, <memory:5120, vCores:4> used and <memory:3072, vCores:4> available, release resources=true
2026-08-26 18:51:47,155 INFO org.apache.hadoop.yarn.server.resourcemanager.scheduler.capacity.LeafQueue: default used=<memory:5120, vCores:4> numContainers=4 user=user user-resources=<memory:5120, vCores:4>
2026-08-26 18:51:47,156 INFO org.apache.hadoop.yarn.server.resourcemanager.scheduler.capacity.LeafQueue: completedContainer container=Container: [ContainerId: container_1787789537682_0003_01_000006, NodeId: ubuntu:33501, NodeHttpAddress: ubuntu:8042, Resource: <memory:1024, vCores:1>, Priority: 20, Token: Token { kind: ContainerToken, service: 127.0.1.1:33501 }, ] queue=default: capacity=1.0, absoluteCapacity=1.0, usedResources=<memory:5120, vCores:4>, usedCapacity=0.625, absoluteUsedCapacity=0.625, numApps=1, numContainers=4 cluster=<memory:8192, vCores:8>
2026-08-26 18:51:47,156 INFO org.apache.hadoop.yarn.server.resourcemanager.scheduler.capacity.ParentQueue: completedContainer queue=root usedCapacity=0.625 absoluteUsedCapacity=0.625 used=<memory:5120, vCores:4> cluster=<memory:8192, vCores:8>
2026-08-26 18:51:47,156 INFO org.apache.hadoop.yarn.server.resourcemanager.scheduler.capacity.ParentQueue: Re-sorting completed queue: root.default stats: default: capacity=1.0, absoluteCapacity=1.0, usedResources=<memory:5120, vCores:4>, usedCapacity=0.625, absoluteUsedCapacity=0.625, numApps=1, numContainers=4
2026-08-26 18:51:47,156 INFO org.apache.hadoop.yarn.server.resourcemanager.scheduler.capacity.CapacityScheduler: Application attempt appattempt_1787789537682_0003_000001 released container container_1787789537682_0003_01_000006 on node: host: ubuntu:33501 #containers=4 available=3072 used=5120 with event: FINISHED
2026-08-26 18:51:47,156 INFO org.apache.hadoop.yarn.server.resourcemanager.rmcontainer.RMContainerImpl: container_1787789537682_0003_01_000007 Container Transitioned from RUNNING to COMPLETED
2026-08-26 18:51:47,156 INFO org.apache.hadoop.yarn.server.resourcemanager.scheduler.common.fica.FiCaSchedulerApp: Completed container: container_1787789537682_0003_01_000007 in state: COMPLETED event:FINISHED
2026-08-26 18:51:47,156 INFO org.apache.hadoop.yarn.server.resourcemanager.RMAuditLogger: USER=user	OPERATION=AM Released Container	TARGET=SchedulerApp	RESULT=SUCCESS	APPID=application_1787789537682_0003	CONTAINERID=container_1787789537682_0003_01_000007
2026-08-26 18:51:47,156 INFO org.apache.hadoop.yarn.server.resourcemanager.scheduler.SchedulerNode: Released container container_1787789537682_0003_01_000007 of capacity <memory:1024, vCores:1> on host ubuntu:33501, which currently has 3 containers, <memory:4096, vCores:3> used and <memory:4096, vCores:5> available, release resources=true
2026-08-26 18:51:47,156 INFO org.apache.hadoop.yarn.server.resourcemanager.scheduler.capacity.LeafQueue: default used=<memory:4096, vCores:3> numContainers=3 user=user user-resources=<memory:4096, vCores:3>
2026-08-26 18:51:47,156 INFO org.apache.hadoop.yarn.server.resourcemanager.scheduler.capacity.LeafQueue: completedContainer container=Container: [ContainerId: container_1787789537682_0003_01_000007, NodeId: ubuntu:33501, NodeHttpAddress: ubuntu:8042, Resource: <memory:1024, vCores:1>, Priority: 20, Token: Token { kind: ContainerToken, service: 127.0.1.1:33501 }, ] queue=default: capacity=1.0, absoluteCapacity=1.0, usedResources=<memory:4096, vCores:3>, usedCapacity=0.5, absoluteUsedCapacity=0.5, numApps=1, numContainers=3 cluster=<memory:8192, vCores:8>
2026-08-26 18:51:47,156 INFO org.apache.hadoop.yarn.server.resourcemanager.scheduler.capacity.ParentQueue: completedContainer queue=root usedCapacity=0.5 absoluteUsedCapacity=0.5 used=<memory:4096, vCores:3> cluster=<memory:8192, vCores:8>
2026-08-26 18:51:47,156 INFO org.apache.hadoop.yarn.server.resourcemanager.scheduler.capacity.ParentQueue: Re-sorting completed queue: root.default stats: default: capacity=1.0, absoluteCapacity=1.0, usedResources=<memory:4096, vCores:3>, usedCapacity=0.5, absoluteUsedCapacity=0.5, numApps=1, numContainers=3
2026-08-26 18:51:47,156 INFO org.apache.hadoop.yarn.server.resourcemanager.scheduler.capacity.CapacityScheduler: Application attempt appattempt_1787789537682_0003_000001 released container container_1787789537682_0003_01_000007 on node: host: ubuntu:33501 #containers=3 available=4096 used=4096 with event: FINISHED
2026-08-26 18:51:48,156 INFO org.apache.hadoop.yarn.server.resourcemanager.rmcontainer.RMContainerImpl: container_1787789537682_0003_01_000003 Container Transitioned from RUNNING to COMPLETED
2026-08-26 18:51:48,156 INFO org.apache.hadoop.yarn.server.resourcemanager.scheduler.common.fica.FiCaSchedulerApp: Completed container: container_1787789537682_0003_01_000003 in state: COMPLETED event:FINISHED
2026-08-26 18:51:48,156 INFO org.apache.hadoop.yarn.server.resourcemanager.RMAuditLogger: USER=user	OPERATION=AM Released Container	TARGET=SchedulerApp	RESULT=SUCCESS	APPID=application_1787789537682_0003	CONTAINERID=container_1787789537682_0003_01_000003
2026-08-26 18:51:48,156 INFO org.apache.hadoop.yarn.server.resourcemanager.scheduler.SchedulerNode: Released container container_1787789537682_0003_01_000003 of capacity <memory:1024, vCores:1> on host ubuntu:33501, which currently has 2 containers, <memory:3072, vCores:2> used and <memory:5120, vCores:6> available, release resources=true
2026-08-26 18:51:48,156 INFO org.apache.hadoop.yarn.server.resourcemanager.scheduler.capacity.LeafQueue: default used=<memory:3072, vCores:2> numContainers=2 user=user user-resources=<memory:3072, vCores:2>
2026-08-26 18:51:48,156 INFO org.apache.hadoop.yarn.server.resourcemanager.scheduler.capacity.LeafQueue: completedContainer container=Container: [ContainerId: container_1787789537682_0003_01_000003, NodeId: ubuntu:33501, NodeHttpAddress: ubuntu:8042, Resource: <memory:1024, vCores:1>, Priority: 20, Token: Token { kind: ContainerToken, service: 127.0.1.1:33501 }, ] queue=default: capacity=1.0, absoluteCapacity=1.0, usedResources=<memory:3072, vCores:2>, usedCapacity=0.375, absoluteUsedCapacity=0.375, numApps=1, numContainers=2 cluster=<memory:8192, vCores:8>
2026-08-26 18:51:48,156 INFO org.apache.hadoop.yarn.server.resourcemanager.scheduler.capacity.ParentQueue: completedContainer queue=root usedCapacity=0.375 absoluteUsedCapacity=0.375 used=<memory:3072, vCores:2> cluster=<memory:8192, vCores:8>
2026-08-26 18:51:48,156 INFO org.apache.hadoop.yarn.server.resourcemanager.scheduler.capacity.ParentQueue: Re-sorting completed queue: root.default stats: default: capacity=1.0, absoluteCapacity=1.0, usedResources=<memory:3072, vCores:2>, usedCapacity=0.375, absoluteUsedCapacity=0.375, numApps=1, numContainers=2
2026-08-26 18:51:48,156 INFO org.apache.hadoop.yarn.server.resourcemanager.scheduler.capacity.CapacityScheduler: Application attempt appattempt_1787789537682_0003_000001 released container container_1787789537682_0003_01_000003 on node: host: ubuntu:33501 #containers=2 available=5120 used=3072 with event: FINISHED
2026-08-26 18:51:48,156 INFO org.apache.hadoop.yarn.server.resourcemanager.rmcontainer.RMContainerImpl: container_1787789537682_0003_01_000008 Container Transitioned from NEW to ALLOCATED
2026-08-26 18:51:48,156 INFO org.apache.hadoop.yarn.server.resourcemanager.RMAuditLogger: USER=user	OPERATION=AM Allocated Container	TARGET=SchedulerApp	RESULT=SUCCESS	APPID=application_1787789537682_0003	CONTAINERID=container_1787789537682_0003_01_000008
2026-08-26 18:51:48,156 INFO org.apache.hadoop.yarn.server.resourcemanager.scheduler.SchedulerNode: Assigned container container_1787789537682_0003_01_000008 of capacity <memory:1024, vCores:1> on host ubuntu:33501, which has 3 containers, <memory:4096, vCores:3> used and <memory:4096, vCores:5> available after allocation
2026-08-26 18:51:48,156 INFO org.apache.hadoop.yarn.server.resourcemanager.scheduler.capacity.LeafQueue: assignedContainer application attempt=appattempt_1787789537682_0003_000001 container=Container: [ContainerId: container_1787789537682_0003_01_000008, NodeId: ubuntu:33501, NodeHttpAddress: ubuntu:8042, Resource: <memory:1024, vCores:1>, Priority: 10, Token: null, ] queue=default: capacity=1.0, absoluteCapacity=1.0, usedResources=<memory:3072, vCores:2>, usedCapacity=0.375, absoluteUsedCapacity=0.375, numApps=1, numContainers=2 clusterResource=<memory:8192, vCores:8>
2026-08-26 18:51:48,156 INFO org.apache.hadoop.yarn.server.resourcemanager.scheduler.capacity.ParentQueue: Re-sorting assigned queue: root.default stats: default: capacity=1.0, absoluteCapacity=1.0, usedResources=<memory:4096, vCores:3>, usedCapacity=0.5, absoluteUsedCapacity=0.5, numApps=1, numContainers=3
2026-08-26 18:51:48,156 INFO org.apache.hadoop.yarn.server.resourcemanager.scheduler.capacity.ParentQueue: assignedContainer queue=root usedCapacity=0.5 absoluteUsedCapacity=0.5 used=<memory:4096, vCores:3> cluster=<memory:8192, vCores:8>
2026-08-26 18:51:48,602 INFO org.apache.hadoop.yarn.server.resourcemanager.rmcontainer.RMContainerImpl: container_1787789537682_0003_01_000008 Container Transitioned from ALLOCATED to ACQUIRED
2026-08-26 18:51:49,163 INFO org.apache.hadoop.yarn.server.resourcemanager.rmcontainer.RMContainerImpl: container_1787789537682_0003_01_000008 Container Transitioned from ACQUIRED to RUNNING
2026-08-26 18:51:49,608 INFO org.apache.hadoop.yarn.server.resourcemanager.scheduler.AppSchedulingInfo: checking for deactivate... 
2026-08-26 18:51:51,168 INFO org.apache.hadoop.yarn.server.resourcemanager.rmcontainer.RMContainerImpl: container_1787789537682_0003_01_000009 Container Transitioned from NEW to ALLOCATED
2026-08-26 18:51:51,168 INFO org.apache.hadoop.yarn.server.resourcemanager.RMAuditLogger: USER=user	OPERATION=AM Allocated Container	TARGET=SchedulerApp	RESULT=SUCCESS	APPID=application_1787789537682_0003	CONTAINERID=container_1787789537682_0003_01_000009
2026-08-26 18:51:51,168 INFO org.apache.hadoop.yarn.server.resourcemanager.scheduler.SchedulerNode: Assigned container container_1787789537682_0003_01_000009 of capacity <memory:1024, vCores:1> on host ubuntu:33501, which has 4 containers, <memory:5120, vCores:4> used and <memory:3072, vCores:4> available after allocation
2026-08-26 18:51:51,168 INFO org.apache.hadoop.yarn.server.resourcemanager.scheduler.capacity.LeafQueue: assignedContainer application attempt=appattempt_1787789537682_0003_000001 container=Container: [ContainerId: container_1787789537682_0003_01_000009, NodeId: ubuntu:33501, NodeHttpAddress: ubuntu:8042, Resource: <memory:1024, vCores:1>, Priority: 20, Token: null, ] queue=default: capacity=1.0, absoluteCapacity=1.0, usedResources=<memory:4096, vCores:3>, usedCapacity=0.5, absoluteUsedCapacity=0.5, numApps=1, numContainers=3 clusterResource=<memory:8192, vCores:8>
2026-08-26 18:51:51,168 INFO org.apache.hadoop.yarn.server.resourcemanager.scheduler.capacity.ParentQueue: Re-sorting assigned queue: root.default stats: default: capacity=1.0, absoluteCapacity=1.0, usedResources=<memory:5120, vCores:4>, usedCapacity=0.625, absoluteUsedCapacity=0.625, numApps=1, numContainers=4
2026-08-26 18:51:51,168 INFO org.apache.hadoop.yarn.server.resourcemanager.scheduler.capacity.ParentQueue: assignedContainer queue=root usedCapacity=0.625 absoluteUsedCapacity=0.625 used=<memory:5120, vCores:4> cluster=<memory:8192, vCores:8>
2026-08-26 18:51:51,616 INFO org.apache.hadoop.yarn.server.resourcemanager.rmcontainer.RMContainerImpl: container_1787789537682_0003_01_000009 Container Transitioned from ALLOCATED to ACQUIRED
2026-08-26 18:51:52,168 INFO org.apache.hadoop.yarn.server.resourcemanager.rmcontainer.RMContainerImpl: container_1787789537682_0003_01_000009 Container Transitioned from ACQUIRED to RUNNING
2026-08-26 18:51:52,620 INFO org.apache.hadoop.yarn.server.resourcemanager.scheduler.AppSchedulingInfo: checking for deactivate... 
2026-08-26 18:51:55,118 INFO org.apache.hadoop.yarn.server.resourcemanager.rmcontainer.RMContainerImpl: container_1787789537682_0003_01_000002 Container Transitioned from RUNNING to COMPLETED
2026-08-26 18:51:55,118 INFO org.apache.hadoop.yarn.server.resourcemanager.scheduler.common.fica.FiCaSchedulerApp: Completed container: container_1787789537682_0003_01_000002 in state: COMPLETED event:FINISHED
2026-08-26 18:51:55,118 INFO org.apache.hadoop.yarn.server.resourcemanager.RMAuditLogger: USER=user	OPERATION=AM Released Container	TARGET=SchedulerApp	RESULT=SUCCESS	APPID=application_1787789537682_0003	CONTAINERID=container_1787789537682_0003_01_000002
2026-08-26 18:51:55,118 INFO org.apache.hadoop.yarn.server.resourcemanager.scheduler.SchedulerNode: Released container container_1787789537682_0003_01_000002 of capacity <memory:1024, vCores:1> on host ubuntu:33501, which currently has 3 containers, <memory:4096, vCores:3> used and <memory:4096, vCores:5> available, release resources=true
2026-08-26 18:51:55,118 INFO org.apache.hadoop.yarn.server.resourcemanager.scheduler.capacity.LeafQueue: default used=<memory:4096, vCores:3> numContainers=3 user=user user-resources=<memory:4096, vCores:3>
2026-08-26 18:51:55,119 INFO org.apache.hadoop.yarn.server.resourcemanager.scheduler.capacity.LeafQueue: completedContainer container=Container: [ContainerId: container_1787789537682_0003_01_000002, NodeId: ubuntu:33501, NodeHttpAddress: ubuntu:8042, Resource: <memory:1024, vCores:1>, Priority: 20, Token: Token { kind: ContainerToken, service: 127.0.1.1:33501 }, ] queue=default: capacity=1.0, absoluteCapacity=1.0, usedResources=<memory:4096, vCores:3>, usedCapacity=0.5, absoluteUsedCapacity=0.5, numApps=1, numContainers=3 cluster=<memory:8192, vCores:8>
2026-08-26 18:51:55,119 INFO org.apache.hadoop.yarn.server.resourcemanager.scheduler.capacity.ParentQueue: completedContainer queue=root usedCapacity=0.5 absoluteUsedCapacity=0.5 used=<memory:4096, vCores:3> cluster=<memory:8192, vCores:8>
2026-08-26 18:51:55,119 INFO org.apache.hadoop.yarn.server.resourcemanager.scheduler.capacity.ParentQueue: Re-sorting completed queue: root.default stats: default: capacity=1.0, absoluteCapacity=1.0, usedResources=<memory:4096, vCores:3>, usedCapacity=0.5, absoluteUsedCapacity=0.5, numApps=1, numContainers=3
2026-08-26 18:51:55,119 INFO org.apache.hadoop.yarn.server.resourcemanager.scheduler.capacity.CapacityScheduler: Application attempt appattempt_1787789537682_0003_000001 released container container_1787789537682_0003_01_000002 on node: host: ubuntu:33501 #containers=3 available=4096 used=4096 with event: FINISHED
2026-08-26 18:51:55,119 INFO org.apache.hadoop.yarn.server.resourcemanager.rmcontainer.RMContainerImpl: container_1787789537682_0003_01_000009 Container Transitioned from RUNNING to COMPLETED
2026-08-26 18:51:55,119 INFO org.apache.hadoop.yarn.server.resourcemanager.scheduler.common.fica.FiCaSchedulerApp: Completed container: container_1787789537682_0003_01_000009 in state: COMPLETED event:FINISHED
2026-08-26 18:51:55,119 INFO org.apache.hadoop.yarn.server.resourcemanager.RMAuditLogger: USER=user	OPERATION=AM Released Container	TARGET=SchedulerApp	RESULT=SUCCESS	APPID=application_1787789537682_0003	CONTAINERID=container_1787789537682_0003_01_000009
2026-08-26 18:51:55,119 INFO org.apache.hadoop.yarn.server.resourcemanager.scheduler.SchedulerNode: Released container container_1787789537682_0003_01_000009 of capacity <memory:1024, vCores:1> on host ubuntu:33501, which currently has 2 containers, <memory:3072, vCores:2> used and <memory:5120, vCores:6> available, release resources=true
2026-08-26 18:51:55,119 INFO org.apache.hadoop.yarn.server.resourcemanager.scheduler.capacity.LeafQueue: default used=<memory:3072, vCores:2> numContainers=2 user=user user-resources=<memory:3072, vCores:2>
2026-08-26 18:51:55,119 INFO org.apache.hadoop.yarn.server.resourcemanager.scheduler.capacity.LeafQueue: completedContainer container=Container: [ContainerId: container_1787789537682_0003_01_000009, NodeId: ubuntu:33501, NodeHttpAddress: ubuntu:8042, Resource: <memory:1024, vCores:1>, Priority: 20, Token: Token { kind: ContainerToken, service: 127.0.1.1:33501 }, ] queue=default: capacity=1.0, absoluteCapacity=1.0, usedResources=<memory:3072, vCores:2>, usedCapacity=0.375, absoluteUsedCapacity=0.375, numApps=1, numContainers=2 cluster=<memory:8192, vCores:8>
2026-08-26 18:51:55,119 INFO org.apache.hadoop.yarn.server.resourcemanager.scheduler.capacity.ParentQueue: completedContainer queue=root usedCapacity=0.375 absoluteUsedCapacity=0.375 used=<memory:3072, vCores:2> cluster=<memory:8192, vCores:8>
2026-08-26 18:51:55,119 INFO org.apache.hadoop.yarn.server.resourcemanager.scheduler.capacity.ParentQueue: Re-sorting completed queue: root.default stats: default: capacity=1.0, absoluteCapacity=1.0, usedResources=<memory:3072, vCores:2>, usedCapacity=0.375, absoluteUsedCapacity=0.375, numApps=1, numContainers=2
2026-08-26 18:51:55,119 INFO org.apache.hadoop.yarn.server.resourcemanager.scheduler.capacity.CapacityScheduler: Application attempt appattempt_1787789537682_0003_000001 released container container_1787789537682_0003_01_000009 on node: host: ubuntu:33501 #containers=2 available=5120 used=3072 with event: FINISHED
2026-08-26 18:51:57,265 INFO org.apache.hadoop.yarn.server.resourcemanager.rmapp.attempt.RMAppAttemptImpl: Updating application attempt appattempt_1787789537682_0003_000001 with final state: FINISHING, and exit status: -1000
2026-08-26 18:51:57,266 INFO org.apache.hadoop.yarn.server.resourcemanager.rmapp.attempt.RMAppAttemptImpl: appattempt_1787789537682_0003_000001 State change from RUNNING to FINAL_SAVING
2026-08-26 18:51:57,266 INFO org.apache.hadoop.yarn.server.resourcemanager.rmapp.RMAppImpl: Updating application application_1787789537682_0003 with final state: FINISHING
2026-08-26 18:51:57,266 INFO org.apache.hadoop.yarn.server.resourcemanager.rmapp.RMAppImpl: application_1787789537682_0003 State change from RUNNING to FINAL_SAVING
2026-08-26 18:51:57,266 INFO org.apache.hadoop.yarn.server.resourcemanager.recovery.RMStateStore: Updating info for app: application_1787789537682_0003
2026-08-26 18:51:57,267 INFO org.apache.hadoop.yarn.server.resourcemanager.rmapp.attempt.RMAppAttemptImpl: appattempt_1787789537682_0003_000001 State change from FINAL_SAVING to FINISHING
2026-08-26 18:51:57,268 INFO org.apache.hadoop.yarn.server.resourcemanager.rmapp.RMAppImpl: application_1787789537682_0003 State change from FINAL_SAVING to FINISHING
2026-08-26 18:51:57,595 INFO org.apache.hadoop.yarn.server.resourcemanager.rmcontainer.RMContainerImpl: container_1787789537682_0003_01_000008 Container Transitioned from RUNNING to COMPLETED
2026-08-26 18:51:57,595 INFO org.apache.hadoop.yarn.server.resourcemanager.scheduler.common.fica.FiCaSchedulerApp: Completed container: container_1787789537682_0003_01_000008 in state: COMPLETED event:FINISHED
2026-08-26 18:51:57,595 INFO org.apache.hadoop.yarn.server.resourcemanager.RMAuditLogger: USER=user	OPERATION=AM Released Container	TARGET=SchedulerApp	RESULT=SUCCESS	APPID=application_1787789537682_0003	CONTAINERID=container_1787789537682_0003_01_000008
2026-08-26 18:51:57,595 INFO org.apache.hadoop.yarn.server.resourcemanager.scheduler.SchedulerNode: Released container container_1787789537682_0003_01_000008 of capacity <memory:1024, vCores:1> on host ubuntu:33501, which currently has 1 containers, <memory:2048, vCores:1> used and <memory:6144, vCores:7> available, release resources=true
2026-08-26 18:51:57,596 INFO org.apache.hadoop.yarn.server.resourcemanager.scheduler.capacity.LeafQueue: default used=<memory:2048, vCores:1> numContainers=1 user=user user-resources=<memory:2048, vCores:1>
2026-08-26 18:51:57,598 INFO org.apache.hadoop.yarn.server.resourcemanager.scheduler.capacity.LeafQueue: completedContainer container=Container: [ContainerId: container_1787789537682_0003_01_000008, NodeId: ubuntu:33501, NodeHttpAddress: ubuntu:8042, Resource: <memory:1024, vCores:1>, Priority: 10, Token: Token { kind: ContainerToken, service: 127.0.1.1:33501 }, ] queue=default: capacity=1.0, absoluteCapacity=1.0, usedResources=<memory:2048, vCores:1>, usedCapacity=0.25, absoluteUsedCapacity=0.25, numApps=1, numContainers=1 cluster=<memory:8192, vCores:8>
2026-08-26 18:51:57,598 INFO org.apache.hadoop.yarn.server.resourcemanager.scheduler.capacity.ParentQueue: completedContainer queue=root usedCapacity=0.25 absoluteUsedCapacity=0.25 used=<memory:2048, vCores:1> cluster=<memory:8192, vCores:8>
2026-08-26 18:51:57,598 INFO org.apache.hadoop.yarn.server.resourcemanager.scheduler.capacity.ParentQueue: Re-sorting completed queue: root.default stats: default: capacity=1.0, absoluteCapacity=1.0, usedResources=<memory:2048, vCores:1>, usedCapacity=0.25, absoluteUsedCapacity=0.25, numApps=1, numContainers=1
2026-08-26 18:51:57,598 INFO org.apache.hadoop.yarn.server.resourcemanager.scheduler.capacity.CapacityScheduler: Application attempt appattempt_1787789537682_0003_000001 released container container_1787789537682_0003_01_000008 on node: host: ubuntu:33501 #containers=1 available=6144 used=2048 with event: FINISHED
2026-08-26 18:52:04,606 INFO org.apache.hadoop.yarn.server.resourcemanager.rmcontainer.RMContainerImpl: container_1787789537682_0003_01_000001 Container Transitioned from RUNNING to COMPLETED
2026-08-26 18:52:04,606 INFO org.apache.hadoop.yarn.server.resourcemanager.scheduler.common.fica.FiCaSchedulerApp: Completed container: container_1787789537682_0003_01_000001 in state: COMPLETED event:FINISHED
2026-08-26 18:52:04,606 INFO org.apache.hadoop.yarn.server.resourcemanager.RMAuditLogger: USER=user	OPERATION=AM Released Container	TARGET=SchedulerApp	RESULT=SUCCESS	APPID=application_1787789537682_0003	CONTAINERID=container_1787789537682_0003_01_000001
2026-08-26 18:52:04,606 INFO org.apache.hadoop.yarn.server.resourcemanager.scheduler.SchedulerNode: Released container container_1787789537682_0003_01_000001 of capacity <memory:2048, vCores:1> on host ubuntu:33501, which currently has 0 containers, <memory:0, vCores:0> used and <memory:8192, vCores:8> available, release resources=true
2026-08-26 18:52:04,606 INFO org.apache.hadoop.yarn.server.resourcemanager.scheduler.capacity.LeafQueue: default used=<memory:0, vCores:0> numContainers=0 user=user user-resources=<memory:0, vCores:0>
2026-08-26 18:52:04,606 INFO org.apache.hadoop.yarn.server.resourcemanager.scheduler.capacity.LeafQueue: completedContainer container=Container: [ContainerId: container_1787789537682_0003_01_000001, NodeId: ubuntu:33501, NodeHttpAddress: ubuntu:8042, Resource: <memory:2048, vCores:1>, Priority: 0, Token: Token { kind: ContainerToken, service: 127.0.1.1:33501 }, ] queue=default: capacity=1.0, absoluteCapacity=1.0, usedResources=<memory:0, vCores:0>, usedCapacity=0.0, absoluteUsedCapacity=0.0, numApps=1, numContainers=0 cluster=<memory:8192, vCores:8>
2026-08-26 18:52:04,606 INFO org.apache.hadoop.yarn.server.resourcemanager.scheduler.capacity.ParentQueue: completedContainer queue=root usedCapacity=0.0 absoluteUsedCapacity=0.0 used=<memory:0, vCores:0> cluster=<memory:8192, vCores:8>
2026-08-26 18:52:04,606 INFO org.apache.hadoop.yarn.server.resourcemanager.scheduler.capacity.ParentQueue: Re-sorting completed queue: root.default stats: default: capacity=1.0, absoluteCapacity=1.0, usedResources=<memory:0, vCores:0>, usedCapacity=0.0, absoluteUsedCapacity=0.0, numApps=1, numContainers=0
2026-08-26 18:52:04,607 INFO org.apache.hadoop.yarn.server.resourcemanager.scheduler.capacity.CapacityScheduler: Application attempt appattempt_1787789537682_0003_000001 released container container_1787789537682_0003_01_000001 on node: host: ubuntu:33501 #containers=0 available=8192 used=0 with event: FINISHED
2026-08-26 18:52:04,607 INFO org.apache.hadoop.yarn.server.resourcemanager.ApplicationMasterService: Unregistering app attempt : appattempt_1787789537682_0003_000001
2026-08-26 18:52:04,607 INFO org.apache.hadoop.yarn.server.resourcemanager.rmapp.attempt.RMAppAttemptImpl: appattempt_1787789537682_0003_000001 State change from FINISHING to FINISHED
2026-08-26 18:52:04,607 INFO org.apache.hadoop.yarn.server.resourcemanager.rmapp.RMAppImpl: application_1787789537682_0003 State change from FINISHING to FINISHED
2026-08-26 18:52:04,607 INFO org.apache.hadoop.yarn.server.resourcemanager.RMAuditLogger: USER=user	OPERATION=Application Finished - Succeeded	TARGET=RMAppManager	RESULT=SUCCESS	APPID=application_1787789537682_0003
2026-08-26 18:52:04,607 INFO org.apache.hadoop.yarn.server.resourcemanager.RMAppManager$ApplicationSummary: appId=application_1787789537682_0003,name=Seoul Vacant Space Job1,user=user,queue=default,state=FINISHED,trackingUrl=http://ubuntu:8088/proxy/application_1787789537682_0003/jobhistory/job/job_1787789537682_0003,appMasterHost=ubuntu,startTime=1787795491216,finishTime=1787795517266,finalStatus=SUCCEEDED
2026-08-26 18:52:04,607 INFO org.apache.hadoop.yarn.server.resourcemanager.scheduler.capacity.CapacityScheduler: Application Attempt appattempt_1787789537682_0003_000001 is done. finalState=FINISHED
2026-08-26 18:52:04,607 INFO org.apache.hadoop.yarn.server.resourcemanager.scheduler.AppSchedulingInfo: Application application_1787789537682_0003 requests cleared
2026-08-26 18:52:04,607 INFO org.apache.hadoop.yarn.server.resourcemanager.scheduler.capacity.LeafQueue: Application removed - appId: application_1787789537682_0003 user: user queue: default #user-pending-applications: 0 #user-active-applications: 0 #queue-pending-applications: 0 #queue-active-applications: 0
2026-08-26 18:52:04,607 INFO org.apache.hadoop.yarn.server.resourcemanager.scheduler.capacity.ParentQueue: Application removed - appId: application_1787789537682_0003 user: user leaf-queue of parent: root #applications: 0
2026-08-26 18:52:04,608 INFO org.apache.hadoop.yarn.server.resourcemanager.amlauncher.AMLauncher: Cleaning master appattempt_1787789537682_0003_000001
2026-08-26 19:04:57,477 INFO org.apache.hadoop.yarn.server.resourcemanager.ClientRMService: Allocated new applicationId: 4
2026-08-26 19:04:58,131 INFO org.apache.hadoop.yarn.server.resourcemanager.ClientRMService: Application with id 4 submitted by user user
2026-08-26 19:04:58,131 INFO org.apache.hadoop.yarn.server.resourcemanager.RMAuditLogger: USER=user	IP=127.0.0.1	OPERATION=Submit Application Request	TARGET=ClientRMService	RESULT=SUCCESS	APPID=application_1787789537682_0004
2026-08-26 19:04:58,132 INFO org.apache.hadoop.yarn.server.resourcemanager.rmapp.RMAppImpl: Storing application with id application_1787789537682_0004
2026-08-26 19:04:58,132 INFO org.apache.hadoop.yarn.server.resourcemanager.rmapp.RMAppImpl: application_1787789537682_0004 State change from NEW to NEW_SAVING
2026-08-26 19:04:58,132 INFO org.apache.hadoop.yarn.server.resourcemanager.recovery.RMStateStore: Storing info for app: application_1787789537682_0004
2026-08-26 19:04:58,132 INFO org.apache.hadoop.yarn.server.resourcemanager.rmapp.RMAppImpl: application_1787789537682_0004 State change from NEW_SAVING to SUBMITTED
2026-08-26 19:04:58,132 INFO org.apache.hadoop.yarn.server.resourcemanager.scheduler.capacity.ParentQueue: Application added - appId: application_1787789537682_0004 user: user leaf-queue of parent: root #applications: 1
2026-08-26 19:04:58,132 INFO org.apache.hadoop.yarn.server.resourcemanager.scheduler.capacity.CapacityScheduler: Accepted application application_1787789537682_0004 from user: user, in queue: default
2026-08-26 19:04:58,133 INFO org.apache.hadoop.yarn.server.resourcemanager.rmapp.RMAppImpl: application_1787789537682_0004 State change from SUBMITTED to ACCEPTED
2026-08-26 19:04:58,133 INFO org.apache.hadoop.yarn.server.resourcemanager.ApplicationMasterService: Registering app attempt : appattempt_1787789537682_0004_000001
2026-08-26 19:04:58,133 INFO org.apache.hadoop.yarn.server.resourcemanager.rmapp.attempt.RMAppAttemptImpl: appattempt_1787789537682_0004_000001 State change from NEW to SUBMITTED
2026-08-26 19:04:58,134 INFO org.apache.hadoop.yarn.server.resourcemanager.scheduler.capacity.LeafQueue: Application application_1787789537682_0004 from user: user activated in queue: default
2026-08-26 19:04:58,134 INFO org.apache.hadoop.yarn.server.resourcemanager.scheduler.capacity.LeafQueue: Application added - appId: application_1787789537682_0004 user: org.apache.hadoop.yarn.server.resourcemanager.scheduler.capacity.LeafQueue$User@56d12ad1, leaf-queue: default #user-pending-applications: 0 #user-active-applications: 1 #queue-pending-applications: 0 #queue-active-applications: 1
2026-08-26 19:04:58,134 INFO org.apache.hadoop.yarn.server.resourcemanager.scheduler.capacity.CapacityScheduler: Added Application Attempt appattempt_1787789537682_0004_000001 to scheduler from user user in queue default
2026-08-26 19:04:58,134 INFO org.apache.hadoop.yarn.server.resourcemanager.rmapp.attempt.RMAppAttemptImpl: appattempt_1787789537682_0004_000001 State change from SUBMITTED to SCHEDULED
2026-08-26 19:04:59,132 INFO org.apache.hadoop.yarn.server.resourcemanager.rmcontainer.RMContainerImpl: container_1787789537682_0004_01_000001 Container Transitioned from NEW to ALLOCATED
2026-08-26 19:04:59,132 INFO org.apache.hadoop.yarn.server.resourcemanager.RMAuditLogger: USER=user	OPERATION=AM Allocated Container	TARGET=SchedulerApp	RESULT=SUCCESS	APPID=application_1787789537682_0004	CONTAINERID=container_1787789537682_0004_01_000001
2026-08-26 19:04:59,133 INFO org.apache.hadoop.yarn.server.resourcemanager.scheduler.SchedulerNode: Assigned container container_1787789537682_0004_01_000001 of capacity <memory:2048, vCores:1> on host ubuntu:33501, which has 1 containers, <memory:2048, vCores:1> used and <memory:6144, vCores:7> available after allocation
2026-08-26 19:04:59,133 INFO org.apache.hadoop.yarn.server.resourcemanager.scheduler.capacity.LeafQueue: assignedContainer application attempt=appattempt_1787789537682_0004_000001 container=Container: [ContainerId: container_1787789537682_0004_01_000001, NodeId: ubuntu:33501, NodeHttpAddress: ubuntu:8042, Resource: <memory:2048, vCores:1>, Priority: 0, Token: null, ] queue=default: capacity=1.0, absoluteCapacity=1.0, usedResources=<memory:0, vCores:0>, usedCapacity=0.0, absoluteUsedCapacity=0.0, numApps=1, numContainers=0 clusterResource=<memory:8192, vCores:8>
2026-08-26 19:04:59,133 INFO org.apache.hadoop.yarn.server.resourcemanager.scheduler.capacity.ParentQueue: Re-sorting assigned queue: root.default stats: default: capacity=1.0, absoluteCapacity=1.0, usedResources=<memory:2048, vCores:1>, usedCapacity=0.25, absoluteUsedCapacity=0.25, numApps=1, numContainers=1
2026-08-26 19:04:59,133 INFO org.apache.hadoop.yarn.server.resourcemanager.scheduler.capacity.ParentQueue: assignedContainer queue=root usedCapacity=0.25 absoluteUsedCapacity=0.25 used=<memory:2048, vCores:1> cluster=<memory:8192, vCores:8>
2026-08-26 19:04:59,133 INFO org.apache.hadoop.yarn.server.resourcemanager.security.NMTokenSecretManagerInRM: Sending NMToken for nodeId : ubuntu:33501 for container : container_1787789537682_0004_01_000001
2026-08-26 19:04:59,137 INFO org.apache.hadoop.yarn.server.resourcemanager.rmcontainer.RMContainerImpl: container_1787789537682_0004_01_000001 Container Transitioned from ALLOCATED to ACQUIRED
2026-08-26 19:04:59,137 INFO org.apache.hadoop.yarn.server.resourcemanager.security.NMTokenSecretManagerInRM: Clear node set for appattempt_1787789537682_0004_000001
2026-08-26 19:04:59,137 INFO org.apache.hadoop.yarn.server.resourcemanager.rmapp.attempt.RMAppAttemptImpl: Storing attempt: AppId: application_1787789537682_0004 AttemptId: appattempt_1787789537682_0004_000001 MasterContainer: Container: [ContainerId: container_1787789537682_0004_01_000001, NodeId: ubuntu:33501, NodeHttpAddress: ubuntu:8042, Resource: <memory:2048, vCores:1>, Priority: 0, Token: Token { kind: ContainerToken, service: 127.0.1.1:33501 }, ]
2026-08-26 19:04:59,138 INFO org.apache.hadoop.yarn.server.resourcemanager.rmapp.attempt.RMAppAttemptImpl: appattempt_1787789537682_0004_000001 State change from SCHEDULED to ALLOCATED_SAVING
2026-08-26 19:04:59,140 INFO org.apache.hadoop.yarn.server.resourcemanager.rmapp.attempt.RMAppAttemptImpl: appattempt_1787789537682_0004_000001 State change from ALLOCATED_SAVING to ALLOCATED
2026-08-26 19:04:59,142 INFO org.apache.hadoop.yarn.server.resourcemanager.amlauncher.AMLauncher: Launching masterappattempt_1787789537682_0004_000001
2026-08-26 19:04:59,154 INFO org.apache.hadoop.yarn.server.resourcemanager.amlauncher.AMLauncher: Setting up container Container: [ContainerId: container_1787789537682_0004_01_000001, NodeId: ubuntu:33501, NodeHttpAddress: ubuntu:8042, Resource: <memory:2048, vCores:1>, Priority: 0, Token: Token { kind: ContainerToken, service: 127.0.1.1:33501 }, ] for AM appattempt_1787789537682_0004_000001
2026-08-26 19:04:59,154 INFO org.apache.hadoop.yarn.server.resourcemanager.amlauncher.AMLauncher: Command to launch container container_1787789537682_0004_01_000001 : $JAVA_HOME/bin/java -Dlog4j.configuration=container-log4j.properties -Dyarn.app.container.log.dir=<LOG_DIR> -Dyarn.app.container.log.filesize=0 -Dhadoop.root.logger=INFO,CLA  -Xmx1024m org.apache.hadoop.mapreduce.v2.app.MRAppMaster 1><LOG_DIR>/stdout 2><LOG_DIR>/stderr 
2026-08-26 19:04:59,178 INFO org.apache.hadoop.yarn.server.resourcemanager.amlauncher.AMLauncher: Done launching container Container: [ContainerId: container_1787789537682_0004_01_000001, NodeId: ubuntu:33501, NodeHttpAddress: ubuntu:8042, Resource: <memory:2048, vCores:1>, Priority: 0, Token: Token { kind: ContainerToken, service: 127.0.1.1:33501 }, ] for AM appattempt_1787789537682_0004_000001
2026-08-26 19:04:59,179 INFO org.apache.hadoop.yarn.server.resourcemanager.rmapp.attempt.RMAppAttemptImpl: appattempt_1787789537682_0004_000001 State change from ALLOCATED to LAUNCHED
2026-08-26 19:05:00,134 INFO org.apache.hadoop.yarn.server.resourcemanager.rmcontainer.RMContainerImpl: container_1787789537682_0004_01_000001 Container Transitioned from ACQUIRED to RUNNING
2026-08-26 19:05:01,724 INFO SecurityLogger.org.apache.hadoop.ipc.Server: Auth successful for appattempt_1787789537682_0004_000001 (auth:SIMPLE)
2026-08-26 19:05:01,735 INFO org.apache.hadoop.yarn.server.resourcemanager.ApplicationMasterService: AM registration appattempt_1787789537682_0004_000001
2026-08-26 19:05:01,736 INFO org.apache.hadoop.yarn.server.resourcemanager.RMAuditLogger: USER=user	IP=127.0.0.1	OPERATION=Register App Master	TARGET=ApplicationMasterService	RESULT=SUCCESS	APPID=application_1787789537682_0004	APPATTEMPTID=appattempt_1787789537682_0004_000001
2026-08-26 19:05:01,736 INFO org.apache.hadoop.yarn.server.resourcemanager.rmapp.attempt.RMAppAttemptImpl: appattempt_1787789537682_0004_000001 State change from LAUNCHED to RUNNING
2026-08-26 19:05:01,741 INFO org.apache.hadoop.yarn.server.resourcemanager.rmapp.RMAppImpl: application_1787789537682_0004 State change from ACCEPTED to RUNNING
2026-08-26 19:05:03,144 INFO org.apache.hadoop.yarn.server.resourcemanager.rmcontainer.RMContainerImpl: container_1787789537682_0004_01_000002 Container Transitioned from NEW to ALLOCATED
2026-08-26 19:05:03,144 INFO org.apache.hadoop.yarn.server.resourcemanager.RMAuditLogger: USER=user	OPERATION=AM Allocated Container	TARGET=SchedulerApp	RESULT=SUCCESS	APPID=application_1787789537682_0004	CONTAINERID=container_1787789537682_0004_01_000002
2026-08-26 19:05:03,144 INFO org.apache.hadoop.yarn.server.resourcemanager.scheduler.SchedulerNode: Assigned container container_1787789537682_0004_01_000002 of capacity <memory:1024, vCores:1> on host ubuntu:33501, which has 2 containers, <memory:3072, vCores:2> used and <memory:5120, vCores:6> available after allocation
2026-08-26 19:05:03,144 INFO org.apache.hadoop.yarn.server.resourcemanager.scheduler.capacity.LeafQueue: assignedContainer application attempt=appattempt_1787789537682_0004_000001 container=Container: [ContainerId: container_1787789537682_0004_01_000002, NodeId: ubuntu:33501, NodeHttpAddress: ubuntu:8042, Resource: <memory:1024, vCores:1>, Priority: 20, Token: null, ] queue=default: capacity=1.0, absoluteCapacity=1.0, usedResources=<memory:2048, vCores:1>, usedCapacity=0.25, absoluteUsedCapacity=0.25, numApps=1, numContainers=1 clusterResource=<memory:8192, vCores:8>
2026-08-26 19:05:03,145 INFO org.apache.hadoop.yarn.server.resourcemanager.scheduler.capacity.ParentQueue: Re-sorting assigned queue: root.default stats: default: capacity=1.0, absoluteCapacity=1.0, usedResources=<memory:3072, vCores:2>, usedCapacity=0.375, absoluteUsedCapacity=0.375, numApps=1, numContainers=2
2026-08-26 19:05:03,145 INFO org.apache.hadoop.yarn.server.resourcemanager.scheduler.capacity.ParentQueue: assignedContainer queue=root usedCapacity=0.375 absoluteUsedCapacity=0.375 used=<memory:3072, vCores:2> cluster=<memory:8192, vCores:8>
2026-08-26 19:05:03,147 INFO org.apache.hadoop.yarn.server.resourcemanager.rmcontainer.RMContainerImpl: container_1787789537682_0004_01_000003 Container Transitioned from NEW to ALLOCATED
2026-08-26 19:05:03,147 INFO org.apache.hadoop.yarn.server.resourcemanager.RMAuditLogger: USER=user	OPERATION=AM Allocated Container	TARGET=SchedulerApp	RESULT=SUCCESS	APPID=application_1787789537682_0004	CONTAINERID=container_1787789537682_0004_01_000003
2026-08-26 19:05:03,147 INFO org.apache.hadoop.yarn.server.resourcemanager.scheduler.SchedulerNode: Assigned container container_1787789537682_0004_01_000003 of capacity <memory:1024, vCores:1> on host ubuntu:33501, which has 3 containers, <memory:4096, vCores:3> used and <memory:4096, vCores:5> available after allocation
2026-08-26 19:05:03,147 INFO org.apache.hadoop.yarn.server.resourcemanager.scheduler.capacity.LeafQueue: assignedContainer application attempt=appattempt_1787789537682_0004_000001 container=Container: [ContainerId: container_1787789537682_0004_01_000003, NodeId: ubuntu:33501, NodeHttpAddress: ubuntu:8042, Resource: <memory:1024, vCores:1>, Priority: 20, Token: null, ] queue=default: capacity=1.0, absoluteCapacity=1.0, usedResources=<memory:3072, vCores:2>, usedCapacity=0.375, absoluteUsedCapacity=0.375, numApps=1, numContainers=2 clusterResource=<memory:8192, vCores:8>
2026-08-26 19:05:03,147 INFO org.apache.hadoop.yarn.server.resourcemanager.scheduler.capacity.ParentQueue: Re-sorting assigned queue: root.default stats: default: capacity=1.0, absoluteCapacity=1.0, usedResources=<memory:4096, vCores:3>, usedCapacity=0.5, absoluteUsedCapacity=0.5, numApps=1, numContainers=3
2026-08-26 19:05:03,147 INFO org.apache.hadoop.yarn.server.resourcemanager.scheduler.capacity.ParentQueue: assignedContainer queue=root usedCapacity=0.5 absoluteUsedCapacity=0.5 used=<memory:4096, vCores:3> cluster=<memory:8192, vCores:8>
2026-08-26 19:05:03,148 INFO org.apache.hadoop.yarn.server.resourcemanager.rmcontainer.RMContainerImpl: container_1787789537682_0004_01_000004 Container Transitioned from NEW to ALLOCATED
2026-08-26 19:05:03,148 INFO org.apache.hadoop.yarn.server.resourcemanager.RMAuditLogger: USER=user	OPERATION=AM Allocated Container	TARGET=SchedulerApp	RESULT=SUCCESS	APPID=application_1787789537682_0004	CONTAINERID=container_1787789537682_0004_01_000004
2026-08-26 19:05:03,148 INFO org.apache.hadoop.yarn.server.resourcemanager.scheduler.SchedulerNode: Assigned container container_1787789537682_0004_01_000004 of capacity <memory:1024, vCores:1> on host ubuntu:33501, which has 4 containers, <memory:5120, vCores:4> used and <memory:3072, vCores:4> available after allocation
2026-08-26 19:05:03,148 INFO org.apache.hadoop.yarn.server.resourcemanager.scheduler.capacity.LeafQueue: assignedContainer application attempt=appattempt_1787789537682_0004_000001 container=Container: [ContainerId: container_1787789537682_0004_01_000004, NodeId: ubuntu:33501, NodeHttpAddress: ubuntu:8042, Resource: <memory:1024, vCores:1>, Priority: 20, Token: null, ] queue=default: capacity=1.0, absoluteCapacity=1.0, usedResources=<memory:4096, vCores:3>, usedCapacity=0.5, absoluteUsedCapacity=0.5, numApps=1, numContainers=3 clusterResource=<memory:8192, vCores:8>
2026-08-26 19:05:03,148 INFO org.apache.hadoop.yarn.server.resourcemanager.scheduler.capacity.ParentQueue: Re-sorting assigned queue: root.default stats: default: capacity=1.0, absoluteCapacity=1.0, usedResources=<memory:5120, vCores:4>, usedCapacity=0.625, absoluteUsedCapacity=0.625, numApps=1, numContainers=4
2026-08-26 19:05:03,148 INFO org.apache.hadoop.yarn.server.resourcemanager.scheduler.capacity.ParentQueue: assignedContainer queue=root usedCapacity=0.625 absoluteUsedCapacity=0.625 used=<memory:5120, vCores:4> cluster=<memory:8192, vCores:8>
2026-08-26 19:05:03,150 INFO org.apache.hadoop.yarn.server.resourcemanager.rmcontainer.RMContainerImpl: container_1787789537682_0004_01_000005 Container Transitioned from NEW to ALLOCATED
2026-08-26 19:05:03,150 INFO org.apache.hadoop.yarn.server.resourcemanager.RMAuditLogger: USER=user	OPERATION=AM Allocated Container	TARGET=SchedulerApp	RESULT=SUCCESS	APPID=application_1787789537682_0004	CONTAINERID=container_1787789537682_0004_01_000005
2026-08-26 19:05:03,150 INFO org.apache.hadoop.yarn.server.resourcemanager.scheduler.SchedulerNode: Assigned container container_1787789537682_0004_01_000005 of capacity <memory:1024, vCores:1> on host ubuntu:33501, which has 5 containers, <memory:6144, vCores:5> used and <memory:2048, vCores:3> available after allocation
2026-08-26 19:05:03,150 INFO org.apache.hadoop.yarn.server.resourcemanager.scheduler.capacity.LeafQueue: assignedContainer application attempt=appattempt_1787789537682_0004_000001 container=Container: [ContainerId: container_1787789537682_0004_01_000005, NodeId: ubuntu:33501, NodeHttpAddress: ubuntu:8042, Resource: <memory:1024, vCores:1>, Priority: 20, Token: null, ] queue=default: capacity=1.0, absoluteCapacity=1.0, usedResources=<memory:5120, vCores:4>, usedCapacity=0.625, absoluteUsedCapacity=0.625, numApps=1, numContainers=4 clusterResource=<memory:8192, vCores:8>
2026-08-26 19:05:03,150 INFO org.apache.hadoop.yarn.server.resourcemanager.scheduler.capacity.ParentQueue: Re-sorting assigned queue: root.default stats: default: capacity=1.0, absoluteCapacity=1.0, usedResources=<memory:6144, vCores:5>, usedCapacity=0.75, absoluteUsedCapacity=0.75, numApps=1, numContainers=5
2026-08-26 19:05:03,150 INFO org.apache.hadoop.yarn.server.resourcemanager.scheduler.capacity.ParentQueue: assignedContainer queue=root usedCapacity=0.75 absoluteUsedCapacity=0.75 used=<memory:6144, vCores:5> cluster=<memory:8192, vCores:8>
2026-08-26 19:05:03,151 INFO org.apache.hadoop.yarn.server.resourcemanager.rmcontainer.RMContainerImpl: container_1787789537682_0004_01_000006 Container Transitioned from NEW to ALLOCATED
2026-08-26 19:05:03,151 INFO org.apache.hadoop.yarn.server.resourcemanager.RMAuditLogger: USER=user	OPERATION=AM Allocated Container	TARGET=SchedulerApp	RESULT=SUCCESS	APPID=application_1787789537682_0004	CONTAINERID=container_1787789537682_0004_01_000006
2026-08-26 19:05:03,151 INFO org.apache.hadoop.yarn.server.resourcemanager.scheduler.SchedulerNode: Assigned container container_1787789537682_0004_01_000006 of capacity <memory:1024, vCores:1> on host ubuntu:33501, which has 6 containers, <memory:7168, vCores:6> used and <memory:1024, vCores:2> available after allocation
2026-08-26 19:05:03,151 INFO org.apache.hadoop.yarn.server.resourcemanager.scheduler.capacity.LeafQueue: assignedContainer application attempt=appattempt_1787789537682_0004_000001 container=Container: [ContainerId: container_1787789537682_0004_01_000006, NodeId: ubuntu:33501, NodeHttpAddress: ubuntu:8042, Resource: <memory:1024, vCores:1>, Priority: 20, Token: null, ] queue=default: capacity=1.0, absoluteCapacity=1.0, usedResources=<memory:6144, vCores:5>, usedCapacity=0.75, absoluteUsedCapacity=0.75, numApps=1, numContainers=5 clusterResource=<memory:8192, vCores:8>
2026-08-26 19:05:03,151 INFO org.apache.hadoop.yarn.server.resourcemanager.scheduler.capacity.ParentQueue: Re-sorting assigned queue: root.default stats: default: capacity=1.0, absoluteCapacity=1.0, usedResources=<memory:7168, vCores:6>, usedCapacity=0.875, absoluteUsedCapacity=0.875, numApps=1, numContainers=6
2026-08-26 19:05:03,151 INFO org.apache.hadoop.yarn.server.resourcemanager.scheduler.capacity.ParentQueue: assignedContainer queue=root usedCapacity=0.875 absoluteUsedCapacity=0.875 used=<memory:7168, vCores:6> cluster=<memory:8192, vCores:8>
2026-08-26 19:05:03,152 INFO org.apache.hadoop.yarn.server.resourcemanager.rmcontainer.RMContainerImpl: container_1787789537682_0004_01_000007 Container Transitioned from NEW to ALLOCATED
2026-08-26 19:05:03,152 INFO org.apache.hadoop.yarn.server.resourcemanager.RMAuditLogger: USER=user	OPERATION=AM Allocated Container	TARGET=SchedulerApp	RESULT=SUCCESS	APPID=application_1787789537682_0004	CONTAINERID=container_1787789537682_0004_01_000007
2026-08-26 19:05:03,152 INFO org.apache.hadoop.yarn.server.resourcemanager.scheduler.SchedulerNode: Assigned container container_1787789537682_0004_01_000007 of capacity <memory:1024, vCores:1> on host ubuntu:33501, which has 7 containers, <memory:8192, vCores:7> used and <memory:0, vCores:1> available after allocation
2026-08-26 19:05:03,152 INFO org.apache.hadoop.yarn.server.resourcemanager.scheduler.capacity.LeafQueue: assignedContainer application attempt=appattempt_1787789537682_0004_000001 container=Container: [ContainerId: container_1787789537682_0004_01_000007, NodeId: ubuntu:33501, NodeHttpAddress: ubuntu:8042, Resource: <memory:1024, vCores:1>, Priority: 20, Token: null, ] queue=default: capacity=1.0, absoluteCapacity=1.0, usedResources=<memory:7168, vCores:6>, usedCapacity=0.875, absoluteUsedCapacity=0.875, numApps=1, numContainers=6 clusterResource=<memory:8192, vCores:8>
2026-08-26 19:05:03,153 INFO org.apache.hadoop.yarn.server.resourcemanager.scheduler.capacity.ParentQueue: Re-sorting assigned queue: root.default stats: default: capacity=1.0, absoluteCapacity=1.0, usedResources=<memory:8192, vCores:7>, usedCapacity=1.0, absoluteUsedCapacity=1.0, numApps=1, numContainers=7
2026-08-26 19:05:03,153 INFO org.apache.hadoop.yarn.server.resourcemanager.scheduler.capacity.ParentQueue: assignedContainer queue=root usedCapacity=1.0 absoluteUsedCapacity=1.0 used=<memory:8192, vCores:7> cluster=<memory:8192, vCores:8>
2026-08-26 19:05:03,786 INFO org.apache.hadoop.yarn.server.resourcemanager.security.NMTokenSecretManagerInRM: Sending NMToken for nodeId : ubuntu:33501 for container : container_1787789537682_0004_01_000002
2026-08-26 19:05:03,789 INFO org.apache.hadoop.yarn.server.resourcemanager.rmcontainer.RMContainerImpl: container_1787789537682_0004_01_000002 Container Transitioned from ALLOCATED to ACQUIRED
2026-08-26 19:05:03,790 INFO org.apache.hadoop.yarn.server.resourcemanager.rmcontainer.RMContainerImpl: container_1787789537682_0004_01_000003 Container Transitioned from ALLOCATED to ACQUIRED
2026-08-26 19:05:03,791 INFO org.apache.hadoop.yarn.server.resourcemanager.rmcontainer.RMContainerImpl: container_1787789537682_0004_01_000004 Container Transitioned from ALLOCATED to ACQUIRED
2026-08-26 19:05:03,793 INFO org.apache.hadoop.yarn.server.resourcemanager.rmcontainer.RMContainerImpl: container_1787789537682_0004_01_000005 Container Transitioned from ALLOCATED to ACQUIRED
2026-08-26 19:05:03,793 INFO org.apache.hadoop.yarn.server.resourcemanager.rmcontainer.RMContainerImpl: container_1787789537682_0004_01_000006 Container Transitioned from ALLOCATED to ACQUIRED
2026-08-26 19:05:03,795 INFO org.apache.hadoop.yarn.server.resourcemanager.rmcontainer.RMContainerImpl: container_1787789537682_0004_01_000007 Container Transitioned from ALLOCATED to ACQUIRED
2026-08-26 19:05:04,163 INFO org.apache.hadoop.yarn.server.resourcemanager.rmcontainer.RMContainerImpl: container_1787789537682_0004_01_000002 Container Transitioned from ACQUIRED to RUNNING
2026-08-26 19:05:04,163 INFO org.apache.hadoop.yarn.server.resourcemanager.rmcontainer.RMContainerImpl: container_1787789537682_0004_01_000003 Container Transitioned from ACQUIRED to RUNNING
2026-08-26 19:05:04,163 INFO org.apache.hadoop.yarn.server.resourcemanager.rmcontainer.RMContainerImpl: container_1787789537682_0004_01_000004 Container Transitioned from ACQUIRED to RUNNING
2026-08-26 19:05:04,163 INFO org.apache.hadoop.yarn.server.resourcemanager.rmcontainer.RMContainerImpl: container_1787789537682_0004_01_000005 Container Transitioned from ACQUIRED to RUNNING
2026-08-26 19:05:04,163 INFO org.apache.hadoop.yarn.server.resourcemanager.rmcontainer.RMContainerImpl: container_1787789537682_0004_01_000006 Container Transitioned from ACQUIRED to RUNNING
2026-08-26 19:05:04,163 INFO org.apache.hadoop.yarn.server.resourcemanager.rmcontainer.RMContainerImpl: container_1787789537682_0004_01_000007 Container Transitioned from ACQUIRED to RUNNING
2026-08-26 19:05:04,825 INFO org.apache.hadoop.yarn.server.resourcemanager.scheduler.AppSchedulingInfo: checking for deactivate... 
2026-08-26 19:05:13,476 INFO org.apache.hadoop.yarn.server.resourcemanager.rmcontainer.RMContainerImpl: container_1787789537682_0004_01_000003 Container Transitioned from RUNNING to COMPLETED
2026-08-26 19:05:13,483 INFO org.apache.hadoop.yarn.server.resourcemanager.scheduler.common.fica.FiCaSchedulerApp: Completed container: container_1787789537682_0004_01_000003 in state: COMPLETED event:FINISHED
2026-08-26 19:05:13,483 INFO org.apache.hadoop.yarn.server.resourcemanager.RMAuditLogger: USER=user	OPERATION=AM Released Container	TARGET=SchedulerApp	RESULT=SUCCESS	APPID=application_1787789537682_0004	CONTAINERID=container_1787789537682_0004_01_000003
2026-08-26 19:05:13,484 INFO org.apache.hadoop.yarn.server.resourcemanager.scheduler.SchedulerNode: Released container container_1787789537682_0004_01_000003 of capacity <memory:1024, vCores:1> on host ubuntu:33501, which currently has 6 containers, <memory:7168, vCores:6> used and <memory:1024, vCores:2> available, release resources=true
2026-08-26 19:05:13,484 INFO org.apache.hadoop.yarn.server.resourcemanager.scheduler.capacity.LeafQueue: default used=<memory:7168, vCores:6> numContainers=6 user=user user-resources=<memory:7168, vCores:6>
2026-08-26 19:05:13,484 INFO org.apache.hadoop.yarn.server.resourcemanager.scheduler.capacity.LeafQueue: completedContainer container=Container: [ContainerId: container_1787789537682_0004_01_000003, NodeId: ubuntu:33501, NodeHttpAddress: ubuntu:8042, Resource: <memory:1024, vCores:1>, Priority: 20, Token: Token { kind: ContainerToken, service: 127.0.1.1:33501 }, ] queue=default: capacity=1.0, absoluteCapacity=1.0, usedResources=<memory:7168, vCores:6>, usedCapacity=0.875, absoluteUsedCapacity=0.875, numApps=1, numContainers=6 cluster=<memory:8192, vCores:8>
2026-08-26 19:05:13,484 INFO org.apache.hadoop.yarn.server.resourcemanager.scheduler.capacity.ParentQueue: completedContainer queue=root usedCapacity=0.875 absoluteUsedCapacity=0.875 used=<memory:7168, vCores:6> cluster=<memory:8192, vCores:8>
2026-08-26 19:05:13,484 INFO org.apache.hadoop.yarn.server.resourcemanager.scheduler.capacity.ParentQueue: Re-sorting completed queue: root.default stats: default: capacity=1.0, absoluteCapacity=1.0, usedResources=<memory:7168, vCores:6>, usedCapacity=0.875, absoluteUsedCapacity=0.875, numApps=1, numContainers=6
2026-08-26 19:05:13,484 INFO org.apache.hadoop.yarn.server.resourcemanager.scheduler.capacity.CapacityScheduler: Application attempt appattempt_1787789537682_0004_000001 released container container_1787789537682_0004_01_000003 on node: host: ubuntu:33501 #containers=6 available=1024 used=7168 with event: FINISHED
2026-08-26 19:05:14,633 INFO org.apache.hadoop.yarn.server.resourcemanager.rmcontainer.RMContainerImpl: container_1787789537682_0004_01_000004 Container Transitioned from RUNNING to COMPLETED
2026-08-26 19:05:14,633 INFO org.apache.hadoop.yarn.server.resourcemanager.scheduler.common.fica.FiCaSchedulerApp: Completed container: container_1787789537682_0004_01_000004 in state: COMPLETED event:FINISHED
2026-08-26 19:05:14,634 INFO org.apache.hadoop.yarn.server.resourcemanager.RMAuditLogger: USER=user	OPERATION=AM Released Container	TARGET=SchedulerApp	RESULT=SUCCESS	APPID=application_1787789537682_0004	CONTAINERID=container_1787789537682_0004_01_000004
2026-08-26 19:05:14,634 INFO org.apache.hadoop.yarn.server.resourcemanager.scheduler.SchedulerNode: Released container container_1787789537682_0004_01_000004 of capacity <memory:1024, vCores:1> on host ubuntu:33501, which currently has 5 containers, <memory:6144, vCores:5> used and <memory:2048, vCores:3> available, release resources=true
2026-08-26 19:05:14,634 INFO org.apache.hadoop.yarn.server.resourcemanager.scheduler.capacity.LeafQueue: default used=<memory:6144, vCores:5> numContainers=5 user=user user-resources=<memory:6144, vCores:5>
2026-08-26 19:05:14,636 INFO org.apache.hadoop.yarn.server.resourcemanager.scheduler.capacity.LeafQueue: completedContainer container=Container: [ContainerId: container_1787789537682_0004_01_000004, NodeId: ubuntu:33501, NodeHttpAddress: ubuntu:8042, Resource: <memory:1024, vCores:1>, Priority: 20, Token: Token { kind: ContainerToken, service: 127.0.1.1:33501 }, ] queue=default: capacity=1.0, absoluteCapacity=1.0, usedResources=<memory:6144, vCores:5>, usedCapacity=0.75, absoluteUsedCapacity=0.75, numApps=1, numContainers=5 cluster=<memory:8192, vCores:8>
2026-08-26 19:05:14,636 INFO org.apache.hadoop.yarn.server.resourcemanager.scheduler.capacity.ParentQueue: completedContainer queue=root usedCapacity=0.75 absoluteUsedCapacity=0.75 used=<memory:6144, vCores:5> cluster=<memory:8192, vCores:8>
2026-08-26 19:05:14,636 INFO org.apache.hadoop.yarn.server.resourcemanager.scheduler.capacity.ParentQueue: Re-sorting completed queue: root.default stats: default: capacity=1.0, absoluteCapacity=1.0, usedResources=<memory:6144, vCores:5>, usedCapacity=0.75, absoluteUsedCapacity=0.75, numApps=1, numContainers=5
2026-08-26 19:05:14,636 INFO org.apache.hadoop.yarn.server.resourcemanager.scheduler.capacity.CapacityScheduler: Application attempt appattempt_1787789537682_0004_000001 released container container_1787789537682_0004_01_000004 on node: host: ubuntu:33501 #containers=5 available=2048 used=6144 with event: FINISHED
2026-08-26 19:05:14,636 INFO org.apache.hadoop.yarn.server.resourcemanager.rmcontainer.RMContainerImpl: container_1787789537682_0004_01_000005 Container Transitioned from RUNNING to COMPLETED
2026-08-26 19:05:14,636 INFO org.apache.hadoop.yarn.server.resourcemanager.scheduler.common.fica.FiCaSchedulerApp: Completed container: container_1787789537682_0004_01_000005 in state: COMPLETED event:FINISHED
2026-08-26 19:05:14,636 INFO org.apache.hadoop.yarn.server.resourcemanager.RMAuditLogger: USER=user	OPERATION=AM Released Container	TARGET=SchedulerApp	RESULT=SUCCESS	APPID=application_1787789537682_0004	CONTAINERID=container_1787789537682_0004_01_000005
2026-08-26 19:05:14,636 INFO org.apache.hadoop.yarn.server.resourcemanager.scheduler.SchedulerNode: Released container container_1787789537682_0004_01_000005 of capacity <memory:1024, vCores:1> on host ubuntu:33501, which currently has 4 containers, <memory:5120, vCores:4> used and <memory:3072, vCores:4> available, release resources=true
2026-08-26 19:05:14,636 INFO org.apache.hadoop.yarn.server.resourcemanager.scheduler.capacity.LeafQueue: default used=<memory:5120, vCores:4> numContainers=4 user=user user-resources=<memory:5120, vCores:4>
2026-08-26 19:05:14,636 INFO org.apache.hadoop.yarn.server.resourcemanager.scheduler.capacity.LeafQueue: completedContainer container=Container: [ContainerId: container_1787789537682_0004_01_000005, NodeId: ubuntu:33501, NodeHttpAddress: ubuntu:8042, Resource: <memory:1024, vCores:1>, Priority: 20, Token: Token { kind: ContainerToken, service: 127.0.1.1:33501 }, ] queue=default: capacity=1.0, absoluteCapacity=1.0, usedResources=<memory:5120, vCores:4>, usedCapacity=0.625, absoluteUsedCapacity=0.625, numApps=1, numContainers=4 cluster=<memory:8192, vCores:8>
2026-08-26 19:05:14,636 INFO org.apache.hadoop.yarn.server.resourcemanager.scheduler.capacity.ParentQueue: completedContainer queue=root usedCapacity=0.625 absoluteUsedCapacity=0.625 used=<memory:5120, vCores:4> cluster=<memory:8192, vCores:8>
2026-08-26 19:05:14,636 INFO org.apache.hadoop.yarn.server.resourcemanager.scheduler.capacity.ParentQueue: Re-sorting completed queue: root.default stats: default: capacity=1.0, absoluteCapacity=1.0, usedResources=<memory:5120, vCores:4>, usedCapacity=0.625, absoluteUsedCapacity=0.625, numApps=1, numContainers=4
2026-08-26 19:05:14,636 INFO org.apache.hadoop.yarn.server.resourcemanager.scheduler.capacity.CapacityScheduler: Application attempt appattempt_1787789537682_0004_000001 released container container_1787789537682_0004_01_000005 on node: host: ubuntu:33501 #containers=4 available=3072 used=5120 with event: FINISHED
2026-08-26 19:05:14,636 INFO org.apache.hadoop.yarn.server.resourcemanager.rmcontainer.RMContainerImpl: container_1787789537682_0004_01_000006 Container Transitioned from RUNNING to COMPLETED
2026-08-26 19:05:14,636 INFO org.apache.hadoop.yarn.server.resourcemanager.scheduler.common.fica.FiCaSchedulerApp: Completed container: container_1787789537682_0004_01_000006 in state: COMPLETED event:FINISHED
2026-08-26 19:05:14,636 INFO org.apache.hadoop.yarn.server.resourcemanager.RMAuditLogger: USER=user	OPERATION=AM Released Container	TARGET=SchedulerApp	RESULT=SUCCESS	APPID=application_1787789537682_0004	CONTAINERID=container_1787789537682_0004_01_000006
2026-08-26 19:05:14,637 INFO org.apache.hadoop.yarn.server.resourcemanager.scheduler.SchedulerNode: Released container container_1787789537682_0004_01_000006 of capacity <memory:1024, vCores:1> on host ubuntu:33501, which currently has 3 containers, <memory:4096, vCores:3> used and <memory:4096, vCores:5> available, release resources=true
2026-08-26 19:05:14,637 INFO org.apache.hadoop.yarn.server.resourcemanager.scheduler.capacity.LeafQueue: default used=<memory:4096, vCores:3> numContainers=3 user=user user-resources=<memory:4096, vCores:3>
2026-08-26 19:05:14,637 INFO org.apache.hadoop.yarn.server.resourcemanager.scheduler.capacity.LeafQueue: completedContainer container=Container: [ContainerId: container_1787789537682_0004_01_000006, NodeId: ubuntu:33501, NodeHttpAddress: ubuntu:8042, Resource: <memory:1024, vCores:1>, Priority: 20, Token: Token { kind: ContainerToken, service: 127.0.1.1:33501 }, ] queue=default: capacity=1.0, absoluteCapacity=1.0, usedResources=<memory:4096, vCores:3>, usedCapacity=0.5, absoluteUsedCapacity=0.5, numApps=1, numContainers=3 cluster=<memory:8192, vCores:8>
2026-08-26 19:05:14,637 INFO org.apache.hadoop.yarn.server.resourcemanager.scheduler.capacity.ParentQueue: completedContainer queue=root usedCapacity=0.5 absoluteUsedCapacity=0.5 used=<memory:4096, vCores:3> cluster=<memory:8192, vCores:8>
2026-08-26 19:05:14,637 INFO org.apache.hadoop.yarn.server.resourcemanager.scheduler.capacity.ParentQueue: Re-sorting completed queue: root.default stats: default: capacity=1.0, absoluteCapacity=1.0, usedResources=<memory:4096, vCores:3>, usedCapacity=0.5, absoluteUsedCapacity=0.5, numApps=1, numContainers=3
2026-08-26 19:05:14,637 INFO org.apache.hadoop.yarn.server.resourcemanager.scheduler.capacity.CapacityScheduler: Application attempt appattempt_1787789537682_0004_000001 released container container_1787789537682_0004_01_000006 on node: host: ubuntu:33501 #containers=3 available=4096 used=4096 with event: FINISHED
2026-08-26 19:05:14,637 INFO org.apache.hadoop.yarn.server.resourcemanager.rmcontainer.RMContainerImpl: container_1787789537682_0004_01_000007 Container Transitioned from RUNNING to COMPLETED
2026-08-26 19:05:14,637 INFO org.apache.hadoop.yarn.server.resourcemanager.scheduler.common.fica.FiCaSchedulerApp: Completed container: container_1787789537682_0004_01_000007 in state: COMPLETED event:FINISHED
2026-08-26 19:05:14,637 INFO org.apache.hadoop.yarn.server.resourcemanager.RMAuditLogger: USER=user	OPERATION=AM Released Container	TARGET=SchedulerApp	RESULT=SUCCESS	APPID=application_1787789537682_0004	CONTAINERID=container_1787789537682_0004_01_000007
2026-08-26 19:05:14,637 INFO org.apache.hadoop.yarn.server.resourcemanager.scheduler.SchedulerNode: Released container container_1787789537682_0004_01_000007 of capacity <memory:1024, vCores:1> on host ubuntu:33501, which currently has 2 containers, <memory:3072, vCores:2> used and <memory:5120, vCores:6> available, release resources=true
2026-08-26 19:05:14,637 INFO org.apache.hadoop.yarn.server.resourcemanager.scheduler.capacity.LeafQueue: default used=<memory:3072, vCores:2> numContainers=2 user=user user-resources=<memory:3072, vCores:2>
2026-08-26 19:05:14,637 INFO org.apache.hadoop.yarn.server.resourcemanager.scheduler.capacity.LeafQueue: completedContainer container=Container: [ContainerId: container_1787789537682_0004_01_000007, NodeId: ubuntu:33501, NodeHttpAddress: ubuntu:8042, Resource: <memory:1024, vCores:1>, Priority: 20, Token: Token { kind: ContainerToken, service: 127.0.1.1:33501 }, ] queue=default: capacity=1.0, absoluteCapacity=1.0, usedResources=<memory:3072, vCores:2>, usedCapacity=0.375, absoluteUsedCapacity=0.375, numApps=1, numContainers=2 cluster=<memory:8192, vCores:8>
2026-08-26 19:05:14,637 INFO org.apache.hadoop.yarn.server.resourcemanager.scheduler.capacity.ParentQueue: completedContainer queue=root usedCapacity=0.375 absoluteUsedCapacity=0.375 used=<memory:3072, vCores:2> cluster=<memory:8192, vCores:8>
2026-08-26 19:05:14,637 INFO org.apache.hadoop.yarn.server.resourcemanager.scheduler.capacity.ParentQueue: Re-sorting completed queue: root.default stats: default: capacity=1.0, absoluteCapacity=1.0, usedResources=<memory:3072, vCores:2>, usedCapacity=0.375, absoluteUsedCapacity=0.375, numApps=1, numContainers=2
2026-08-26 19:05:14,637 INFO org.apache.hadoop.yarn.server.resourcemanager.scheduler.capacity.CapacityScheduler: Application attempt appattempt_1787789537682_0004_000001 released container container_1787789537682_0004_01_000007 on node: host: ubuntu:33501 #containers=2 available=5120 used=3072 with event: FINISHED
2026-08-26 19:05:14,640 INFO org.apache.hadoop.yarn.server.resourcemanager.rmcontainer.RMContainerImpl: container_1787789537682_0004_01_000008 Container Transitioned from NEW to ALLOCATED
2026-08-26 19:05:14,640 INFO org.apache.hadoop.yarn.server.resourcemanager.RMAuditLogger: USER=user	OPERATION=AM Allocated Container	TARGET=SchedulerApp	RESULT=SUCCESS	APPID=application_1787789537682_0004	CONTAINERID=container_1787789537682_0004_01_000008
2026-08-26 19:05:14,640 INFO org.apache.hadoop.yarn.server.resourcemanager.scheduler.SchedulerNode: Assigned container container_1787789537682_0004_01_000008 of capacity <memory:1024, vCores:1> on host ubuntu:33501, which has 3 containers, <memory:4096, vCores:3> used and <memory:4096, vCores:5> available after allocation
2026-08-26 19:05:14,640 INFO org.apache.hadoop.yarn.server.resourcemanager.scheduler.capacity.LeafQueue: assignedContainer application attempt=appattempt_1787789537682_0004_000001 container=Container: [ContainerId: container_1787789537682_0004_01_000008, NodeId: ubuntu:33501, NodeHttpAddress: ubuntu:8042, Resource: <memory:1024, vCores:1>, Priority: 10, Token: null, ] queue=default: capacity=1.0, absoluteCapacity=1.0, usedResources=<memory:3072, vCores:2>, usedCapacity=0.375, absoluteUsedCapacity=0.375, numApps=1, numContainers=2 clusterResource=<memory:8192, vCores:8>
2026-08-26 19:05:14,640 INFO org.apache.hadoop.yarn.server.resourcemanager.scheduler.capacity.ParentQueue: Re-sorting assigned queue: root.default stats: default: capacity=1.0, absoluteCapacity=1.0, usedResources=<memory:4096, vCores:3>, usedCapacity=0.5, absoluteUsedCapacity=0.5, numApps=1, numContainers=3
2026-08-26 19:05:14,640 INFO org.apache.hadoop.yarn.server.resourcemanager.scheduler.capacity.ParentQueue: assignedContainer queue=root usedCapacity=0.5 absoluteUsedCapacity=0.5 used=<memory:4096, vCores:3> cluster=<memory:8192, vCores:8>
2026-08-26 19:05:14,899 INFO org.apache.hadoop.yarn.server.resourcemanager.rmcontainer.RMContainerImpl: container_1787789537682_0004_01_000008 Container Transitioned from ALLOCATED to ACQUIRED
2026-08-26 19:05:15,638 INFO org.apache.hadoop.yarn.server.resourcemanager.rmcontainer.RMContainerImpl: container_1787789537682_0004_01_000008 Container Transitioned from ACQUIRED to RUNNING
2026-08-26 19:05:15,905 INFO org.apache.hadoop.yarn.server.resourcemanager.scheduler.AppSchedulingInfo: checking for deactivate... 
2026-08-26 19:05:19,646 INFO org.apache.hadoop.yarn.server.resourcemanager.rmcontainer.RMContainerImpl: container_1787789537682_0004_01_000009 Container Transitioned from NEW to ALLOCATED
2026-08-26 19:05:19,646 INFO org.apache.hadoop.yarn.server.resourcemanager.RMAuditLogger: USER=user	OPERATION=AM Allocated Container	TARGET=SchedulerApp	RESULT=SUCCESS	APPID=application_1787789537682_0004	CONTAINERID=container_1787789537682_0004_01_000009
2026-08-26 19:05:19,646 INFO org.apache.hadoop.yarn.server.resourcemanager.scheduler.SchedulerNode: Assigned container container_1787789537682_0004_01_000009 of capacity <memory:1024, vCores:1> on host ubuntu:33501, which has 4 containers, <memory:5120, vCores:4> used and <memory:3072, vCores:4> available after allocation
2026-08-26 19:05:19,646 INFO org.apache.hadoop.yarn.server.resourcemanager.scheduler.capacity.LeafQueue: assignedContainer application attempt=appattempt_1787789537682_0004_000001 container=Container: [ContainerId: container_1787789537682_0004_01_000009, NodeId: ubuntu:33501, NodeHttpAddress: ubuntu:8042, Resource: <memory:1024, vCores:1>, Priority: 20, Token: null, ] queue=default: capacity=1.0, absoluteCapacity=1.0, usedResources=<memory:4096, vCores:3>, usedCapacity=0.5, absoluteUsedCapacity=0.5, numApps=1, numContainers=3 clusterResource=<memory:8192, vCores:8>
2026-08-26 19:05:19,647 INFO org.apache.hadoop.yarn.server.resourcemanager.scheduler.capacity.ParentQueue: Re-sorting assigned queue: root.default stats: default: capacity=1.0, absoluteCapacity=1.0, usedResources=<memory:5120, vCores:4>, usedCapacity=0.625, absoluteUsedCapacity=0.625, numApps=1, numContainers=4
2026-08-26 19:05:19,647 INFO org.apache.hadoop.yarn.server.resourcemanager.scheduler.capacity.ParentQueue: assignedContainer queue=root usedCapacity=0.625 absoluteUsedCapacity=0.625 used=<memory:5120, vCores:4> cluster=<memory:8192, vCores:8>
2026-08-26 19:05:19,926 INFO org.apache.hadoop.yarn.server.resourcemanager.scheduler.AppSchedulingInfo: checking for deactivate... 
2026-08-26 19:05:19,931 INFO org.apache.hadoop.yarn.server.resourcemanager.rmcontainer.RMContainerImpl: container_1787789537682_0004_01_000009 Container Transitioned from ALLOCATED to ACQUIRED
2026-08-26 19:05:20,775 INFO org.apache.hadoop.yarn.server.resourcemanager.rmcontainer.RMContainerImpl: container_1787789537682_0004_01_000002 Container Transitioned from RUNNING to COMPLETED
2026-08-26 19:05:20,775 INFO org.apache.hadoop.yarn.server.resourcemanager.scheduler.common.fica.FiCaSchedulerApp: Completed container: container_1787789537682_0004_01_000002 in state: COMPLETED event:FINISHED
2026-08-26 19:05:20,775 INFO org.apache.hadoop.yarn.server.resourcemanager.RMAuditLogger: USER=user	OPERATION=AM Released Container	TARGET=SchedulerApp	RESULT=SUCCESS	APPID=application_1787789537682_0004	CONTAINERID=container_1787789537682_0004_01_000002
2026-08-26 19:05:20,775 INFO org.apache.hadoop.yarn.server.resourcemanager.scheduler.SchedulerNode: Released container container_1787789537682_0004_01_000002 of capacity <memory:1024, vCores:1> on host ubuntu:33501, which currently has 3 containers, <memory:4096, vCores:3> used and <memory:4096, vCores:5> available, release resources=true
2026-08-26 19:05:20,775 INFO org.apache.hadoop.yarn.server.resourcemanager.scheduler.capacity.LeafQueue: default used=<memory:4096, vCores:3> numContainers=3 user=user user-resources=<memory:4096, vCores:3>
2026-08-26 19:05:20,776 INFO org.apache.hadoop.yarn.server.resourcemanager.scheduler.capacity.LeafQueue: completedContainer container=Container: [ContainerId: container_1787789537682_0004_01_000002, NodeId: ubuntu:33501, NodeHttpAddress: ubuntu:8042, Resource: <memory:1024, vCores:1>, Priority: 20, Token: Token { kind: ContainerToken, service: 127.0.1.1:33501 }, ] queue=default: capacity=1.0, absoluteCapacity=1.0, usedResources=<memory:4096, vCores:3>, usedCapacity=0.5, absoluteUsedCapacity=0.5, numApps=1, numContainers=3 cluster=<memory:8192, vCores:8>
2026-08-26 19:05:20,776 INFO org.apache.hadoop.yarn.server.resourcemanager.scheduler.capacity.ParentQueue: completedContainer queue=root usedCapacity=0.5 absoluteUsedCapacity=0.5 used=<memory:4096, vCores:3> cluster=<memory:8192, vCores:8>
2026-08-26 19:05:20,776 INFO org.apache.hadoop.yarn.server.resourcemanager.scheduler.capacity.ParentQueue: Re-sorting completed queue: root.default stats: default: capacity=1.0, absoluteCapacity=1.0, usedResources=<memory:4096, vCores:3>, usedCapacity=0.5, absoluteUsedCapacity=0.5, numApps=1, numContainers=3
2026-08-26 19:05:20,776 INFO org.apache.hadoop.yarn.server.resourcemanager.scheduler.capacity.CapacityScheduler: Application attempt appattempt_1787789537682_0004_000001 released container container_1787789537682_0004_01_000002 on node: host: ubuntu:33501 #containers=3 available=4096 used=4096 with event: FINISHED
2026-08-26 19:05:20,939 INFO org.apache.hadoop.yarn.server.resourcemanager.rmcontainer.RMContainerImpl: container_1787789537682_0004_01_000009 Container Transitioned from ACQUIRED to RELEASED
2026-08-26 19:05:20,939 INFO org.apache.hadoop.yarn.server.resourcemanager.scheduler.common.fica.FiCaSchedulerApp: Completed container: container_1787789537682_0004_01_000009 in state: RELEASED event:RELEASED
2026-08-26 19:05:20,940 INFO org.apache.hadoop.yarn.server.resourcemanager.RMAuditLogger: USER=user	IP=127.0.0.1	OPERATION=AM Released Container	TARGET=SchedulerApp	RESULT=SUCCESS	APPID=application_1787789537682_0004	CONTAINERID=container_1787789537682_0004_01_000009
2026-08-26 19:05:20,940 INFO org.apache.hadoop.yarn.server.resourcemanager.scheduler.SchedulerNode: Released container container_1787789537682_0004_01_000009 of capacity <memory:1024, vCores:1> on host ubuntu:33501, which currently has 2 containers, <memory:3072, vCores:2> used and <memory:5120, vCores:6> available, release resources=true
2026-08-26 19:05:20,940 INFO org.apache.hadoop.yarn.server.resourcemanager.scheduler.capacity.LeafQueue: default used=<memory:3072, vCores:2> numContainers=2 user=user user-resources=<memory:3072, vCores:2>
2026-08-26 19:05:20,941 INFO org.apache.hadoop.yarn.server.resourcemanager.scheduler.capacity.LeafQueue: completedContainer container=Container: [ContainerId: container_1787789537682_0004_01_000009, NodeId: ubuntu:33501, NodeHttpAddress: ubuntu:8042, Resource: <memory:1024, vCores:1>, Priority: 20, Token: Token { kind: ContainerToken, service: 127.0.1.1:33501 }, ] queue=default: capacity=1.0, absoluteCapacity=1.0, usedResources=<memory:3072, vCores:2>, usedCapacity=0.375, absoluteUsedCapacity=0.375, numApps=1, numContainers=2 cluster=<memory:8192, vCores:8>
2026-08-26 19:05:20,941 INFO org.apache.hadoop.yarn.server.resourcemanager.scheduler.capacity.ParentQueue: completedContainer queue=root usedCapacity=0.375 absoluteUsedCapacity=0.375 used=<memory:3072, vCores:2> cluster=<memory:8192, vCores:8>
2026-08-26 19:05:20,941 INFO org.apache.hadoop.yarn.server.resourcemanager.scheduler.capacity.ParentQueue: Re-sorting completed queue: root.default stats: default: capacity=1.0, absoluteCapacity=1.0, usedResources=<memory:3072, vCores:2>, usedCapacity=0.375, absoluteUsedCapacity=0.375, numApps=1, numContainers=2
2026-08-26 19:05:20,941 INFO org.apache.hadoop.yarn.server.resourcemanager.scheduler.capacity.CapacityScheduler: Application attempt appattempt_1787789537682_0004_000001 released container container_1787789537682_0004_01_000009 on node: host: ubuntu:33501 #containers=2 available=5120 used=3072 with event: RELEASED
2026-08-26 19:05:22,457 INFO org.apache.hadoop.yarn.server.resourcemanager.rmapp.attempt.RMAppAttemptImpl: Updating application attempt appattempt_1787789537682_0004_000001 with final state: FINISHING, and exit status: -1000
2026-08-26 19:05:22,458 INFO org.apache.hadoop.yarn.server.resourcemanager.rmapp.attempt.RMAppAttemptImpl: appattempt_1787789537682_0004_000001 State change from RUNNING to FINAL_SAVING
2026-08-26 19:05:22,458 INFO org.apache.hadoop.yarn.server.resourcemanager.rmapp.RMAppImpl: Updating application application_1787789537682_0004 with final state: FINISHING
2026-08-26 19:05:22,458 INFO org.apache.hadoop.yarn.server.resourcemanager.rmapp.RMAppImpl: application_1787789537682_0004 State change from RUNNING to FINAL_SAVING
2026-08-26 19:05:22,458 INFO org.apache.hadoop.yarn.server.resourcemanager.recovery.RMStateStore: Updating info for app: application_1787789537682_0004
2026-08-26 19:05:22,459 INFO org.apache.hadoop.yarn.server.resourcemanager.rmapp.attempt.RMAppAttemptImpl: appattempt_1787789537682_0004_000001 State change from FINAL_SAVING to FINISHING
2026-08-26 19:05:22,459 INFO org.apache.hadoop.yarn.server.resourcemanager.rmapp.RMAppImpl: application_1787789537682_0004 State change from FINAL_SAVING to FINISHING
2026-08-26 19:05:23,205 INFO org.apache.hadoop.yarn.server.resourcemanager.rmcontainer.RMContainerImpl: container_1787789537682_0004_01_000008 Container Transitioned from RUNNING to COMPLETED
2026-08-26 19:05:23,205 INFO org.apache.hadoop.yarn.server.resourcemanager.scheduler.common.fica.FiCaSchedulerApp: Completed container: container_1787789537682_0004_01_000008 in state: COMPLETED event:FINISHED
2026-08-26 19:05:23,205 INFO org.apache.hadoop.yarn.server.resourcemanager.RMAuditLogger: USER=user	OPERATION=AM Released Container	TARGET=SchedulerApp	RESULT=SUCCESS	APPID=application_1787789537682_0004	CONTAINERID=container_1787789537682_0004_01_000008
2026-08-26 19:05:23,206 INFO org.apache.hadoop.yarn.server.resourcemanager.scheduler.SchedulerNode: Released container container_1787789537682_0004_01_000008 of capacity <memory:1024, vCores:1> on host ubuntu:33501, which currently has 1 containers, <memory:2048, vCores:1> used and <memory:6144, vCores:7> available, release resources=true
2026-08-26 19:05:23,206 INFO org.apache.hadoop.yarn.server.resourcemanager.scheduler.capacity.LeafQueue: default used=<memory:2048, vCores:1> numContainers=1 user=user user-resources=<memory:2048, vCores:1>
2026-08-26 19:05:23,207 INFO org.apache.hadoop.yarn.server.resourcemanager.scheduler.capacity.LeafQueue: completedContainer container=Container: [ContainerId: container_1787789537682_0004_01_000008, NodeId: ubuntu:33501, NodeHttpAddress: ubuntu:8042, Resource: <memory:1024, vCores:1>, Priority: 10, Token: Token { kind: ContainerToken, service: 127.0.1.1:33501 }, ] queue=default: capacity=1.0, absoluteCapacity=1.0, usedResources=<memory:2048, vCores:1>, usedCapacity=0.25, absoluteUsedCapacity=0.25, numApps=1, numContainers=1 cluster=<memory:8192, vCores:8>
2026-08-26 19:05:23,207 INFO org.apache.hadoop.yarn.server.resourcemanager.scheduler.capacity.ParentQueue: completedContainer queue=root usedCapacity=0.25 absoluteUsedCapacity=0.25 used=<memory:2048, vCores:1> cluster=<memory:8192, vCores:8>
2026-08-26 19:05:23,208 INFO org.apache.hadoop.yarn.server.resourcemanager.scheduler.capacity.ParentQueue: Re-sorting completed queue: root.default stats: default: capacity=1.0, absoluteCapacity=1.0, usedResources=<memory:2048, vCores:1>, usedCapacity=0.25, absoluteUsedCapacity=0.25, numApps=1, numContainers=1
2026-08-26 19:05:23,208 INFO org.apache.hadoop.yarn.server.resourcemanager.scheduler.capacity.CapacityScheduler: Application attempt appattempt_1787789537682_0004_000001 released container container_1787789537682_0004_01_000008 on node: host: ubuntu:33501 #containers=1 available=6144 used=2048 with event: FINISHED
2026-08-26 19:05:29,215 INFO org.apache.hadoop.yarn.server.resourcemanager.rmcontainer.RMContainerImpl: container_1787789537682_0004_01_000001 Container Transitioned from RUNNING to COMPLETED
2026-08-26 19:05:29,215 INFO org.apache.hadoop.yarn.server.resourcemanager.scheduler.common.fica.FiCaSchedulerApp: Completed container: container_1787789537682_0004_01_000001 in state: COMPLETED event:FINISHED
2026-08-26 19:05:29,215 INFO org.apache.hadoop.yarn.server.resourcemanager.RMAuditLogger: USER=user	OPERATION=AM Released Container	TARGET=SchedulerApp	RESULT=SUCCESS	APPID=application_1787789537682_0004	CONTAINERID=container_1787789537682_0004_01_000001
2026-08-26 19:05:29,215 INFO org.apache.hadoop.yarn.server.resourcemanager.scheduler.SchedulerNode: Released container container_1787789537682_0004_01_000001 of capacity <memory:2048, vCores:1> on host ubuntu:33501, which currently has 0 containers, <memory:0, vCores:0> used and <memory:8192, vCores:8> available, release resources=true
2026-08-26 19:05:29,215 INFO org.apache.hadoop.yarn.server.resourcemanager.scheduler.capacity.LeafQueue: default used=<memory:0, vCores:0> numContainers=0 user=user user-resources=<memory:0, vCores:0>
2026-08-26 19:05:29,216 INFO org.apache.hadoop.yarn.server.resourcemanager.scheduler.capacity.LeafQueue: completedContainer container=Container: [ContainerId: container_1787789537682_0004_01_000001, NodeId: ubuntu:33501, NodeHttpAddress: ubuntu:8042, Resource: <memory:2048, vCores:1>, Priority: 0, Token: Token { kind: ContainerToken, service: 127.0.1.1:33501 }, ] queue=default: capacity=1.0, absoluteCapacity=1.0, usedResources=<memory:0, vCores:0>, usedCapacity=0.0, absoluteUsedCapacity=0.0, numApps=1, numContainers=0 cluster=<memory:8192, vCores:8>
2026-08-26 19:05:29,216 INFO org.apache.hadoop.yarn.server.resourcemanager.scheduler.capacity.ParentQueue: completedContainer queue=root usedCapacity=0.0 absoluteUsedCapacity=0.0 used=<memory:0, vCores:0> cluster=<memory:8192, vCores:8>
2026-08-26 19:05:29,216 INFO org.apache.hadoop.yarn.server.resourcemanager.scheduler.capacity.ParentQueue: Re-sorting completed queue: root.default stats: default: capacity=1.0, absoluteCapacity=1.0, usedResources=<memory:0, vCores:0>, usedCapacity=0.0, absoluteUsedCapacity=0.0, numApps=1, numContainers=0
2026-08-26 19:05:29,216 INFO org.apache.hadoop.yarn.server.resourcemanager.scheduler.capacity.CapacityScheduler: Application attempt appattempt_1787789537682_0004_000001 released container container_1787789537682_0004_01_000001 on node: host: ubuntu:33501 #containers=0 available=8192 used=0 with event: FINISHED
2026-08-26 19:05:29,216 INFO org.apache.hadoop.yarn.server.resourcemanager.ApplicationMasterService: Unregistering app attempt : appattempt_1787789537682_0004_000001
2026-08-26 19:05:29,221 INFO org.apache.hadoop.yarn.server.resourcemanager.rmapp.attempt.RMAppAttemptImpl: appattempt_1787789537682_0004_000001 State change from FINISHING to FINISHED
2026-08-26 19:05:29,221 INFO org.apache.hadoop.yarn.server.resourcemanager.rmapp.RMAppImpl: application_1787789537682_0004 State change from FINISHING to FINISHED
2026-08-26 19:05:29,221 INFO org.apache.hadoop.yarn.server.resourcemanager.RMAuditLogger: USER=user	OPERATION=Application Finished - Succeeded	TARGET=RMAppManager	RESULT=SUCCESS	APPID=application_1787789537682_0004
2026-08-26 19:05:29,221 INFO org.apache.hadoop.yarn.server.resourcemanager.RMAppManager$ApplicationSummary: appId=application_1787789537682_0004,name=Seoul Vacant Space Job1,user=user,queue=default,state=FINISHED,trackingUrl=http://ubuntu:8088/proxy/application_1787789537682_0004/jobhistory/job/job_1787789537682_0004,appMasterHost=ubuntu,startTime=1787796298131,finishTime=1787796322458,finalStatus=SUCCEEDED
2026-08-26 19:05:29,221 INFO org.apache.hadoop.yarn.server.resourcemanager.scheduler.capacity.CapacityScheduler: Application Attempt appattempt_1787789537682_0004_000001 is done. finalState=FINISHED
2026-08-26 19:05:29,221 INFO org.apache.hadoop.yarn.server.resourcemanager.scheduler.AppSchedulingInfo: Application application_1787789537682_0004 requests cleared
2026-08-26 19:05:29,221 INFO org.apache.hadoop.yarn.server.resourcemanager.scheduler.capacity.LeafQueue: Application removed - appId: application_1787789537682_0004 user: user queue: default #user-pending-applications: 0 #user-active-applications: 0 #queue-pending-applications: 0 #queue-active-applications: 0
2026-08-26 19:05:29,221 INFO org.apache.hadoop.yarn.server.resourcemanager.scheduler.capacity.ParentQueue: Application removed - appId: application_1787789537682_0004 user: user leaf-queue of parent: root #applications: 0
2026-08-26 19:05:29,223 INFO org.apache.hadoop.yarn.server.resourcemanager.amlauncher.AMLauncher: Cleaning master appattempt_1787789537682_0004_000001
